fight_id,event_id,bout,url
8362,747,Carlos Ulberg vs. Dominick Reyes,http://ufcstats.com/fight-details/a3ee907c77544cde
8361,747,Jimmy Crute vs. Ivan Erslan,http://ufcstats.com/fight-details/f5fb8b182020c59d
8360,747,Jack Jenkins vs. Ramon Taveras,http://ufcstats.com/fight-details/38248c5d13f273e6
8359,747,Neil Magny vs. Jake Matthews,http://ufcstats.com/fight-details/1ff24d5f760e0491
8358,747,Tom Nolan vs. Charlie Campbell,http://ufcstats.com/fight-details/8abad36b4c5e4070
8357,747,Navajo Stirling vs. Rodolfo Bellato,http://ufcstats.com/fight-details/dc31d3260dea7dcf
8356,747,Cam Rowston vs. Andre Petroski,http://ufcstats.com/fight-details/93a0a19c2c1cfe66
8355,747,Jamie Mullarkey vs. Rolando Bedoya,http://ufcstats.com/fight-details/e2dc4fb7b5c0ce76
8354,747,Colby Thicknesse vs. Josias Musasa,http://ufcstats.com/fight-details/81127436605d3c88
8353,747,Michelle Montague vs. Luana Carolina,http://ufcstats.com/fight-details/44cd8c9f622e155f
8352,747,Brando Pericic vs. Elisha Ellison,http://ufcstats.com/fight-details/140937779a2466a7
8351,747,Alexia Thainara vs. Loma Lookboonmee,http://ufcstats.com/fight-details/e35f7504d83b8b07
8350,746,Diego Lopes vs. Jean Silva,http://ufcstats.com/fight-details/de1a3734be60e6a1
8349,746,David Martinez vs. Rob Font,http://ufcstats.com/fight-details/944b929130b23c2a
8348,746,Rafa Garcia vs. Jared Gordon,http://ufcstats.com/fight-details/7cbfeba85f86d1bf
8347,746,Kelvin Gastelum vs. Dustin Stoltzfus,http://ufcstats.com/fight-details/114d2f6fcd3f6f00
8346,746,Alexander Hernandez vs. Diego Ferreira,http://ufcstats.com/fight-details/202c47db69768356
8345,746,Santiago Luna vs. Quang Le,http://ufcstats.com/fight-details/8a884a7930d75ca9
8344,746,Dusko Todorovic vs. Jose Daniel Medina,http://ufcstats.com/fight-details/07a378b257aad5a9
8343,746,Joaquim Silva vs. Claudio Puelles,http://ufcstats.com/fight-details/352839a03b428e74
8342,746,Tatiana Suarez vs. Amanda Lemos,http://ufcstats.com/fight-details/9474f64347aade7a
8341,746,Jesus Aguilar vs. Luis Gurule,http://ufcstats.com/fight-details/3dc1a6335d890650
8340,746,Zachary Reese vs. Sedriques Dumas,http://ufcstats.com/fight-details/d822ebc7dbc6c259
8339,746,Alden Coria vs. Alessandro Costa,http://ufcstats.com/fight-details/a1e193425e716b42
8338,746,Montse Rendon vs. Alice Pereira,http://ufcstats.com/fight-details/c4a6174b0698652e
8337,746,Daniil Donchenko vs. Rodrigo Sezinando,http://ufcstats.com/fight-details/3dd2fde7bff79c51
8336,745,Nassourdine Imavov vs. Caio Borralho,http://ufcstats.com/fight-details/5bcd8abf6da01dae
8335,745,Benoit Saint Denis vs. Mauricio Ruffy,http://ufcstats.com/fight-details/d14fea43712707f0
8334,745,Modestas Bukauskas vs. Paul Craig,http://ufcstats.com/fight-details/0149e875b31e57f8
8333,745,Mason Jones vs. Bolaji Oki,http://ufcstats.com/fight-details/69b31593175f77ec
8332,745,Axel Sola vs. Rhys McKee,http://ufcstats.com/fight-details/a47123ae6e048f11
8331,745,William Gomis vs. Robert Ruchala,http://ufcstats.com/fight-details/b53031bf4bd0a330
8330,745,Oumar Sy vs. Brendson Ribeiro,http://ufcstats.com/fight-details/4080b4310d82b42d
8329,745,Ante Delija vs. Marcin Tybura,http://ufcstats.com/fight-details/23dbe713c4294c66
8328,745,Kaue Fernandes vs. Harry Hardwick,http://ufcstats.com/fight-details/5cd2dd6075fadcce
8327,745,Sam Patterson vs. Trey Waters,http://ufcstats.com/fight-details/420211200a35c1d1
8326,745,Robert Bryczek vs. Brad Tavares,http://ufcstats.com/fight-details/b3253e2c2d111030
8325,745,Rinat Fakhretdinov vs. Andreas Gustafsson,http://ufcstats.com/fight-details/d56a59a4c79cf515
8324,745,Sam Hughes vs. Shauna Bannon,http://ufcstats.com/fight-details/a38010639e61885c
8323,744,Johnny Walker vs. Zhang Mingyang,http://ufcstats.com/fight-details/2eecf0c36192e40c
8322,744,Aljamain Sterling vs. Brian Ortega,http://ufcstats.com/fight-details/58080e8989927500
8321,744,Sergei Pavlovich vs. Waldo Cortes-Acosta,http://ufcstats.com/fight-details/5538d15c4eeac3b3
8320,744,Sumudaerji vs. Kevin Borjas,http://ufcstats.com/fight-details/ce6bd165bef82bd7
8319,744,Taiyilake Nueraji vs. Kiefer Crosbie,http://ufcstats.com/fight-details/1452c20d964c0a63
8318,744,Gauge Young vs. Maheshate,http://ufcstats.com/fight-details/0b1460c666e66d39
8317,744,Charles Johnson vs. Lone'er Kavanagh,http://ufcstats.com/fight-details/1ab1ed99a4bc5494
8316,744,Rongzhu vs. Austin Hubbard,http://ufcstats.com/fight-details/f55749e32ce5c6f3
8315,744,Kyle Daukaus vs. Michel Pereira,http://ufcstats.com/fight-details/130e622d4d2aee3e
8314,744,Yizha vs. Westin Wilson,http://ufcstats.com/fight-details/f0b7caa90faf47e5
8313,744,SuYoung You vs. Xiao Long,http://ufcstats.com/fight-details/2f6065fe0804d1d8
8312,744,Uran Satybaldiev vs. Diyar Nurgozhay,http://ufcstats.com/fight-details/7fc5f1dc2df84ac7
8311,743,Khamzat Chimaev vs. Dricus Du Plessis,http://ufcstats.com/fight-details/12cedec11b37ddc0
8310,743,Lerone Murphy vs. Aaron Pico,http://ufcstats.com/fight-details/9fa6a029f7f8241c
8309,743,Carlos Prates vs. Geoff Neal,http://ufcstats.com/fight-details/42585ce706c086de
8308,743,Michael Page vs. Jared Cannonier,http://ufcstats.com/fight-details/9939d7073462e07e
8307,743,Tim Elliott vs. Kai Asakura,http://ufcstats.com/fight-details/82338ba457fbe87f
8306,743,Baisangur Susurkaev vs. Eric Nolan,http://ufcstats.com/fight-details/5efd13a12be06706
8305,743,Michal Oleksiejczuk vs. Gerald Meerschaert,http://ufcstats.com/fight-details/5b880d10b0ed7acc
8304,743,Loopy Godinez vs. Jessica Andrade,http://ufcstats.com/fight-details/a2eafd9e1d5031b1
8303,743,Alexander Hernandez vs. Chase Hooper,http://ufcstats.com/fight-details/1d8dc0fb5d47357f
8302,743,Drakkar Klose vs. Edson Barboza,http://ufcstats.com/fight-details/bc63f1b2e52f603e
8301,743,Karine Silva vs. Dione Barbosa,http://ufcstats.com/fight-details/88020d22cf905792
8300,743,Joseph Morales vs. Alibi Idiris,http://ufcstats.com/fight-details/68c423c7119004f3
8299,742,Anthony Hernandez vs. Roman Dolidze,http://ufcstats.com/fight-details/68fe62bac7fd8bb0
8298,742,Steve Erceg vs. Ode Osbourne,http://ufcstats.com/fight-details/37d58369782cb86b
8297,742,Iasmin Lucindo vs. Angela Hill,http://ufcstats.com/fight-details/646c79a7ecd12e5f
8296,742,Andre Fili vs. Christian Rodriguez,http://ufcstats.com/fight-details/98d6771af9b0ebe5
8295,742,Jean Matsumoto vs. Miles Johns,http://ufcstats.com/fight-details/ed5383b50ffcdded
8294,742,Christian Leroy Duncan vs. Eryk Anders,http://ufcstats.com/fight-details/75a84211f50c53f5
8293,742,Julius Walker vs. Rafael Cerqueira,http://ufcstats.com/fight-details/3d6571790c21527c
8292,742,Elijah Smith vs. Toshiomi Kazama,http://ufcstats.com/fight-details/ae7a8f19743e8154
8291,742,Joselyne Edwards vs. Priscila Cachoeira,http://ufcstats.com/fight-details/aef44145740741b3
8290,742,Uros Medic vs. Gilbert Urbina,http://ufcstats.com/fight-details/7d923267c44dd93b
8289,742,Gabriella Fernandes vs. Julija Stoliarenko,http://ufcstats.com/fight-details/6ef50ed03b116b60
8288,742,Eric McConico vs. Cody Brundage,http://ufcstats.com/fight-details/857e8facd8ff7c36
8287,741,Tatsuro Taira vs. HyunSung Park,http://ufcstats.com/fight-details/282c8c6c1ed82bfb
8286,741,Chris Duncan vs. Mateusz Rebecki,http://ufcstats.com/fight-details/426a69e343822ab3
8285,741,Esteban Ribovics vs. Elves Brener,http://ufcstats.com/fight-details/878941394f9e3538
8284,741,Karol Rosa vs. Nora Cornolle,http://ufcstats.com/fight-details/c62ed8a6002b5360
8283,741,Neil Magny vs. Elizeu Zaleski dos Santos,http://ufcstats.com/fight-details/ac57250e3de89d5d
8282,741,Kevin Vallejos vs. Danny Silva,http://ufcstats.com/fight-details/111e66eb922449e4
8281,741,Rinya Nakamura vs. Nathan Fletcher,http://ufcstats.com/fight-details/eeeffa7f514e0c0e
8280,741,Rodolfo Vieira vs. Tresean Gore,http://ufcstats.com/fight-details/45781930d64da456
8279,741,Andrey Pulyaev vs. Nick Klein,http://ufcstats.com/fight-details/b3c695728e177fd4
8278,741,Austin Bashi vs. John Yannis,http://ufcstats.com/fight-details/07c2af68b6dbc4ec
8277,741,Rafael Estevam vs. Felipe Bunes,http://ufcstats.com/fight-details/b47db03affb279c3
8276,741,Piera Rodriguez vs. Ketlen Souza,http://ufcstats.com/fight-details/d98d6b2c13557a87
8275,740,Reinier de Ridder vs. Robert Whittaker,http://ufcstats.com/fight-details/6b8be0ee3e569ad2
8274,740,Petr Yan vs. Marcus McGhee,http://ufcstats.com/fight-details/d4d4ee045b0ca695
8273,740,Shara Magomedov vs. Marc-Andre Barriault,http://ufcstats.com/fight-details/582d66ce97309e29
8272,740,Asu Almabayev vs. Jose Ochoa,http://ufcstats.com/fight-details/887c61da1a78a5e1
8271,740,Bogdan Guskov vs. Nikita Krylov,http://ufcstats.com/fight-details/77f960d82cda0b76
8270,740,Bryce Mitchell vs. Said Nurmagomedov,http://ufcstats.com/fight-details/e72c691b7c68b03a
8269,740,Muslim Salikhov vs. Carlos Leal,http://ufcstats.com/fight-details/7c075e3383198e14
8268,740,Davey Grant vs. Da'Mon Blackshear,http://ufcstats.com/fight-details/017a825c7820d12e
8267,740,Tabatha Ricci vs. Amanda Ribas,http://ufcstats.com/fight-details/3e6067763978d862
8266,740,Billy Elekana vs. Ibo Aslan,http://ufcstats.com/fight-details/f9dac7702609669f
8265,740,Steven Nguyen vs. Mohammad Yahya,http://ufcstats.com/fight-details/23ddf51ce630028d
8264,740,Martin Buday vs. Marcus Buchecha,http://ufcstats.com/fight-details/0a598768f5c8d540
8263,739,Max Holloway vs. Dustin Poirier,http://ufcstats.com/fight-details/d7507e2741fd4d05
8262,739,Paulo Costa vs. Roman Kopylov,http://ufcstats.com/fight-details/23c963be9de38205
8261,739,Daniel Rodriguez vs. Kevin Holland,http://ufcstats.com/fight-details/5dde61734080ac4a
8260,739,Patricio Freire vs. Dan Ige,http://ufcstats.com/fight-details/acc961fd5cf5c62e
8259,739,Michael Johnson vs. Daniel Zellhuber,http://ufcstats.com/fight-details/a95b03e9b5a91e47
8258,739,Vinicius Oliveira vs. Kyler Phillips,http://ufcstats.com/fight-details/d2cb92fdf6a497e9
8257,739,Brendan Allen vs. Marvin Vettori,http://ufcstats.com/fight-details/8e1feda9141602f1
8256,739,Nikolay Veretennikov vs. Francisco Prado,http://ufcstats.com/fight-details/df2ed8b509fbdbdc
8255,739,Ateba Gautier vs. Robert Valentin,http://ufcstats.com/fight-details/72e477b41f44e358
8254,739,Islam Dulatov vs. Adam Fugitt,http://ufcstats.com/fight-details/37bc72d5d211b189
8253,739,Jimmy Crute vs. Marcin Prachnio,http://ufcstats.com/fight-details/798652dbea086910
8252,739,Ryan Spann vs. Lukasz Brzeski,http://ufcstats.com/fight-details/182ee320edb1b5ed
8251,739,Brunno Ferreira vs. Jackson McVey,http://ufcstats.com/fight-details/74099d470e8d2765
8250,739,Carli Judice vs. Nicolle Caliari,http://ufcstats.com/fight-details/a602c68147b752b2
8249,738,Derrick Lewis vs. Tallison Teixeira,http://ufcstats.com/fight-details/0adfc21045c02555
8248,738,Gabriel Bonfim vs. Stephen Thompson,http://ufcstats.com/fight-details/2a03bc4c491b4c9a
8247,738,Steve Garcia vs. Calvin Kattar,http://ufcstats.com/fight-details/f368475c366c6d85
8246,738,Morgan Charriere vs. Nate Landwehr,http://ufcstats.com/fight-details/4e5d4a36eaaa3a78
8245,738,Vitor Petrino vs. Austen Lane,http://ufcstats.com/fight-details/4b75d3b7738cb278
8244,738,Tuco Tokkos vs. Junior Tafa,http://ufcstats.com/fight-details/b19bf99c7eb796bc
8243,738,Chris Curtis vs. Max Griffin,http://ufcstats.com/fight-details/236f811290163dca
8242,738,Jake Matthews vs. Chidi Njokuani,http://ufcstats.com/fight-details/d5e3be7a07c48b08
8241,738,Eduarda Moura vs. Lauren Murphy,http://ufcstats.com/fight-details/46bc1338a50cbeac
8240,738,Valter Walker vs. Kennedy Nzechukwu,http://ufcstats.com/fight-details/5c650ae2193ab1bc
8239,738,Mike Davis vs. Mitch Ramirez,http://ufcstats.com/fight-details/7f33fbdc35afd721
8238,738,Fatima Kline vs. Melissa Martinez,http://ufcstats.com/fight-details/120d66cb0da0f3c3
8237,737,Ilia Topuria vs. Charles Oliveira,http://ufcstats.com/fight-details/7a64d63e12618ba7
8236,737,Alexandre Pantoja vs. Kai Kara-France,http://ufcstats.com/fight-details/8308464729ea7c40
8235,737,Joshua Van vs. Brandon Royval,http://ufcstats.com/fight-details/f722b96ae6862843
8234,737,Beneil Dariush vs. Renato Moicano,http://ufcstats.com/fight-details/1ea9ad3b6e1cba79
8233,737,Payton Talbott vs. Felipe Lima,http://ufcstats.com/fight-details/f6a3c78f15ff26c7
8232,737,Gregory Rodrigues vs. Jack Hermansson,http://ufcstats.com/fight-details/958522de54ccc536
8231,737,Jose Delgado vs. Hyder Amil,http://ufcstats.com/fight-details/2f523b757f7f33a2
8230,737,Tracy Cortez vs. Viviane Araujo,http://ufcstats.com/fight-details/815ff62ca8e217be
8229,737,Terrance McKinney vs. Viacheslav Borshchev,http://ufcstats.com/fight-details/d7be78c400e7e0f9
8228,737,Jacobe Smith vs. Niko Price,http://ufcstats.com/fight-details/9bff9fe298e63357
8227,737,Jhonata Diniz vs. Alvin Hines,http://ufcstats.com/fight-details/043172689e415438
8226,736,Khalil Rountree Jr. vs. Jamahal Hill,http://ufcstats.com/fight-details/03bc32bdb5a33496
8225,736,Rafael Fiziev vs. Ignacio Bahamondes,http://ufcstats.com/fight-details/a1afc16e21d1a807
8224,736,Curtis Blaydes vs. Rizvan Kuniev,http://ufcstats.com/fight-details/8e5744c664fec3e9
8223,736,Myktybek Orolbai vs. Tofiq Musayev,http://ufcstats.com/fight-details/36ec204f47e4d613
8222,736,Nazim Sadykhov vs. Nikolas Motta,http://ufcstats.com/fight-details/7513a00037094075
8221,736,Muhammad Naimov vs. Bogdan Grad,http://ufcstats.com/fight-details/19764211af05674c
8220,736,Seokhyeon Ko vs. Oban Elliott,http://ufcstats.com/fight-details/e512b80bbaea36c2
8219,736,JunYong Park vs. Ismail Naurdiev,http://ufcstats.com/fight-details/5fcf18bcd2a020f1
8218,736,Daria Zhelezniakova vs. Melissa Mullins,http://ufcstats.com/fight-details/fff3218758c513b8
8217,736,Klaudia Sygula vs. Irina Alekseeva,http://ufcstats.com/fight-details/2bfc0212f2cae65b
8216,736,Tagir Ulanbekov vs. Azat Maksum,http://ufcstats.com/fight-details/8c140756bf43dcc2
8215,736,Mohammed Usman vs. Hamdy Abdelwahab,http://ufcstats.com/fight-details/a12d3a6c8aaf87ca
8214,735,Kamaru Usman vs. Joaquin Buckley,http://ufcstats.com/fight-details/d75b3d3c2b209b75
8213,735,Rose Namajunas vs. Miranda Maverick,http://ufcstats.com/fight-details/79dfbbdd14fbbd11
8212,735,Edmen Shahbazyan vs. Andre Petroski,http://ufcstats.com/fight-details/e5bd7e6e2a50a843
8211,735,Raoni Barcelos vs. Cody Garbrandt,http://ufcstats.com/fight-details/1714950933f88ab9
8210,735,Mansur Abdul-Malik vs. Cody Brundage,http://ufcstats.com/fight-details/08c04f18b0f58d71
8209,735,Alonzo Menifield vs. Oumar Sy,http://ufcstats.com/fight-details/ec2034b134ae71cd
8208,735,Paul Craig vs. Rodolfo Bellato,http://ufcstats.com/fight-details/13e2ff8b3a122094
8207,735,Michael Chiesa vs. Court McGee,http://ufcstats.com/fight-details/e861e9cc0118c670
8206,735,Malcolm Wellmaker vs. Kris Moutinho,http://ufcstats.com/fight-details/f6454f2e508626ec
8205,735,Jose Ochoa vs. Cody Durden,http://ufcstats.com/fight-details/b39b8ff0d7de211a
8204,735,Ricky Simon vs. Cameron Smotherman,http://ufcstats.com/fight-details/59c4fdb3c0673066
8203,735,Phil Rowe vs. Ange Loosa,http://ufcstats.com/fight-details/2ae7404681deb3b3
8202,735,Jamey-Lyn Horth vs. Vanessa Demopoulos,http://ufcstats.com/fight-details/ab325ea526824723
8201,734,Merab Dvalishvili vs. Sean O'Malley,http://ufcstats.com/fight-details/e61d83e4e1f9c4d7
8200,734,Kayla Harrison vs. Julianna Pena,http://ufcstats.com/fight-details/81b84b34f0357fa5
8199,734,Joe Pyfer vs. Kelvin Gastelum,http://ufcstats.com/fight-details/e28e829800466aca
8198,734,Mario Bautista vs. Patchy Mix,http://ufcstats.com/fight-details/df5dac45fc585fb0
8197,734,Kevin Holland vs. Vicente Luque,http://ufcstats.com/fight-details/2129acab2280bd29
8196,734,Joshua Van vs. Bruno Silva,http://ufcstats.com/fight-details/b6a87389bdc36a00
8195,734,Azamat Murzakanov vs. Brendson Ribeiro,http://ufcstats.com/fight-details/01100a90b584215d
8194,734,Waldo Cortes-Acosta vs. Serghei Spivac,http://ufcstats.com/fight-details/ac977a0389682124
8193,734,Andreas Gustafsson vs. Khaos Williams,http://ufcstats.com/fight-details/f0488a4486a64af0
8192,734,Wang Cong vs. Ariane da Silva,http://ufcstats.com/fight-details/d078e9046aa86307
8191,734,JooSang Yoo vs. Jeka Saragih,http://ufcstats.com/fight-details/9f4a0de31375ba04
8190,734,Quillan Salkilld vs. Yanal Ashmouz,http://ufcstats.com/fight-details/2e4064e0e6d4d92e
8189,734,MarQuel Mederos vs. Mark Choinski,http://ufcstats.com/fight-details/0e8599eca8ccfa32
8188,733,Mateusz Gamrot vs. Ludovit Klein,http://ufcstats.com/fight-details/212527d462690304
8187,733,Ramiz Brahimaj vs. Billy Ray Goff,http://ufcstats.com/fight-details/305d8c85b35a7d4e
8186,733,Dustin Jacoby vs. Bruno Lopes,http://ufcstats.com/fight-details/7aaa810540132a4b
8185,733,Ketlen Vieira vs. Macy Chiasson,http://ufcstats.com/fight-details/106918bfbe24335d
8184,733,Zachary Reese vs. Dusko Todorovic,http://ufcstats.com/fight-details/ad68450307a21ab1
8183,733,Allan Nascimento vs. Jafel Filho,http://ufcstats.com/fight-details/baa2ee0bf7f97079
8182,733,Jordan Leavitt vs. Kurt Holobaugh,http://ufcstats.com/fight-details/2521fed000747f47
8181,733,Bolaji Oki vs. Michael Aswell,http://ufcstats.com/fight-details/ae89ba793121fe0c
8180,733,Alice Ardelean vs. Rayanne dos Santos,http://ufcstats.com/fight-details/73240bea13ed5e71
8179,732,Michael Morales vs. Gilbert Burns,http://ufcstats.com/fight-details/a81ad236a2f221f2
8178,732,Mairon Santos vs. Sodiq Yusuff,http://ufcstats.com/fight-details/dcb27eef6441268c
8177,732,Nursulton Ruziboev vs. Dustin Stoltzfus,http://ufcstats.com/fight-details/b3044bf646306e7f
8176,732,Melquizael Costa vs. Julian Erosa,http://ufcstats.com/fight-details/fe2acfdaaaec3dba
8175,732,Gabe Green vs. Matheus Camilo,http://ufcstats.com/fight-details/a9a6cca4bbf7a5db
8174,732,Jared Gordon vs. Thiago Moises,http://ufcstats.com/fight-details/8ba31cf0b3164b72
8173,732,Yadier del Valle vs. Connor Matthews,http://ufcstats.com/fight-details/d6e2bc6e6c0cc4fe
8172,732,Luana Santos vs. Tainara Lisboa,http://ufcstats.com/fight-details/f75fe8b384b0db11
8171,732,Denise Gomes vs. Elise Reed,http://ufcstats.com/fight-details/66887532be2de5ee
8170,732,HyunSung Park vs. Carlos Hernandez,http://ufcstats.com/fight-details/18a7dc86279066f8
8169,732,Tecia Pennington vs. Luana Pinheiro,http://ufcstats.com/fight-details/afdd95ae7b7cdb0c
8168,731,Jack Della Maddalena vs. Belal Muhammad,http://ufcstats.com/fight-details/b873c116e39c9920
8167,731,Valentina Shevchenko vs. Manon Fiorot,http://ufcstats.com/fight-details/9e9d1764a015f313
8166,731,Aiemann Zahabi vs. Jose Aldo,http://ufcstats.com/fight-details/891b2faf1bff38ee
8165,731,Natalia Silva vs. Alexa Grasso,http://ufcstats.com/fight-details/0f53eb509d0ffeb9
8164,731,Benoit Saint Denis vs. Kyle Prepolec,http://ufcstats.com/fight-details/c7190cd03e53fb61
8163,731,Mike Malott vs. Charles Radtke,http://ufcstats.com/fight-details/2521234a4bf7c615
8162,731,Jasmine Jasudavicius vs. Jessica Andrade,http://ufcstats.com/fight-details/4db2d86ebe8c8abd
8161,731,Modestas Bukauskas vs. Ion Cutelaba,http://ufcstats.com/fight-details/c812457a810dde39
8160,731,Navajo Stirling vs. Ivan Erslan,http://ufcstats.com/fight-details/99aa1f28e22bb6dd
8159,731,Marc-Andre Barriault vs. Bruno Silva,http://ufcstats.com/fight-details/6ecfa439ef900bcc
8158,731,Daniel Santos vs. JeongYeong Lee,http://ufcstats.com/fight-details/0e0a4282cd6c86d7
8157,731,Bekzat Almakhan vs. Brad Katona,http://ufcstats.com/fight-details/c20bd12ae7f04eff
8156,730,Cory Sandhagen vs. Deiveson Figueiredo,http://ufcstats.com/fight-details/9b3bade95e1dd484
8155,730,Reinier de Ridder vs. Bo Nickal,http://ufcstats.com/fight-details/380242601a2c5991
8154,730,Daniel Rodriguez vs. Santiago Ponzinibbio,http://ufcstats.com/fight-details/191ee545160a4e09
8153,730,Montel Jackson vs. Daniel Marcos,http://ufcstats.com/fight-details/5ce29056e0cd2df9
8152,730,Serhiy Sidey vs. Cameron Smotherman,http://ufcstats.com/fight-details/6ccd10adc968e1f0
8151,730,Mason Jones vs. Jeremy Stephens,http://ufcstats.com/fight-details/9039959b41901412
8150,730,Yana Santos vs. Miesha Tate,http://ufcstats.com/fight-details/2707dc2245335cc1
8149,730,Azamat Bekoev vs. Ryan Loder,http://ufcstats.com/fight-details/77ed474dfc5359ea
8148,730,Gillian Robertson vs. Marina Rodriguez,http://ufcstats.com/fight-details/6e26a6293ea6ba62
8147,730,Quang Le vs. Gaston Bolanos,http://ufcstats.com/fight-details/97b32ff27fd457a8
8146,730,Thomas Petersen vs. Don'Tale Mayes,http://ufcstats.com/fight-details/c445401709421fa4
8145,730,Juliana Miller vs. Ivana Petrovic,http://ufcstats.com/fight-details/469f887278324e63
8144,729,Ian Machado Garry vs. Carlos Prates,http://ufcstats.com/fight-details/633f4b5ec767769d
8143,729,Zhang Mingyang vs. Anthony Smith,http://ufcstats.com/fight-details/a526a72ade275f46
8142,729,David Onama vs. Giga Chikadze,http://ufcstats.com/fight-details/4072abf0b0c179f2
8141,729,Abus Magomedov vs. Michel Pereira,http://ufcstats.com/fight-details/9bbd45774fb4a6eb
8140,729,Randy Brown vs. Nicolas Dalby,http://ufcstats.com/fight-details/fbf83609dc96f32e
8139,729,Ikram Aliskerov vs. Andre Muniz,http://ufcstats.com/fight-details/62fbdd4f0bcd3c2a
8138,729,Matt Schnell vs. Jimmy Flick,http://ufcstats.com/fight-details/d8d22dcc1f6912e7
8137,729,Evan Elder vs. Gauge Young,http://ufcstats.com/fight-details/97770b38df67b276
8136,729,Chris Gutierrez vs. John Castaneda,http://ufcstats.com/fight-details/6f3cb7ce84185dd3
8135,729,Da'Mon Blackshear vs. Alatengheili,http://ufcstats.com/fight-details/7d51649373d42571
8134,729,Malcolm Wellmaker vs. Cameron Saaiman,http://ufcstats.com/fight-details/c2c20a04a78d9143
8133,729,Jaqueline Amorim vs. Polyana Viana,http://ufcstats.com/fight-details/e7b3ca036835b7c2
8132,729,Timmy Cuamba vs. Roberto Romero,http://ufcstats.com/fight-details/23201d09a78d446d
8131,729,Joselyne Edwards vs. Chelsea Chandler,http://ufcstats.com/fight-details/7fd6770fe2d4f258
8130,728,Alexander Volkanovski vs. Diego Lopes,http://ufcstats.com/fight-details/e733f148060bef2a
8129,728,Paddy Pimblett vs. Michael Chandler,http://ufcstats.com/fight-details/d05cb4c4135ce402
8128,728,Yair Rodriguez vs. Patricio Freire,http://ufcstats.com/fight-details/d3be5a4e0ec273e2
8127,728,Jean Silva vs. Bryce Mitchell,http://ufcstats.com/fight-details/8c540eb4afe8c43e
8126,728,Dominick Reyes vs. Nikita Krylov,http://ufcstats.com/fight-details/b2d731415bd367df
8125,728,Dan Ige vs. Sean Woodson,http://ufcstats.com/fight-details/fc43d60cbd6b0e6a
8124,728,Virna Jandiroba vs. Yan Xiaonan,http://ufcstats.com/fight-details/0eccebee160137b1
8123,728,Chase Hooper vs. Jim Miller,http://ufcstats.com/fight-details/11eb27a1ac74d225
8122,728,Julian Erosa vs. Darren Elkins,http://ufcstats.com/fight-details/08e7a39eb7482ebf
8121,728,Michal Oleksiejczuk vs. Sedriques Dumas,http://ufcstats.com/fight-details/4bbda6c1f6cf9d4e
8120,728,Sumudaerji vs. Mitch Raposo,http://ufcstats.com/fight-details/fd98843926965cbd
8119,728,Marco Tulio vs. Tresean Gore,http://ufcstats.com/fight-details/b87d6f71d901355b
8118,728,Nora Cornolle vs. Hailey Cowan,http://ufcstats.com/fight-details/0e71e69359db4d1e
8117,727,Lerone Murphy vs. Josh Emmett,http://ufcstats.com/fight-details/86a1be10255eea4e
8116,727,Pat Sabatini vs. Joanderson Brito,http://ufcstats.com/fight-details/a160e94fdb66de17
8115,727,ChangHo Lee vs. Cortavious Romious,http://ufcstats.com/fight-details/fc3825dd1b67e39d
8114,727,Brad Tavares vs. Gerald Meerschaert,http://ufcstats.com/fight-details/0c80eef2f4570543
8113,727,Ode Osbourne vs. Luis Gurule,http://ufcstats.com/fight-details/de9422207df2de64
8112,727,Torrez Finney vs. Robert Valentin,http://ufcstats.com/fight-details/d1368ca941c1fefc
8111,727,Dione Barbosa vs. Diana Belbita,http://ufcstats.com/fight-details/76641669c1607b7a
8110,727,Rhys McKee vs. Daniel Frunza,http://ufcstats.com/fight-details/58811a4e36c53b89
8109,727,Loma Lookboonmee vs. Istela Nunes,http://ufcstats.com/fight-details/fd088ce1481315a5
8108,727,Victor Henry vs. Pedro Falcao,http://ufcstats.com/fight-details/4b1aec2395ebca14
8107,727,Martin Buday vs. Uran Satybaldiev,http://ufcstats.com/fight-details/96cc199d78732d11
8106,727,Talita Alencar vs. Vanessa Demopoulos,http://ufcstats.com/fight-details/cca4d763b1c6de0a
8105,726,Brandon Moreno vs. Steve Erceg,http://ufcstats.com/fight-details/33e301872e2b5680
8104,726,Manuel Torres vs. Drew Dober,http://ufcstats.com/fight-details/8fc8d66ad0074ab0
8103,726,Edgar Chairez vs. CJ Vergara,http://ufcstats.com/fight-details/ab4a91a59c01d6b6
8102,726,Raul Rosas Jr. vs. Vince Morales,http://ufcstats.com/fight-details/0f20c1d7c44fa5fe
8101,726,David Martinez vs. Saimon Oliveira,http://ufcstats.com/fight-details/55376d5c205fa844
8100,726,Kevin Borjas vs. Ronaldo Rodriguez,http://ufcstats.com/fight-details/5ba7dd466e30169f
8099,726,Ateba Gautier vs. Jose Daniel Medina,http://ufcstats.com/fight-details/64fe6e61a24dbf39
8098,726,Melquizael Costa vs. Christian Rodriguez,http://ufcstats.com/fight-details/41cdbcc0f3635b8f
8097,726,Loopy Godinez vs. Julia Polastri,http://ufcstats.com/fight-details/7efca050bc7be8ac
8096,726,Rafa Garcia vs. Vinc Pichel,http://ufcstats.com/fight-details/7e3fc760b26b6ae4
8095,726,Jamall Emmers vs. Gabriel Miranda,http://ufcstats.com/fight-details/e2e2537a345367d4
8094,726,MarQuel Mederos vs. Austin Hubbard,http://ufcstats.com/fight-details/9f66d450af690df5
8093,725,Sean Brady vs. Leon Edwards,http://ufcstats.com/fight-details/371ed8497799998e
8092,725,Carlos Ulberg vs. Jan Blachowicz,http://ufcstats.com/fight-details/6d9ea9f436ed354d
8091,725,Kevin Holland vs. Gunnar Nelson,http://ufcstats.com/fight-details/96c6be6b22385967
8090,725,Alexia Thainara vs. Molly McCann,http://ufcstats.com/fight-details/b5b4b69bccb9ff4a
8089,725,Chris Duncan vs. Jordan Vucenic,http://ufcstats.com/fight-details/8e6640c007ad603d
8088,725,Nathaniel Wood vs. Morgan Charriere,http://ufcstats.com/fight-details/9779eb1aae1d4654
8087,725,Chris Padilla vs. Jai Herbert,http://ufcstats.com/fight-details/2a1071689c3af9df
8086,725,Lone'er Kavanagh vs. Felipe dos Santos,http://ufcstats.com/fight-details/e5a88f5c686173c4
8085,725,Marcin Tybura vs. Mick Parkin,http://ufcstats.com/fight-details/dd229687cb62c871
8084,725,Christian Leroy Duncan vs. Andrey Pulyaev,http://ufcstats.com/fight-details/8af2b589d5e9c1ae
8083,725,Shauna Bannon vs. Puja Tomar,http://ufcstats.com/fight-details/a693622ad8c0d672
8082,725,Caolan Loughran vs. Nathan Fletcher,http://ufcstats.com/fight-details/1b02588149d126bf
8081,725,Kaue Fernandes vs. Guram Kutateladze,http://ufcstats.com/fight-details/265dbd9be8caa7de
8080,724,Roman Dolidze vs. Marvin Vettori,http://ufcstats.com/fight-details/67f7163e536d62e2
8079,724,Chidi Njokuani vs. Elizeu Zaleski dos Santos,http://ufcstats.com/fight-details/c83133ee114945ed
8078,724,Alexander Hernandez vs. Kurt Holobaugh,http://ufcstats.com/fight-details/d8f40b82364b6411
8077,724,Da'Mon Blackshear vs. Cody Gibson,http://ufcstats.com/fight-details/ab1aa23060d4e87b
8076,724,Brendson Ribeiro vs. Diyar Nurgozhay,http://ufcstats.com/fight-details/e56403718205b494
8075,724,Kevin Vallejos vs. SeungWoo Choi,http://ufcstats.com/fight-details/36db86c39ed09997
8074,724,Waldo Cortes-Acosta vs. Ryan Spann,http://ufcstats.com/fight-details/74bc22b367cca118
8073,724,SuYoung You vs. AJ Cunningham,http://ufcstats.com/fight-details/29d9c5a3f2b78903
8072,724,Carlos Vera vs. Josias Musasa,http://ufcstats.com/fight-details/cb3eb07b7152366e
8071,724,Sam Hughes vs. Stephanie Luciano,http://ufcstats.com/fight-details/5fa6543868367f4b
8070,724,Andre Lima vs. Daniel Barez,http://ufcstats.com/fight-details/5d8af316413ea2f7
8069,724,Priscila Cachoeira vs. Josiane Nunes,http://ufcstats.com/fight-details/1c62a7444808d97f
8068,724,Carli Judice vs. Yuneisy Duben,http://ufcstats.com/fight-details/a8f8245096eaf0cd
8067,723,Magomed Ankalaev vs. Alex Pereira,http://ufcstats.com/fight-details/9e05fe95a4fc63bc
8066,723,Justin Gaethje vs. Rafael Fiziev,http://ufcstats.com/fight-details/a2f31cf3a28a7730
8065,723,Ignacio Bahamondes vs. Jalin Turner,http://ufcstats.com/fight-details/a3cd6a65aaa9f104
8064,723,Amanda Lemos vs. Iasmin Lucindo,http://ufcstats.com/fight-details/79f1c9f97d83ec83
8063,723,Mauricio Ruffy vs. King Green,http://ufcstats.com/fight-details/231968c02cdfe65e
8062,723,Joshua Van vs. Rei Tsuruya,http://ufcstats.com/fight-details/af3e43049bc86fe9
8061,723,Brunno Ferreira vs. Armen Petrosyan,http://ufcstats.com/fight-details/e61cb905f6152183
8060,723,Carlos Leal vs. Alex Morono,http://ufcstats.com/fight-details/cab4937435d081d0
8059,723,Mairon Santos vs. Francis Marshall,http://ufcstats.com/fight-details/19fe7177254802d1
8058,723,Ozzy Diaz vs. Djorden Santos,http://ufcstats.com/fight-details/96c2f85b46e98e91
8057,722,Manel Kape vs. Asu Almabayev,http://ufcstats.com/fight-details/9d8a37f130db13e5
8056,722,Cody Brundage vs. Julian Marquez,http://ufcstats.com/fight-details/6bdf0756fb57aced
8055,722,Nasrat Haqparast vs. Esteban Ribovics,http://ufcstats.com/fight-details/061990783b9bdb36
8054,722,Hyder Amil vs. William Gomis,http://ufcstats.com/fight-details/0dfdc94c1da32e20
8053,722,Sam Patterson vs. Danny Barlow,http://ufcstats.com/fight-details/d6c3b730dc9f21a5
8052,722,Mario Pinto vs. Austen Lane,http://ufcstats.com/fight-details/a857acedb53ee959
8051,722,Chepe Mariscal vs. Ricardo Ramos,http://ufcstats.com/fight-details/dd1df7f5a54fd9fc
8050,722,Danny Silva vs. Lucas Almeida,http://ufcstats.com/fight-details/1de799f17556b501
8049,722,JJ Aldrich vs. Andrea Lee,http://ufcstats.com/fight-details/1ada4b9ee5810e0f
8048,722,Ramazan Temirov vs. Charles Johnson,http://ufcstats.com/fight-details/206b8c14546d71f1
8047,721,Song Yadong vs. Henry Cejudo,http://ufcstats.com/fight-details/b959e2c1d16ff832
8046,721,Anthony Hernandez vs. Brendan Allen,http://ufcstats.com/fight-details/0cdca4c22b8d3ab5
8045,721,Rob Font vs. Jean Matsumoto,http://ufcstats.com/fight-details/19c8092496e94b85
8044,721,Jean Silva vs. Melsik Baghdasaryan,http://ufcstats.com/fight-details/8ef7723b6a8b45e1
8043,721,Alonzo Menifield vs. Julius Walker,http://ufcstats.com/fight-details/c0d8a231d2f1d1af
8042,721,Ion Cutelaba vs. Ibo Aslan,http://ufcstats.com/fight-details/08763e87e10b9709
8041,721,Melquizael Costa vs. Andre Fili,http://ufcstats.com/fight-details/3ded9bfdfb75f39b
8040,721,Mansur Abdul-Malik vs. Nick Klein,http://ufcstats.com/fight-details/e011819e721c4a2a
8039,721,Ricky Simon vs. Javid Basharat,http://ufcstats.com/fight-details/bc6d70ab959dce70
8038,721,Austin Vanderford vs. Nikolay Veretennikov,http://ufcstats.com/fight-details/615f7f894bafad82
8037,721,Nursulton Ruziboev vs. Eric McConico,http://ufcstats.com/fight-details/e9dfc2f009a77a8d
8036,721,Modestas Bukauskas vs. Rafael Cerqueira,http://ufcstats.com/fight-details/b6475543ab6d20c9
8035,720,Jared Cannonier vs. Gregory Rodrigues,http://ufcstats.com/fight-details/365e2d891b98b86d
8034,720,Youssef Zalal vs. Calvin Kattar,http://ufcstats.com/fight-details/68913a422f548ccc
8033,720,Edmen Shahbazyan vs. Dylan Budka,http://ufcstats.com/fight-details/f5386c98fea7f5d4
8032,720,Nazim Sadykhov vs. Ismael Bonfim,http://ufcstats.com/fight-details/ce1436a9b58902a7
8031,720,Andre Petroski vs. Rodolfo Vieira,http://ufcstats.com/fight-details/875b249ebe45a66b
8030,720,Jose Delgado vs. Connor Matthews,http://ufcstats.com/fight-details/2a493f15e079a7ff
8029,720,Angela Hill vs. Ketlen Souza,http://ufcstats.com/fight-details/f4817d5cbe9be532
8028,720,Rafael Estevam vs. Jesus Aguilar,http://ufcstats.com/fight-details/2ae33fce63a75df9
8027,720,Gabriel Bonfim vs. Khaos Williams,http://ufcstats.com/fight-details/7b9f169016746f81
8026,720,Elijah Smith vs. Vince Morales,http://ufcstats.com/fight-details/07b357090cc91c2c
8025,720,Valter Walker vs. Don'Tale Mayes,http://ufcstats.com/fight-details/3b2a24db4eeaeede
8024,720,Jacqueline Cavalcanti vs. Julia Avila,http://ufcstats.com/fight-details/58668a0736602842
8023,719,Dricus Du Plessis vs. Sean Strickland,http://ufcstats.com/fight-details/d13849f49f99bf01
8022,719,Zhang Weili vs. Tatiana Suarez,http://ufcstats.com/fight-details/03c2a836d033be8f
8021,719,Tallison Teixeira vs. Justin Tafa,http://ufcstats.com/fight-details/8435f90fbd50c7a5
8020,719,Jimmy Crute vs. Rodolfo Bellato,http://ufcstats.com/fight-details/de85ef2fd4769070
8019,719,Jake Matthews vs. Francisco Prado,http://ufcstats.com/fight-details/4ce53d8a26693f06
8018,719,Gabriel Santos vs. Jack Jenkins,http://ufcstats.com/fight-details/c35a53be30bfd066
8017,719,Tom Nolan vs. Viacheslav Borshchev,http://ufcstats.com/fight-details/64641156360b1b81
8016,719,Wang Cong vs. Bruna Brasil,http://ufcstats.com/fight-details/946cae1beed2baec
8015,719,Aleksandre Topuria vs. Colby Thicknesse,http://ufcstats.com/fight-details/c7fadbdfdc14c282
8014,719,Rongzhu vs. Kody Steele,http://ufcstats.com/fight-details/1f70a4516a70abf2
8013,719,Jonathan Micallef vs. Kevin Jousset,http://ufcstats.com/fight-details/8bc8bb0021337de7
8012,719,Quillan Salkilld vs. Anshul Jubli,http://ufcstats.com/fight-details/4218d1d1ce6d322c
8011,718,Nassourdine Imavov vs. Israel Adesanya,http://ufcstats.com/fight-details/85e79748b75eb30e
8010,718,Michael Page vs. Shara Magomedov,http://ufcstats.com/fight-details/426e7a3de68117b0
8009,718,Sergei Pavlovich vs. Jairzinho Rozenstruik,http://ufcstats.com/fight-details/3c00f34f20c8a189
8008,718,Vinicius Oliveira vs. Said Nurmagomedov,http://ufcstats.com/fight-details/70b8dca3addcf4de
8007,718,Fares Ziam vs. Mike Davis,http://ufcstats.com/fight-details/775788423f5eeb99
8006,718,Muhammad Naimov vs. Kaan Ofli,http://ufcstats.com/fight-details/940f586104bf8bc8
8005,718,Shamil Gaziev vs. Thomas Petersen,http://ufcstats.com/fight-details/43bbaf06603b0f0c
8004,718,Terrance McKinney vs. Damir Hadzovic,http://ufcstats.com/fight-details/e97e71a593e4c28d
8003,718,Jasmine Jasudavicius vs. Mayra Bueno Silva,http://ufcstats.com/fight-details/91bf33ada75d6061
8002,718,Bogdan Grad vs. Lucas Alexander,http://ufcstats.com/fight-details/750257171ad29a2c
8001,718,Hamdy Abdelwahab vs. Jamal Pogues,http://ufcstats.com/fight-details/984ce1062186f3ce
8000,717,Islam Makhachev vs. Renato Moicano,http://ufcstats.com/fight-details/daef1691c7d6b1e4
7999,717,Merab Dvalishvili vs. Umar Nurmagomedov,http://ufcstats.com/fight-details/f39941b3743bf18c
7998,717,Jiri Prochazka vs. Jamahal Hill,http://ufcstats.com/fight-details/959fea398ffa5778
7997,717,Jailton Almeida vs. Serghei Spivac,http://ufcstats.com/fight-details/54d48b33e7240452
7996,717,Reinier de Ridder vs. Kevin Holland,http://ufcstats.com/fight-details/69d63c057aebffaf
7995,717,Raoni Barcelos vs. Payton Talbott,http://ufcstats.com/fight-details/d14f98b24691d082
7994,717,Azamat Bekoev vs. Zachary Reese,http://ufcstats.com/fight-details/938081fae11dcbbf
7993,717,Bogdan Guskov vs. Billy Elekana,http://ufcstats.com/fight-details/a6db8eb1fb3eebf2
7992,717,Grant Dawson vs. Diego Ferreira,http://ufcstats.com/fight-details/aa3fca085d476636
7991,717,Ailin Perez vs. Karol Rosa,http://ufcstats.com/fight-details/340fcdcabc49f142
7990,717,Muin Gafurov vs. Rinya Nakamura,http://ufcstats.com/fight-details/e5e3d396a9b1c5ae
7989,717,Benardo Sopaj vs. Ricky Turcios,http://ufcstats.com/fight-details/95ba27bea09cd84e
7988,717,Tagir Ulanbekov vs. Clayton Carpenter,http://ufcstats.com/fight-details/e294a1e5723011db
7987,716,Mackenzie Dern vs. Amanda Ribas,http://ufcstats.com/fight-details/f46308108eb9261a
7986,716,Santiago Ponzinibbio vs. Carlston Harris,http://ufcstats.com/fight-details/ce4fc800a7456d18
7985,716,Cesar Almeida vs. Abdul Razak Alhassan,http://ufcstats.com/fight-details/a2a5809ed8a01b45
7984,716,Roman Kopylov vs. Chris Curtis,http://ufcstats.com/fight-details/aa38e39397dbea72
7983,716,Christian Rodriguez vs. Austin Bashi,http://ufcstats.com/fight-details/03c1865919daeaa4
7982,716,Punahele Soriano vs. Uros Medic,http://ufcstats.com/fight-details/32cc31b76b32ade1
7981,716,Felipe Bunes vs. Jose Johnson,http://ufcstats.com/fight-details/8a3281b0d7c168af
7980,716,Marco Tulio vs. Ihor Potieria,http://ufcstats.com/fight-details/8d68863242695224
7979,716,Thiago Moises vs. Trey Ogden,http://ufcstats.com/fight-details/54fa6e32330a8cca
7978,716,Jacobe Smith vs. Preston Parsons,http://ufcstats.com/fight-details/58eda5a58a89f739
7977,716,Ernesta Kareckaite vs. Nicolle Caliari,http://ufcstats.com/fight-details/b33e3a6d15700bb1
7976,716,Bruno Lopes vs. Magomed Gadzhiyasulov,http://ufcstats.com/fight-details/817cd15077a9419e
7975,716,Fatima Kline vs. Viktoriia Dudakova,http://ufcstats.com/fight-details/f01851055b8309e0
7974,716,Nurullo Aliev vs. Joe Solecki,http://ufcstats.com/fight-details/192619174bd1ad77
7973,715,Joaquin Buckley vs. Colby Covington,http://ufcstats.com/fight-details/00c6a2ef07ca51da
7972,715,Cub Swanson vs. Billy Quarantillo,http://ufcstats.com/fight-details/7521015554088962
7971,715,Manel Kape vs. Bruno Silva,http://ufcstats.com/fight-details/1a635a5e4551e7d5
7970,715,Dustin Jacoby vs. Vitor Petrino,http://ufcstats.com/fight-details/7b1bc4ff776f12c1
7969,715,Daniel Marcos vs. Adrian Yanez,http://ufcstats.com/fight-details/5238f6470d0557fb
7968,715,Navajo Stirling vs. Tuco Tokkos,http://ufcstats.com/fight-details/2b6a75175bbca4e9
7967,715,Michael Johnson vs. Ottman Azaitar,http://ufcstats.com/fight-details/9c24c03131d5b49a
7966,715,Joel Alvarez vs. Drakkar Klose,http://ufcstats.com/fight-details/b0be38110c2d8b84
7965,715,Sean Woodson vs. Fernando Padilla,http://ufcstats.com/fight-details/ebeeed2595266bbc
7964,715,Felipe Lima vs. Miles Johns,http://ufcstats.com/fight-details/cf258c17234d649e
7963,715,Miranda Maverick vs. Jamey-Lyn Horth,http://ufcstats.com/fight-details/e5f9d59d00fe3c73
7962,715,Davey Grant vs. Ramon Taveras,http://ufcstats.com/fight-details/b40e4deb48658851
7961,715,Piera Rodriguez vs. Josefine Knutsson,http://ufcstats.com/fight-details/edf7ce89ad672e85
7960,714,Alexandre Pantoja vs. Kai Asakura,http://ufcstats.com/fight-details/e761c5009c09b295
7959,714,Shavkat Rakhmonov vs. Ian Machado Garry,http://ufcstats.com/fight-details/1569186ee820ea87
7958,714,Ciryl Gane vs. Alexander Volkov,http://ufcstats.com/fight-details/f706508c52f337a6
7957,714,Bryce Mitchell vs. Kron Gracie,http://ufcstats.com/fight-details/0292b9c31c0089ac
7956,714,Dooho Choi vs. Nate Landwehr,http://ufcstats.com/fight-details/089388c9f00ce9c6
7955,714,Dominick Reyes vs. Anthony Smith,http://ufcstats.com/fight-details/97caf8fca9d9603b
7954,714,Vicente Luque vs. Themba Gorimbo,http://ufcstats.com/fight-details/4914f7bd073c6359
7953,714,Movsar Evloev vs. Aljamain Sterling,http://ufcstats.com/fight-details/df30514e0674d598
7952,714,Bryan Battle vs. Randy Brown,http://ufcstats.com/fight-details/7c0d0a28a8fba102
7951,714,Eryk Anders vs. Chris Weidman,http://ufcstats.com/fight-details/0f16d83859d608c7
7950,714,Joshua Van vs. Cody Durden,http://ufcstats.com/fight-details/d38029cf47e54cf7
7949,714,Michael Chiesa vs. Max Griffin,http://ufcstats.com/fight-details/a5c57b0f49e9f61c
7948,714,Chase Hooper vs. Clay Guida,http://ufcstats.com/fight-details/72b12a837290b327
7947,714,Kennedy Nzechukwu vs. Lukasz Brzeski,http://ufcstats.com/fight-details/eb94412f15c62650
7946,713,Petr Yan vs. Deiveson Figueiredo,http://ufcstats.com/fight-details/f53573316a4f349f
7945,713,Yan Xiaonan vs. Tabatha Ricci,http://ufcstats.com/fight-details/f0c4aff7dd1ec4e9
7944,713,Muslim Salikhov vs. Song Kenan,http://ufcstats.com/fight-details/bec57d7cce0e6257
7943,713,Gabriella Fernandes vs. Wang Cong,http://ufcstats.com/fight-details/64d6d51219e0664c
7942,713,Carlos Ulberg vs. Volkan Oezdemir,http://ufcstats.com/fight-details/02ec66f311dce539
7941,713,Zhang Mingyang vs. Ozzy Diaz,http://ufcstats.com/fight-details/56d2c00dfd391fcf
7940,713,SuYoung You vs. Baergeng Jieleyisi,http://ufcstats.com/fight-details/9c207acb12c17a67
7939,713,DongHun Choi vs. Kiru Sahota,http://ufcstats.com/fight-details/828de4f5585c908c
7938,713,Shi Ming vs. Feng Xiaocan,http://ufcstats.com/fight-details/baee9b2491c986e2
7937,713,Carlos Hernandez vs. Nyamjargal Tumendemberel,http://ufcstats.com/fight-details/5dab54e34c2cfe01
7936,713,Lone'er Kavanagh vs. Jose Ochoa,http://ufcstats.com/fight-details/38f1c83c19e99fa2
7935,713,Xiao Long vs. Quang Le,http://ufcstats.com/fight-details/f5f28a8b472b8012
7934,713,Nikolas Motta vs. Maheshate,http://ufcstats.com/fight-details/86a2f07e0bf20297
7933,712,Jon Jones vs. Stipe Miocic,http://ufcstats.com/fight-details/b35e47f2f58ef026
7932,712,Charles Oliveira vs. Michael Chandler,http://ufcstats.com/fight-details/4f4189009a190e35
7931,712,Bo Nickal vs. Paul Craig,http://ufcstats.com/fight-details/cfd3e62c638fbd1f
7930,712,Viviane Araujo vs. Karine Silva,http://ufcstats.com/fight-details/8545a2495db16538
7929,712,Mauricio Ruffy vs. James Llontop,http://ufcstats.com/fight-details/55eebc2ee92bf00a
7928,712,Marcus McGhee vs. Jonathan Martinez,http://ufcstats.com/fight-details/2a930e2d7e1f87a9
7927,712,Jim Miller vs. Damon Jackson,http://ufcstats.com/fight-details/35c8223cc967fe0a
7926,712,David Onama vs. Roberto Romero,http://ufcstats.com/fight-details/c565e2baa27cc7e5
7925,712,Marcin Tybura vs. Jhonata Diniz,http://ufcstats.com/fight-details/6c1faa6284428e5d
7924,712,Ramiz Brahimaj vs. Mickey Gall,http://ufcstats.com/fight-details/00414fc5519233b4
7923,712,Oban Elliott vs. Bassil Hafez,http://ufcstats.com/fight-details/9676a4e9362e4bfd
7922,712,Eduarda Moura vs. Veronica Hardy,http://ufcstats.com/fight-details/40e2a7b65794ac05
7921,711,Carlos Prates vs. Neil Magny,http://ufcstats.com/fight-details/73f451d894a1d4ca
7920,711,Reinier de Ridder vs. Gerald Meerschaert,http://ufcstats.com/fight-details/154138c8fc89c315
7919,711,Gaston Bolanos vs. Cortavious Romious,http://ufcstats.com/fight-details/e6685759ed2af90d
7918,711,Gillian Robertson vs. Luana Pinheiro,http://ufcstats.com/fight-details/c31d9cac7534d879
7917,711,Mansur Abdul-Malik vs. Dusko Todorovic,http://ufcstats.com/fight-details/ea6427379a83bd01
7916,711,Denise Gomes vs. Karolina Kowalkiewicz,http://ufcstats.com/fight-details/e62033cb1e79aa81
7915,711,Elizeu Zaleski dos Santos vs. Zachary Scroggin,http://ufcstats.com/fight-details/c9d2a718f39274c0
7914,711,Charles Radtke vs. Matthew Semelsberger,http://ufcstats.com/fight-details/6b9ed3867dd42b3b
7913,711,Da'Mon Blackshear vs. Cody Stamann,http://ufcstats.com/fight-details/6fd1edb58d271f7c
7912,711,Tresean Gore vs. Antonio Trocoli,http://ufcstats.com/fight-details/582846744e379178
7911,711,Melissa Mullins vs. Klaudia Sygula,http://ufcstats.com/fight-details/32f2965b4f4c4ebf
7910,710,Brandon Moreno vs. Amir Albazi,http://ufcstats.com/fight-details/799acf3ae8a5df0a
7909,710,Erin Blanchfield vs. Rose Namajunas,http://ufcstats.com/fight-details/18729b11614406bf
7908,710,Brendson Ribeiro vs. Caio Machado,http://ufcstats.com/fight-details/7edf2fe3a8776a44
7907,710,Jasmine Jasudavicius vs. Ariane da Silva,http://ufcstats.com/fight-details/eaa885cf7ae31e0b
7906,710,Dustin Stoltzfus vs. Marc-Andre Barriault,http://ufcstats.com/fight-details/6ad594777cce2d7d
7905,710,Mike Malott vs. Trevin Giles,http://ufcstats.com/fight-details/d29a82322bb083d9
7904,710,Aiemann Zahabi vs. Pedro Munhoz,http://ufcstats.com/fight-details/b989d4d7e220b3c1
7903,710,Charles Jourdain vs. Victor Henry,http://ufcstats.com/fight-details/24581e2b39fe3319
7902,710,Youssef Zalal vs. Jack Shore,http://ufcstats.com/fight-details/5256ba94641a4284
7901,710,Alexandr Romanov vs. Rodrigo Nascimento,http://ufcstats.com/fight-details/de084f0d65421cfa
7900,710,Serhiy Sidey vs. Garrett Armfield,http://ufcstats.com/fight-details/f93b074dfd47b4b4
7899,710,Cody Gibson vs. Chad Anheliger,http://ufcstats.com/fight-details/c9cef59a5de32219
7898,710,Jamey-Lyn Horth vs. Ivana Petrovic,http://ufcstats.com/fight-details/f0723cda67db3954
7897,709,Ilia Topuria vs. Max Holloway,http://ufcstats.com/fight-details/ebf7cea27b83c432
7896,709,Khamzat Chimaev vs. Robert Whittaker,http://ufcstats.com/fight-details/b8bf186f884678ea
7895,709,Magomed Ankalaev vs. Aleksandar Rakic,http://ufcstats.com/fight-details/b09f54654b0f95f5
7894,709,Lerone Murphy vs. Dan Ige,http://ufcstats.com/fight-details/cc11a0762f246fa4
7893,709,Shara Magomedov vs. Armen Petrosyan,http://ufcstats.com/fight-details/108434acbbd75d26
7892,709,Ibo Aslan vs. Rafael Cerqueira,http://ufcstats.com/fight-details/781a2ea50f5ae68f
7891,709,Geoff Neal vs. Rafael Dos Anjos,http://ufcstats.com/fight-details/1d65c141776949d6
7890,709,Mateusz Rebecki vs. Myktybek Orolbai,http://ufcstats.com/fight-details/919e3c5cc6999cb3
7889,709,Abus Magomedov vs. Brunno Ferreira,http://ufcstats.com/fight-details/af6eeea1cfe33240
7888,709,Kennedy Nzechukwu vs. Chris Barnett,http://ufcstats.com/fight-details/df7928de73fc2fe8
7887,709,Farid Basharat vs. Victor Hugo,http://ufcstats.com/fight-details/5c783cd188425783
7886,709,Ismail Naurdiev vs. Bruno Silva,http://ufcstats.com/fight-details/bde635a4f345bc3e
7885,709,Rinat Fakhretdinov vs. Carlos Leal,http://ufcstats.com/fight-details/6114076c689e8457
7884,708,Anthony Hernandez vs. Michel Pereira,http://ufcstats.com/fight-details/a2f2c64f9fb3fb1c
7883,708,Rob Font vs. Kyler Phillips,http://ufcstats.com/fight-details/f01b97e864cb4b8b
7882,708,Charles Johnson vs. Sumudaerji,http://ufcstats.com/fight-details/503d7342cc08109f
7881,708,Cameron Smotherman vs. Jake Hadley,http://ufcstats.com/fight-details/a2f46e94aa6b0c64
7880,708,Darren Elkins vs. Daniel Pineda,http://ufcstats.com/fight-details/0599f35e6679de02
7879,708,Asu Almabayev vs. Matheus Nicolau,http://ufcstats.com/fight-details/c61923255389e67c
7878,708,Jean Matsumoto vs. Brad Katona,http://ufcstats.com/fight-details/308f6cb830019ea9
7877,708,Joselyne Edwards vs. Tamires Vidal,http://ufcstats.com/fight-details/fc73ecbd83b7f159
7876,708,Elise Reed vs. Jessica Penne,http://ufcstats.com/fight-details/53f7f1b4834387a8
7875,708,Melissa Martinez vs. Alice Ardelean,http://ufcstats.com/fight-details/4277b02a4dadac40
7874,708,Austen Lane vs. Robelis Despaigne,http://ufcstats.com/fight-details/32b8c6c4b735d712
7873,707,Brandon Royval vs. Tatsuro Taira,http://ufcstats.com/fight-details/998bde5639c61adb
7872,707,JunYong Park vs. Brad Tavares,http://ufcstats.com/fight-details/6fa2dae90bda4742
7871,707,Chidi Njokuani vs. Jared Gooden,http://ufcstats.com/fight-details/ee5c0b8a757992af
7870,707,Grant Dawson vs. Rafa Garcia,http://ufcstats.com/fight-details/98c29ba02cee5ba3
7869,707,Daniel Rodriguez vs. Alex Morono,http://ufcstats.com/fight-details/f690949d90ff1dee
7868,707,Ramazan Temirov vs. CJ Vergara,http://ufcstats.com/fight-details/f1cc9169813c4a3e
7867,707,Pat Sabatini vs. Jonathan Pearce,http://ufcstats.com/fight-details/69a5895fde58432c
7866,707,Themba Gorimbo vs. Niko Price,http://ufcstats.com/fight-details/57415110bd494c79
7865,707,Junior Tafa vs. Sean Sharaf,http://ufcstats.com/fight-details/85854504ce1aa97a
7864,707,Julia Polastri vs. Cory McKenna,http://ufcstats.com/fight-details/48dd2c9cb39bd2d4
7863,707,Cody Haddon vs. Dan Argueta,http://ufcstats.com/fight-details/b23554da35a84fbc
7862,707,Clayton Carpenter vs. Lucas Rocha,http://ufcstats.com/fight-details/de484433eef22e1d
7861,706,Alex Pereira vs. Khalil Rountree Jr.,http://ufcstats.com/fight-details/8c5e06c71f392f33
7860,706,Julianna Pena vs. Raquel Pennington,http://ufcstats.com/fight-details/1d68bb733de24b06
7859,706,Mario Bautista vs. Jose Aldo,http://ufcstats.com/fight-details/3d7d82fff71e395a
7858,706,Roman Dolidze vs. Kevin Holland,http://ufcstats.com/fight-details/5931cd9cf5da5f75
7857,706,Kayla Harrison vs. Ketlen Vieira,http://ufcstats.com/fight-details/9ea124a13d071186
7856,706,Joaquin Buckley vs. Stephen Thompson,http://ufcstats.com/fight-details/69bca5091b2a31f6
7855,706,Iasmin Lucindo vs. Marina Rodriguez,http://ufcstats.com/fight-details/eb73b63bbd7b88a7
7854,706,Alexander Hernandez vs. Austin Hubbard,http://ufcstats.com/fight-details/e8aad69aace1d31f
7853,706,Cesar Almeida vs. Ihor Potieria,http://ufcstats.com/fight-details/ed5b6681ab4e83e5
7852,706,Ryan Spann vs. Ovince Saint Preux,http://ufcstats.com/fight-details/58dec0a39cdefa3f
7851,706,Tecia Pennington vs. Carla Esparza,http://ufcstats.com/fight-details/58e5fc1914c4e641
7850,706,Court McGee vs. Tim Means,http://ufcstats.com/fight-details/84b3577229880760
7849,705,Renato Moicano vs. Benoit Saint Denis,http://ufcstats.com/fight-details/7ca4c91bab696b89
7848,705,Nassourdine Imavov vs. Brendan Allen,http://ufcstats.com/fight-details/62ff1e5deb124ff5
7847,705,William Gomis vs. Joanderson Brito,http://ufcstats.com/fight-details/19706d8ba0edf9cd
7846,705,Bryan Battle vs. Kevin Jousset,http://ufcstats.com/fight-details/45f00a42a17f8e2a
7845,705,Morgan Charriere vs. Gabriel Miranda,http://ufcstats.com/fight-details/f114929ed709606e
7844,705,Fares Ziam vs. Matt Frevola,http://ufcstats.com/fight-details/d806aacf5b6ba7f6
7843,705,Ion Cutelaba vs. Ivan Erslan,http://ufcstats.com/fight-details/89b772f864acb637
7842,705,Oumar Sy vs. Da Woon Jung,http://ufcstats.com/fight-details/3599e9de4ae0e171
7841,705,Ludovit Klein vs. Roosevelt Roberts,http://ufcstats.com/fight-details/e01019fbfe0e9528
7840,705,Taylor Lapilus vs. Vince Morales,http://ufcstats.com/fight-details/d063d46208c560b1
7839,705,Ailin Perez vs. Daria Zhelezniakova,http://ufcstats.com/fight-details/7ba432e218edc17d
7838,705,Daniel Barez vs. Victor Altamirano,http://ufcstats.com/fight-details/47d978a984a163aa
7837,705,Jacqueline Cavalcanti vs. Nora Cornolle,http://ufcstats.com/fight-details/a187670c5ee1ec5f
7836,705,Chris Duncan vs. Bolaji Oki,http://ufcstats.com/fight-details/eedc7fccf7037949
7835,704,Merab Dvalishvili vs. Sean O'Malley,http://ufcstats.com/fight-details/3146e5a47a922976
7834,704,Valentina Shevchenko vs. Alexa Grasso,http://ufcstats.com/fight-details/6f83cfae0c800ef8
7833,704,Diego Lopes vs. Brian Ortega,http://ufcstats.com/fight-details/2335e75ce63805b6
7832,704,Esteban Ribovics vs. Daniel Zellhuber,http://ufcstats.com/fight-details/27d98a8ee6608e27
7831,704,Ronaldo Rodriguez vs. Ode Osbourne,http://ufcstats.com/fight-details/78b506e5092a27fd
7830,704,Norma Dumont vs. Irene Aldana,http://ufcstats.com/fight-details/2397e2a92710705a
7829,704,Ignacio Bahamondes vs. Manuel Torres,http://ufcstats.com/fight-details/3733d100f7bd5590
7828,704,Ketlen Souza vs. Yazmin Jauregui,http://ufcstats.com/fight-details/c60a317c7767abb7
7827,704,Joshua Van vs. Edgar Chairez,http://ufcstats.com/fight-details/dae8ad2e03aa4a9a
7826,704,Raul Rosas Jr. vs. Aoriqileng,http://ufcstats.com/fight-details/3cdc6fea724be133
7825,703,Sean Brady vs. Gilbert Burns,http://ufcstats.com/fight-details/ee9ade72b44dfa06
7824,703,Natalia Silva vs. Jessica Andrade,http://ufcstats.com/fight-details/bcfaf1dd78f12f97
7823,703,Steve Garcia vs. Kyle Nelson,http://ufcstats.com/fight-details/453e6f2665c85fd7
7822,703,Cody Durden vs. Matt Schnell,http://ufcstats.com/fight-details/fe59646ebad8b6e4
7821,703,Yanal Ashmouz vs. Trevor Peek,http://ufcstats.com/fight-details/75fa9c0bb31caaa3
7820,703,Chris Padilla vs. Rongzhu,http://ufcstats.com/fight-details/b80c6eba11c54778
7819,703,Isaac Dulgarian vs. Brendon Marotte,http://ufcstats.com/fight-details/abfd5ac6cf186d8a
7818,703,Andre Lima vs. Felipe dos Santos,http://ufcstats.com/fight-details/69bde5bae0d6ec4f
7817,703,Gabriel Santos vs. Yizha,http://ufcstats.com/fight-details/6e9876d2be2bbd02
7816,703,Jaqueline Amorim vs. Vanessa Demopoulos,http://ufcstats.com/fight-details/f1613b372748c8bb
7815,703,Andre Petroski vs. Dylan Budka,http://ufcstats.com/fight-details/f734b497add754af
7814,703,Nathan Fletcher vs. Zygimantas Ramaska,http://ufcstats.com/fight-details/0c418b9cdfd525c9
7813,702,Caio Borralho vs. Jared Cannonier,http://ufcstats.com/fight-details/15805ae1eea3343e
7812,702,Tabatha Ricci vs. Angela Hill,http://ufcstats.com/fight-details/70afe9e0d2422252
7811,702,Ryan Loder vs. Robert Valentin,http://ufcstats.com/fight-details/5c5523a6bf83e44f
7810,702,Mairon Santos vs. Kaan Ofli,http://ufcstats.com/fight-details/bad06a5380d762b8
7809,702,Michael Morales vs. Neil Magny,http://ufcstats.com/fight-details/ae50a1a655b1a8f6
7808,702,Gerald Meerschaert vs. Edmen Shahbazyan,http://ufcstats.com/fight-details/2cbd53e43d3f606b
7807,702,Francis Marshall vs. Dennis Buzukja,http://ufcstats.com/fight-details/560f1e26c2a6690a
7806,702,Zachary Reese vs. Jose Daniel Medina,http://ufcstats.com/fight-details/d2caa1ddb9de7481
7805,702,Viacheslav Borshchev vs. James Llontop,http://ufcstats.com/fight-details/ba8eda6993922ba0
7804,702,Jacqueline Cavalcanti vs. Josiane Nunes,http://ufcstats.com/fight-details/903d588b30a471e8
7803,702,Wang Cong vs. Victoria Leonardo,http://ufcstats.com/fight-details/d4127baf74b0e791
7802,701,Dricus Du Plessis vs. Israel Adesanya,http://ufcstats.com/fight-details/6c44af21414e4143
7801,701,Kai Kara-France vs. Steve Erceg,http://ufcstats.com/fight-details/bf8c5effd23f69c4
7800,701,Dan Hooker vs. Mateusz Gamrot,http://ufcstats.com/fight-details/059f5cf0e9e37627
7799,701,Jairzinho Rozenstruik vs. Tai Tuivasa,http://ufcstats.com/fight-details/dd3d8f7066c145b7
7798,701,Carlos Prates vs. Li Jingliang,http://ufcstats.com/fight-details/3c319d4659e6c8fd
7797,701,Valter Walker vs. Junior Tafa,http://ufcstats.com/fight-details/ea4ff1d77928b029
7796,701,Ricardo Ramos vs. Josh Culibao,http://ufcstats.com/fight-details/43ebfc8914a39061
7795,701,Casey O'Neill vs. Luana Santos,http://ufcstats.com/fight-details/b9d5c77ae7a8109b
7794,701,Jack Jenkins vs. Herbert Burns,http://ufcstats.com/fight-details/bfff6cf22c1c569c
7793,701,Tom Nolan vs. Alex Reyes,http://ufcstats.com/fight-details/ce75f5ecbc0d3dfd
7792,701,Song Kenan vs. Ricky Glenn,http://ufcstats.com/fight-details/ea824ac4b8ed8a35
7791,701,Jesus Aguilar vs. Stewart Nicoll,http://ufcstats.com/fight-details/075a102456080ab2
7790,700,Serghei Spivac vs. Marcin Tybura,http://ufcstats.com/fight-details/84973bbdffaf0d0e
7789,700,Chepe Mariscal vs. Damon Jackson,http://ufcstats.com/fight-details/e72a2130e7387637
7788,700,Danny Barlow vs. Nikolay Veretennikov,http://ufcstats.com/fight-details/7b4284bd3033a319
7787,700,Chris Gutierrez vs. Quang Le,http://ufcstats.com/fight-details/6aa89b7b5350b8e2
7786,700,Yana Santos vs. Chelsea Chandler,http://ufcstats.com/fight-details/e0b14afd93af5638
7785,700,Toshiomi Kazama vs. Charalampos Grigoriou,http://ufcstats.com/fight-details/1332c1037c955d82
7784,700,Karol Rosa vs. Pannie Kianzad,http://ufcstats.com/fight-details/a7ac1dfcdc083694
7783,700,Jhonata Diniz vs. Karl Williams,http://ufcstats.com/fight-details/6bcaa0de4003cc41
7782,700,Youssef Zalal vs. Jarno Errens,http://ufcstats.com/fight-details/cd9851b8eadb53a9
7781,700,Stephanie Luciano vs. Talita Alencar,http://ufcstats.com/fight-details/1b5d5af1bc0a34c7
7780,699,Umar Nurmagomedov vs. Cory Sandhagen,http://ufcstats.com/fight-details/33655fd07cfbe034
7779,699,Shara Magomedov vs. Michal Oleksiejczuk,http://ufcstats.com/fight-details/b38450d9aa0f52b8
7778,699,Deiveson Figueiredo vs. Marlon Vera,http://ufcstats.com/fight-details/bb85e207eba236bc
7777,699,Michael Chiesa vs. Tony Ferguson,http://ufcstats.com/fight-details/2d39c26876246223
7776,699,Mackenzie Dern vs. Loopy Godinez,http://ufcstats.com/fight-details/d0d74672150ddea3
7775,699,Joel Alvarez vs. Elves Brener,http://ufcstats.com/fight-details/de767dd5216bcad9
7774,699,Azamat Murzakanov vs. Alonzo Menifield,http://ufcstats.com/fight-details/fbbb703581440496
7773,699,Kaue Fernandes vs. Mohammad Yahya,http://ufcstats.com/fight-details/1cd63899011c4bf6
7772,699,Shamil Gaziev vs. Don'Tale Mayes,http://ufcstats.com/fight-details/637f792270a0c746
7771,699,Guram Kutateladze vs. Jordan Vucenic,http://ufcstats.com/fight-details/77df662671ce11c5
7770,699,Sam Hughes vs. Viktoriia Dudakova,http://ufcstats.com/fight-details/f80143e1f3c3d319
7769,699,Jai Herbert vs. Rolando Bedoya,http://ufcstats.com/fight-details/d038ff5ac21094f3
7768,699,Sedriques Dumas vs. Denis Tiuliulin,http://ufcstats.com/fight-details/e6851877e33d343f
7767,698,Belal Muhammad vs. Leon Edwards,http://ufcstats.com/fight-details/ec5163539a133f17
7766,698,Tom Aspinall vs. Curtis Blaydes,http://ufcstats.com/fight-details/ec434314c5438fc7
7765,698,Paddy Pimblett vs. King Green,http://ufcstats.com/fight-details/3e2bde19e752f64b
7764,698,Gregory Rodrigues vs. Christian Leroy Duncan,http://ufcstats.com/fight-details/f02fed4e98048471
7763,698,Arnold Allen vs. Giga Chikadze,http://ufcstats.com/fight-details/8a2e28da18ba6a25
7762,698,Nathaniel Wood vs. Daniel Pineda,http://ufcstats.com/fight-details/45e6a9b56ee3a9d1
7761,698,Bruna Brasil vs. Molly McCann,http://ufcstats.com/fight-details/678eda89a096dde8
7760,698,Jake Hadley vs. Caolan Loughran,http://ufcstats.com/fight-details/9d8c32c60df0e287
7759,698,Muhammad Mokaev vs. Manel Kape,http://ufcstats.com/fight-details/d6e240c47ba6034d
7758,698,Oban Elliott vs. Preston Parsons,http://ufcstats.com/fight-details/16b0a16ab2e20fdb
7757,698,Modestas Bukauskas vs. Marcin Prachnio,http://ufcstats.com/fight-details/026bb9fd1b3f239d
7756,698,Sam Patterson vs. Kiefer Crosbie,http://ufcstats.com/fight-details/3183dfe66fcdd25f
7755,698,Mick Parkin vs. Lukasz Brzeski,http://ufcstats.com/fight-details/a5558e8fec59a687
7754,698,Shauna Bannon vs. Alice Ardelean,http://ufcstats.com/fight-details/dff2ef8fdde8c502
7753,697,Virna Jandiroba vs. Amanda Lemos,http://ufcstats.com/fight-details/4a00db8aeff200a2
7752,697,Steve Garcia vs. SeungWoo Choi,http://ufcstats.com/fight-details/120ec60ad18cf6c5
7751,697,Kurt Holobaugh vs. Kaynan Kruschewsky,http://ufcstats.com/fight-details/9eaa33f874bbb999
7750,697,Bruno Silva vs. Cody Durden,http://ufcstats.com/fight-details/94541dd979e0b4bd
7749,697,Dooho Choi vs. Bill Algeo,http://ufcstats.com/fight-details/ec8bc554a0646638
7748,697,Hyder Amil vs. JeongYeong Lee,http://ufcstats.com/fight-details/6e6567a98ea78891
7747,697,Cody Gibson vs. Brian Kelleher,http://ufcstats.com/fight-details/40c18c6d64463809
7746,697,Miranda Maverick vs. Dione Barbosa,http://ufcstats.com/fight-details/e655774643881e6c
7745,697,Trey Ogden vs. Loik Radzhabov,http://ufcstats.com/fight-details/b3f1253d0a991791
7744,697,Luana Carolina vs. Lucie Pudilova,http://ufcstats.com/fight-details/c3ef9edf73626521
7743,697,Thomas Petersen vs. Mohammed Usman,http://ufcstats.com/fight-details/836e9bc5c1f6acd3
7742,696,Rose Namajunas vs. Tracy Cortez,http://ufcstats.com/fight-details/1394ce1832ddefe0
7741,696,Muslim Salikhov vs. Santiago Ponzinibbio,http://ufcstats.com/fight-details/dff8e4ef87d69516
7740,696,Jean Silva vs. Drew Dober,http://ufcstats.com/fight-details/54de03e04f571735
7739,696,Gabriel Bonfim vs. Ange Loosa,http://ufcstats.com/fight-details/dad759ec50508147
7738,696,Julian Erosa vs. Christian Rodriguez,http://ufcstats.com/fight-details/a63bb85cc39389c7
7737,696,Abdul Razak Alhassan vs. Cody Brundage,http://ufcstats.com/fight-details/46fa8e79fe8a9539
7736,696,Charles Johnson vs. Joshua Van,http://ufcstats.com/fight-details/80108a70c4afa6c2
7735,696,Jasmine Jasudavicius vs. Fatima Kline,http://ufcstats.com/fight-details/582afc25875911d1
7734,696,Montel Jackson vs. Da'Mon Blackshear,http://ufcstats.com/fight-details/5eebde8fb4d67259
7733,696,Luana Santos vs. Mariya Agapova,http://ufcstats.com/fight-details/e06bfd0100eccbad
7732,696,Andre Petroski vs. Josh Fremd,http://ufcstats.com/fight-details/d8e8d41282fc90dc
7731,696,Evan Elder vs. Darrius Flowers,http://ufcstats.com/fight-details/25747d81ae5c6564
7730,695,Alex Pereira vs. Jiri Prochazka,http://ufcstats.com/fight-details/bca5d01f8775f852
7729,695,Diego Lopes vs. Dan Ige,http://ufcstats.com/fight-details/fc8ad0c7fc70dde7
7728,695,Roman Dolidze vs. Anthony Smith,http://ufcstats.com/fight-details/bf878c083a6b30ad
7727,695,Macy Chiasson vs. Mayra Bueno Silva,http://ufcstats.com/fight-details/a571c622ab89b3d9
7726,695,Ian Machado Garry vs. Michael Page,http://ufcstats.com/fight-details/fbf77262d8da342b
7725,695,Joe Pyfer vs. Marc-Andre Barriault,http://ufcstats.com/fight-details/daa6b47be304ec86
7724,695,Andre Fili vs. Cub Swanson,http://ufcstats.com/fight-details/08489fdfb56ee19c
7723,695,Jean Silva vs. Charles Jourdain,http://ufcstats.com/fight-details/2b7883b304b3df1c
7722,695,Payton Talbott vs. Yanis Ghemmouri,http://ufcstats.com/fight-details/5f8a92f10e5451ce
7721,695,Gillian Robertson vs. Michelle Waterson-Gomez,http://ufcstats.com/fight-details/2517029ff9c1a1a2
7720,695,Martin Buday vs. Andrei Arlovski,http://ufcstats.com/fight-details/3bbc222130d9dac7
7719,695,Rei Tsuruya vs. Carlos Hernandez,http://ufcstats.com/fight-details/7856621db043423d
7718,695,Vinicius Oliveira vs. Ricky Simon,http://ufcstats.com/fight-details/bbe3d8a37a276511
7717,694,Robert Whittaker vs. Ikram Aliskerov,http://ufcstats.com/fight-details/eba46dbf9cdd83c0
7716,694,Alexander Volkov vs. Sergei Pavlovich,http://ufcstats.com/fight-details/cd3bb8a2824fbf22
7715,694,Kelvin Gastelum vs. Daniel Rodriguez,http://ufcstats.com/fight-details/8ddd53a7ed3754d5
7714,694,Shara Magomedov vs. Antonio Trocoli,http://ufcstats.com/fight-details/fbbf5391ea25521b
7713,694,Volkan Oezdemir vs. Johnny Walker,http://ufcstats.com/fight-details/9d5f562e0572058c
7712,694,Nasrat Haqparast vs. Jared Gordon,http://ufcstats.com/fight-details/774fb0c0c1c2bc6a
7711,694,Felipe Lima vs. Muhammad Naimov,http://ufcstats.com/fight-details/8bd5f20f49434c65
7710,694,Rinat Fakhretdinov vs. Nicolas Dalby,http://ufcstats.com/fight-details/de1acb6803ab3f14
7709,694,Muin Gafurov vs. Kyung Ho Kang,http://ufcstats.com/fight-details/8db5cf5df713a7e9
7708,694,Magomed Gadzhiyasulov vs. Brendson Ribeiro,http://ufcstats.com/fight-details/0ac2da3dbaf2fce2
7707,694,ChangHo Lee vs. Xiao Long,http://ufcstats.com/fight-details/c0d6feef69ccb330
7706,693,Tatsuro Taira vs. Alex Perez,http://ufcstats.com/fight-details/7f14be4e45bca6bd
7705,693,Miles Johns vs. Douglas Silva de Andrade,http://ufcstats.com/fight-details/6bdb93f9b4581bf6
7704,693,Lucas Almeida vs. Timmy Cuamba,http://ufcstats.com/fight-details/78a7bf038e56881d
7703,693,Brady Hiestand vs. Garrett Armfield,http://ufcstats.com/fight-details/fea3a0643218e16b
7702,693,Asu Almabayev vs. Jose Johnson,http://ufcstats.com/fight-details/3b1438e9ec64990e
7701,693,Adam Fugitt vs. Josh Quinlan,http://ufcstats.com/fight-details/ab7bc93bdf4132c4
7700,693,Nate Maness vs. Jimmy Flick,http://ufcstats.com/fight-details/6f31285305881fe3
7699,693,Gabriella Fernandes vs. Carli Judice,http://ufcstats.com/fight-details/19ef5890b20f903a
7698,693,Westin Wilson vs. Jeka Saragih,http://ufcstats.com/fight-details/e47523ac32bfa24c
7697,693,Melquizael Costa vs. Shayilan Nuerdanbieke,http://ufcstats.com/fight-details/94f5b35b2b6c72b1
7696,693,Josefine Knutsson vs. Julia Polastri,http://ufcstats.com/fight-details/06713afc60301c0c
7695,692,Nassourdine Imavov vs. Jared Cannonier,http://ufcstats.com/fight-details/052f53e006b28132
7694,692,Dominick Reyes vs. Dustin Jacoby,http://ufcstats.com/fight-details/2d12ae4683bbf433
7693,692,Raul Rosas Jr. vs. Ricky Turcios,http://ufcstats.com/fight-details/b34abcfe4c2e8a57
7692,692,Brunno Ferreira vs. Dustin Stoltzfus,http://ufcstats.com/fight-details/dcc0c53100fa1dd2
7691,692,Zachary Reese vs. Julian Marquez,http://ufcstats.com/fight-details/3b12094dd48c2dc5
7690,692,Punahele Soriano vs. Miguel Baeza,http://ufcstats.com/fight-details/393f9bc7b51791a6
7689,692,Ludovit Klein vs. Thiago Moises,http://ufcstats.com/fight-details/251983e1bdae20fe
7688,692,Carlos Prates vs. Charles Radtke,http://ufcstats.com/fight-details/8afe89f5c451b372
7687,692,Brad Katona vs. Jesse Butler,http://ufcstats.com/fight-details/4c0adccb34c1d995
7686,692,Montana De La Rosa vs. Andrea Lee,http://ufcstats.com/fight-details/a91fdb21a7ff52e5
7685,692,Daniel Marcos vs. John Castaneda,http://ufcstats.com/fight-details/e976815e397c40e1
7684,692,Denise Gomes vs. Eduarda Moura,http://ufcstats.com/fight-details/790a8cd528233e50
7683,692,Taylor Lapilus vs. Cody Stamann,http://ufcstats.com/fight-details/753735b48b1c20b9
7682,692,Puja Tomar vs. Rayanne dos Santos,http://ufcstats.com/fight-details/b20640f9b2634de1
7681,691,Islam Makhachev vs. Dustin Poirier,http://ufcstats.com/fight-details/1a0031e2072f21b6
7680,691,Sean Strickland vs. Paulo Costa,http://ufcstats.com/fight-details/9e7538a788e6d789
7679,691,Kevin Holland vs. Michal Oleksiejczuk,http://ufcstats.com/fight-details/605c16fa5a803b15
7678,691,Niko Price vs. Alex Morono,http://ufcstats.com/fight-details/b5d5b8e06ccb70a3
7677,691,Randy Brown vs. Elizeu Zaleski dos Santos,http://ufcstats.com/fight-details/fd2d814a8a23798f
7676,691,Roman Kopylov vs. Cesar Almeida,http://ufcstats.com/fight-details/ee24be90a01f552e
7675,691,Jailton Almeida vs. Alexandr Romanov,http://ufcstats.com/fight-details/c0af8cf5befb2dcf
7674,691,Grant Dawson vs. Joe Solecki,http://ufcstats.com/fight-details/cf306c4714530f31
7673,691,Jake Matthews vs. Phil Rowe,http://ufcstats.com/fight-details/b7575b0ec9f81741
7672,691,Bassil Hafez vs. Mickey Gall,http://ufcstats.com/fight-details/7d9bb6fda0ea1ee0
7671,691,Ailin Perez vs. Joselyne Edwards,http://ufcstats.com/fight-details/2554b31a07f34e1a
7670,691,Andre Lima vs. Mitch Raposo,http://ufcstats.com/fight-details/f1d3eec12662d8d7
7669,690,Lerone Murphy vs. Edson Barboza,http://ufcstats.com/fight-details/17aa636aa98678d3
7668,690,Khaos Williams vs. Carlston Harris,http://ufcstats.com/fight-details/85ddb65429a9d517
7667,690,Themba Gorimbo vs. Ramiz Brahimaj,http://ufcstats.com/fight-details/20220ace492af368
7666,690,Adrian Yanez vs. Vinicius Salvador,http://ufcstats.com/fight-details/5dcade01fc840da6
7665,690,Angela Hill vs. Luana Pinheiro,http://ufcstats.com/fight-details/2a43df4cc047a28b
7664,690,Tom Nolan vs. Victor Martinez,http://ufcstats.com/fight-details/b5df5a0a0bda9256
7663,690,Oumar Sy vs. Tuco Tokkos,http://ufcstats.com/fight-details/68ee31dd0853cdc9
7662,690,Melissa Gatto vs. Tamires Vidal,http://ufcstats.com/fight-details/3aea9c60d25fc93b
7661,690,Abus Magomedov vs. Warlley Alves,http://ufcstats.com/fight-details/fc2bdd67c1a056a4
7660,690,Ariane Carnelossi vs. Piera Rodriguez,http://ufcstats.com/fight-details/28c6de749d0d0e9d
7659,690,Alatengheili vs. Kleydson Rodrigues,http://ufcstats.com/fight-details/63605e9f3e71d738
7658,690,Vanessa Demopoulos vs. Emily Ducote,http://ufcstats.com/fight-details/069df63733dcf697
7657,689,Derrick Lewis vs. Rodrigo Nascimento,http://ufcstats.com/fight-details/6f0f84075fa1a4b0
7656,689,Joaquin Buckley vs. Nursulton Ruziboev,http://ufcstats.com/fight-details/b78a222fb448aed4
7655,689,Carlos Ulberg vs. Alonzo Menifield,http://ufcstats.com/fight-details/a049c12f43914449
7654,689,Diego Ferreira vs. Mateusz Rebecki,http://ufcstats.com/fight-details/6c67aa7063717a0c
7653,689,Sean Woodson vs. Alex Caceres,http://ufcstats.com/fight-details/8aa07b6cc40f0cb2
7652,689,Waldo Cortes-Acosta vs. Robelis Despaigne,http://ufcstats.com/fight-details/e98eb6de29c62c9c
7651,689,Chase Hooper vs. Viacheslav Borshchev,http://ufcstats.com/fight-details/420a5e3b4010ebef
7650,689,Esteban Ribovics vs. Terrance McKinney,http://ufcstats.com/fight-details/8d9bcbb48888a5a3
7649,689,Tabatha Ricci vs. Tecia Pennington,http://ufcstats.com/fight-details/13d8d5cd83e5b57e
7648,689,Trey Waters vs. Billy Ray Goff,http://ufcstats.com/fight-details/ec5d705232983b87
7647,689,Charles Johnson vs. Jake Hadley,http://ufcstats.com/fight-details/4b45f190122a1ce1
7646,689,Veronica Hardy vs. JJ Aldrich,http://ufcstats.com/fight-details/ccf3b6eda4c2a564
7645,688,Alexandre Pantoja vs. Steve Erceg,http://ufcstats.com/fight-details/3f419fce8ba8aa0e
7644,688,Jose Aldo vs. Jonathan Martinez,http://ufcstats.com/fight-details/b3d88eaea611a4a8
7643,688,Anthony Smith vs. Vitor Petrino,http://ufcstats.com/fight-details/a8718a3419a11e15
7642,688,Michel Pereira vs. Ihor Potieria,http://ufcstats.com/fight-details/3e74caa9fff4a5eb
7641,688,Caio Borralho vs. Paul Craig,http://ufcstats.com/fight-details/2db0998b24c11ea0
7640,688,Joanderson Brito vs. Jack Shore,http://ufcstats.com/fight-details/c456b1950208e0b2
7639,688,Iasmin Lucindo vs. Karolina Kowalkiewicz,http://ufcstats.com/fight-details/c84a29f426f1aab7
7638,688,Myktybek Orolbai vs. Elves Brener,http://ufcstats.com/fight-details/8a121f9c48f3773c
7637,688,Drakkar Klose vs. Joaquim Silva,http://ufcstats.com/fight-details/2faf5b8d708f8e94
7636,688,Mauricio Ruffy vs. Jamie Mullarkey,http://ufcstats.com/fight-details/b9de363e6b406853
7635,688,Dione Barbosa vs. Ernesta Kareckaite,http://ufcstats.com/fight-details/4661e9ca9354021e
7634,688,Ismael Bonfim vs. Vinc Pichel,http://ufcstats.com/fight-details/89db7aca37b87711
7633,688,Alessandro Costa vs. Kevin Borjas,http://ufcstats.com/fight-details/fe0f1b418e6d3ecb
7632,687,Alex Perez vs. Matheus Nicolau,http://ufcstats.com/fight-details/a0cae57eae875820
7631,687,Bogdan Guskov vs. Ryan Spann,http://ufcstats.com/fight-details/f41e83de703acf85
7630,687,Karine Silva vs. Ariane da Silva,http://ufcstats.com/fight-details/45de6d0b9cf5451c
7629,687,Jhonata Diniz vs. Austen Lane,http://ufcstats.com/fight-details/dae70ccdf9e7475e
7628,687,David Onama vs. Jonathan Pearce,http://ufcstats.com/fight-details/7ca5604d99220e88
7627,687,Uros Medic vs. Tim Means,http://ufcstats.com/fight-details/6ea77cb62aa2f276
7626,687,Victor Henry vs. Rani Yahya,http://ufcstats.com/fight-details/55231cc4112334b4
7625,687,Austin Hubbard vs. Michal Figlak,http://ufcstats.com/fight-details/681cd3cc6299d652
7624,687,Don'Tale Mayes vs. Caio Machado,http://ufcstats.com/fight-details/417049c7a3d65ccc
7623,687,Ketlen Souza vs. Marnic Mann,http://ufcstats.com/fight-details/4915c8a588513c22
7622,687,Chris Padilla vs. James Llontop,http://ufcstats.com/fight-details/0a85b3ad328205ff
7621,687,Ivana Petrovic vs. Liang Na,http://ufcstats.com/fight-details/1631f70535ae5dcc
7620,687,Maheshate vs. Gabriel Benitez,http://ufcstats.com/fight-details/0976778a6e6cf8a8
7619,686,Alex Pereira vs. Jamahal Hill,http://ufcstats.com/fight-details/e4931f3ab3bf4141
7618,686,Zhang Weili vs. Yan Xiaonan,http://ufcstats.com/fight-details/66eddbe35056c06d
7617,686,Max Holloway vs. Justin Gaethje,http://ufcstats.com/fight-details/cf5e8f98159c3971
7616,686,Arman Tsarukyan vs. Charles Oliveira,http://ufcstats.com/fight-details/01f7c28804746979
7615,686,Bo Nickal vs. Cody Brundage,http://ufcstats.com/fight-details/0c2e3988793b418c
7614,686,Jiri Prochazka vs. Aleksandar Rakic,http://ufcstats.com/fight-details/eda1e8c285a0a788
7613,686,Aljamain Sterling vs. Calvin Kattar,http://ufcstats.com/fight-details/d95f21817a56eb05
7612,686,Kayla Harrison vs. Holly Holm,http://ufcstats.com/fight-details/b1ac165326d8f29e
7611,686,Diego Lopes vs. Sodiq Yusuff,http://ufcstats.com/fight-details/538ca98010ed00ec
7610,686,Renato Moicano vs. Jalin Turner,http://ufcstats.com/fight-details/18824fa5c15c212f
7609,686,Jessica Andrade vs. Marina Rodriguez,http://ufcstats.com/fight-details/603afedc31d95999
7608,686,King Green vs. Jim Miller,http://ufcstats.com/fight-details/efdad54c8550e6e0
7607,686,Deiveson Figueiredo vs. Cody Garbrandt,http://ufcstats.com/fight-details/3ab0d8b344d2ebea
7606,685,Brendan Allen vs. Chris Curtis,http://ufcstats.com/fight-details/3ce96bb0c69b39be
7605,685,Damon Jackson vs. Alexander Hernandez,http://ufcstats.com/fight-details/9c22ddb8d8fc1838
7604,685,Chepe Mariscal vs. Morgan Charriere,http://ufcstats.com/fight-details/32375b4435fea5e6
7603,685,Ignacio Bahamondes vs. Christos Giagos,http://ufcstats.com/fight-details/6ff21ea2c75c48ed
7602,685,Charlie Campbell vs. Trevor Peek,http://ufcstats.com/fight-details/47f8812a335b6ce9
7601,685,Alex Morono vs. Court McGee,http://ufcstats.com/fight-details/0b9cd718d7e329e8
7600,685,Lukasz Brzeski vs. Valter Walker,http://ufcstats.com/fight-details/ff5a8078ea85bbc7
7599,685,Norma Dumont vs. Germaine de Randamie,http://ufcstats.com/fight-details/188e6416157e5a1f
7598,685,Victor Hugo vs. Pedro Falcao,http://ufcstats.com/fight-details/5c3b8819dbe98114
7597,685,Jean Matsumoto vs. Dan Argueta,http://ufcstats.com/fight-details/1f7566c90343a680
7596,685,Cesar Almeida vs. Dylan Budka,http://ufcstats.com/fight-details/3cf5e0ebb5f8322c
7595,685,Nora Cornolle vs. Melissa Mullins,http://ufcstats.com/fight-details/1685eecc7ef37fb5
7594,684,Manon Fiorot vs. Erin Blanchfield,http://ufcstats.com/fight-details/e6d4fdad2b3422d1
7593,684,Joaquin Buckley vs. Vicente Luque,http://ufcstats.com/fight-details/de12349f334c964e
7592,684,Chris Weidman vs. Bruno Silva,http://ufcstats.com/fight-details/77992b8727382373
7591,684,Nursulton Ruziboev vs. Sedriques Dumas,http://ufcstats.com/fight-details/e30250daa73005a8
7590,684,Kyle Nelson vs. Bill Algeo,http://ufcstats.com/fight-details/91aa08e910fb4412
7589,684,Chidi Njokuani vs. Rhys McKee,http://ufcstats.com/fight-details/eb9f9f61507497a5
7588,684,Nate Landwehr vs. Jamall Emmers,http://ufcstats.com/fight-details/636b01ee49925e49
7587,684,Virna Jandiroba vs. Loopy Godinez,http://ufcstats.com/fight-details/99dc6d45cbdfa322
7586,684,Julio Arce vs. Herbert Burns,http://ufcstats.com/fight-details/976abc27a4e5e26a
7585,684,Dennis Buzukja vs. Connor Matthews,http://ufcstats.com/fight-details/f59cefe16905d62c
7584,684,Ibo Aslan vs. Anton Turkalj,http://ufcstats.com/fight-details/697e38075fd41819
7583,684,Jacob Malkoun vs. Andre Petroski,http://ufcstats.com/fight-details/ce33085fc5205bab
7582,684,Caolan Loughran vs. Angel Pacheco,http://ufcstats.com/fight-details/17e8ab0065e9085f
7581,683,Rose Namajunas vs. Amanda Ribas,http://ufcstats.com/fight-details/faf19712bd7ea41e
7580,683,Karl Williams vs. Justin Tafa,http://ufcstats.com/fight-details/cd6452a463ec8a28
7579,683,Edmen Shahbazyan vs. AJ Dobson,http://ufcstats.com/fight-details/d564e3a6c77d0c85
7578,683,Payton Talbott vs. Cameron Saaiman,http://ufcstats.com/fight-details/127be512f86618b2
7577,683,Youssef Zalal vs. Billy Quarantillo,http://ufcstats.com/fight-details/72f123ddb4cc9d1c
7576,683,Fernando Padilla vs. Luis Pajuelo,http://ufcstats.com/fight-details/a1294453a28beda3
7575,683,Trey Ogden vs. Kurt Holobaugh,http://ufcstats.com/fight-details/de7cb625bdec0f91
7574,683,Julian Erosa vs. Ricardo Ramos,http://ufcstats.com/fight-details/8c8337ce8437fe2e
7573,683,Miles Johns vs. Cody Gibson,http://ufcstats.com/fight-details/48ff3f1bcefbf965
7572,683,Jarno Errens vs. Steven Nguyen,http://ufcstats.com/fight-details/0e6782b758451063
7571,683,Daria Zhelezniakova vs. Montse Rendon,http://ufcstats.com/fight-details/f1c3abce15ef053e
7570,683,Andre Lima vs. Igor Severino,http://ufcstats.com/fight-details/f4ea27d942a390a5
7569,683,Mick Parkin vs. Mohammed Usman,http://ufcstats.com/fight-details/3223b7e196a07224
7568,682,Marcin Tybura vs. Tai Tuivasa,http://ufcstats.com/fight-details/8bc0c220f7dcefa7
7567,682,Bryan Battle vs. Ange Loosa,http://ufcstats.com/fight-details/a7fd9da657bbce8e
7566,682,Ovince Saint Preux vs. Kennedy Nzechukwu,http://ufcstats.com/fight-details/35f9beb94b4ef9e2
7565,682,Christian Rodriguez vs. Isaac Dulgarian,http://ufcstats.com/fight-details/acc7392d48cc09a0
7564,682,Macy Chiasson vs. Pannie Kianzad,http://ufcstats.com/fight-details/2f414494f2b6f426
7563,682,Gerald Meerschaert vs. Bryan Barberena,http://ufcstats.com/fight-details/569e0ba18701c305
7562,682,Mike Davis vs. Natan Levy,http://ufcstats.com/fight-details/4f20f3ada1489823
7561,682,Chelsea Chandler vs. Josiane Nunes,http://ufcstats.com/fight-details/711ec0545552455b
7560,682,Jafel Filho vs. Ode Osbourne,http://ufcstats.com/fight-details/451df53c13185584
7559,682,Danny Silva vs. Josh Culibao,http://ufcstats.com/fight-details/c26f27667c230391
7558,682,Jaqueline Amorim vs. Cory McKenna,http://ufcstats.com/fight-details/66873dde4077bd5d
7557,682,Thiago Moises vs. Mitch Ramirez,http://ufcstats.com/fight-details/537b3cef39d2d573
7556,682,Chad Anheliger vs. Charalampos Grigoriou,http://ufcstats.com/fight-details/f1cbd73e7be64d28
7555,681,Sean O'Malley vs. Marlon Vera,http://ufcstats.com/fight-details/894c44c3d04aaf6f
7554,681,Dustin Poirier vs. Benoit Saint Denis,http://ufcstats.com/fight-details/6e73ebbd089aff5e
7553,681,Michael Page vs. Kevin Holland,http://ufcstats.com/fight-details/270edfb687c0d20c
7552,681,Jack Della Maddalena vs. Gilbert Burns,http://ufcstats.com/fight-details/68f7f992603192c6
7551,681,Petr Yan vs. Song Yadong,http://ufcstats.com/fight-details/9861b6d04e6ed43c
7550,681,Curtis Blaydes vs. Jailton Almeida,http://ufcstats.com/fight-details/0133019a4f1055ee
7549,681,Maycee Barber vs. Katlyn Cerminara,http://ufcstats.com/fight-details/33658a3ca932d15d
7548,681,Mateusz Gamrot vs. Rafael Dos Anjos,http://ufcstats.com/fight-details/8baff440b82afd2b
7547,681,Kyler Phillips vs. Pedro Munhoz,http://ufcstats.com/fight-details/ebb758b49e82d0ed
7546,681,Philipe Lins vs. Ion Cutelaba,http://ufcstats.com/fight-details/7bc7af11050e861b
7545,681,Michel Pereira vs. Michal Oleksiejczuk,http://ufcstats.com/fight-details/f0a9dfbb6f6ac852
7544,681,Robelis Despaigne vs. Josh Parisian,http://ufcstats.com/fight-details/cbdf29f36b343f6f
7543,681,Asu Almabayev vs. CJ Vergara,http://ufcstats.com/fight-details/3d3dde60e3d59c1c
7542,681,Joanne Wood vs. Maryna Moroz,http://ufcstats.com/fight-details/3677ce6c1ee06a83
7541,680,Jairzinho Rozenstruik vs. Shamil Gaziev,http://ufcstats.com/fight-details/838fd9d2b14e0790
7540,680,Vitor Petrino vs. Tyson Pedro,http://ufcstats.com/fight-details/df3cc5ec78d05a71
7539,680,Muhammad Mokaev vs. Alex Perez,http://ufcstats.com/fight-details/5a82757b553c40fc
7538,680,Umar Nurmagomedov vs. Bekzat Almakhan,http://ufcstats.com/fight-details/dcf5014e56649c2f
7537,680,Steve Erceg vs. Matt Schnell,http://ufcstats.com/fight-details/024beecfd3f0ed7a
7536,680,Eryk Anders vs. Jamie Pickett,http://ufcstats.com/fight-details/32bd7ed48f5aea7e
7535,680,Vinicius Oliveira vs. Benardo Sopaj,http://ufcstats.com/fight-details/cde2f88251b73305
7534,680,Aiemann Zahabi vs. Javid Basharat,http://ufcstats.com/fight-details/a7d397cd0f2ac93a
7533,680,Christian Leroy Duncan vs. Claudio Ribeiro,http://ufcstats.com/fight-details/3ea7d69a1238f26a
7532,680,Ludovit Klein vs. AJ Cunningham,http://ufcstats.com/fight-details/4e566db7d26df001
7531,680,Loik Radzhabov vs. Abdul-Kareem Al-Selwady,http://ufcstats.com/fight-details/ba8f219260e212f8
7530,679,Brandon Royval vs. Brandon Moreno,http://ufcstats.com/fight-details/74f5cbecac011abb
7529,679,Brian Ortega vs. Yair Rodriguez,http://ufcstats.com/fight-details/3b05a4ced6dd74f5
7528,679,Daniel Zellhuber vs. Francisco Prado,http://ufcstats.com/fight-details/ecbece0cbd60029e
7527,679,Yazmin Jauregui vs. Sam Hughes,http://ufcstats.com/fight-details/6e4acb2aaa2cee56
7526,679,Manuel Torres vs. Chris Duncan,http://ufcstats.com/fight-details/673a156925dfb31d
7525,679,Raoni Barcelos vs. Cristian Quinonez,http://ufcstats.com/fight-details/063e7ce759c52f81
7524,679,Jesus Aguilar vs. Mateus Mendonca,http://ufcstats.com/fight-details/d1d3b6ab8a56e973
7523,679,Edgar Chairez vs. Daniel Lacerda,http://ufcstats.com/fight-details/1c03c1bb62f3aed6
7522,679,Fares Ziam vs. Claudio Puelles,http://ufcstats.com/fight-details/a376f6d5806d0c90
7521,679,Ronaldo Rodriguez vs. Denys Bondar,http://ufcstats.com/fight-details/5e8c710f9f27aff8
7520,679,Felipe dos Santos vs. Victor Altamirano,http://ufcstats.com/fight-details/93ddc6b233d1956a
7519,679,Muhammad Naimov vs. Erik Silva,http://ufcstats.com/fight-details/50dae6b76c9c6490
7518,678,Ilia Topuria vs. Alexander Volkanovski,http://ufcstats.com/fight-details/bec3154a11df3299
7517,678,Robert Whittaker vs. Paulo Costa,http://ufcstats.com/fight-details/01432891260084a4
7516,678,Ian Machado Garry vs. Geoff Neal,http://ufcstats.com/fight-details/8fb0092430448368
7515,678,Merab Dvalishvili vs. Henry Cejudo,http://ufcstats.com/fight-details/9785420602b452f7
7514,678,Anthony Hernandez vs. Roman Kopylov,http://ufcstats.com/fight-details/f87a3fa07f0009c9
7513,678,Amanda Lemos vs. Mackenzie Dern,http://ufcstats.com/fight-details/2aeb3ec2d8c05dc8
7512,678,Marcos Rogerio de Lima vs. Junior Tafa,http://ufcstats.com/fight-details/1456a3f96ac7e35b
7511,678,Rinya Nakamura vs. Carlos Vera,http://ufcstats.com/fight-details/e92fb5c609e20b49
7510,678,Zhang Mingyang vs. Brendson Ribeiro,http://ufcstats.com/fight-details/aeb3e4d9710207a4
7509,678,Danny Barlow vs. Josh Quinlan,http://ufcstats.com/fight-details/ef13ed466e0b42d8
7508,678,Oban Elliott vs. Val Woodburn,http://ufcstats.com/fight-details/9ddaa62cc806958d
7507,678,Miranda Maverick vs. Andrea Lee,http://ufcstats.com/fight-details/b7d238437d6644ce
7506,677,Jack Hermansson vs. Joe Pyfer,http://ufcstats.com/fight-details/406f2aacd1d1faf9
7505,677,Dan Ige vs. Andre Fili,http://ufcstats.com/fight-details/25259e230be9cdc9
7504,677,Ihor Potieria vs. Robert Bryczek,http://ufcstats.com/fight-details/17050a7b673dc49d
7503,677,Gregory Rodrigues vs. Brad Tavares,http://ufcstats.com/fight-details/e7938bac3ec8b442
7502,677,Michael Johnson vs. Darrius Flowers,http://ufcstats.com/fight-details/5304956aada097e8
7501,677,Rodolfo Vieira vs. Armen Petrosyan,http://ufcstats.com/fight-details/9d8473ae274ed625
7500,677,Carlos Prates vs. Trevin Giles,http://ufcstats.com/fight-details/246fef4b19c3a7ed
7499,677,Bolaji Oki vs. Timmy Cuamba,http://ufcstats.com/fight-details/edf46d6962be7e8d
7498,677,Loma Lookboonmee vs. Bruna Brasil,http://ufcstats.com/fight-details/c3986c1a56a6e94d
7497,677,Marcin Prachnio vs. Devin Clark,http://ufcstats.com/fight-details/dbfd7616dec2b6d5
7496,677,Max Griffin vs. Jeremiah Wells,http://ufcstats.com/fight-details/08f7a60bd84a6b3c
7495,677,Bogdan Guskov vs. Zac Pauga,http://ufcstats.com/fight-details/ad26bf55ff201f4f
7494,677,Hyder Amil vs. Fernie Garcia,http://ufcstats.com/fight-details/478a637045ad49fb
7493,677,Daniel Marcos vs. Aoriqileng,http://ufcstats.com/fight-details/6cd542650d886c22
7492,676,Nassourdine Imavov vs. Roman Dolidze,http://ufcstats.com/fight-details/767ceb4a0cb43ade
7491,676,Renato Moicano vs. Drew Dober,http://ufcstats.com/fight-details/733e675fd7c0052a
7490,676,Randy Brown vs. Muslim Salikhov,http://ufcstats.com/fight-details/af6d56860ba4d259
7489,676,Natalia Silva vs. Viviane Araujo,http://ufcstats.com/fight-details/7b1882dc76786d77
7488,676,Aliaskhab Khizriev vs. Makhmud Muradov,http://ufcstats.com/fight-details/415ea2520b7ba720
7487,676,Charles Radtke vs. Gilbert Urbina,http://ufcstats.com/fight-details/330d86bfaa4155fe
7486,676,Molly McCann vs. Diana Belbita,http://ufcstats.com/fight-details/d4ace70b3661ee6c
7485,676,Charles Johnson vs. Azat Maksum,http://ufcstats.com/fight-details/ca7d61e167d7789c
7484,676,Themba Gorimbo vs. Pete Rodriguez,http://ufcstats.com/fight-details/4cff9aeef3ac75c1
7483,676,JeongYeong Lee vs. Blake Bilder,http://ufcstats.com/fight-details/e1930496b33fa636
7482,676,Luana Carolina vs. Julija Stoliarenko,http://ufcstats.com/fight-details/c28d40498150de90
7481,676,MarQuel Mederos vs. Landon Quinones,http://ufcstats.com/fight-details/e396c509fb47b037
7480,676,Jamal Pogues vs. Thomas Petersen,http://ufcstats.com/fight-details/df9847839c73a678
7479,675,Dricus Du Plessis vs. Sean Strickland,http://ufcstats.com/fight-details/14e53999507c76a7
7478,675,Raquel Pennington vs. Mayra Bueno Silva,http://ufcstats.com/fight-details/faf15b752fb8924c
7477,675,Neil Magny vs. Mike Malott,http://ufcstats.com/fight-details/97817609ed46baa0
7476,675,Chris Curtis vs. Marc-Andre Barriault,http://ufcstats.com/fight-details/ba5005d1116fa45f
7475,675,Movsar Evloev vs. Arnold Allen,http://ufcstats.com/fight-details/1a7cd191f0cf160c
7474,675,Garrett Armfield vs. Brad Katona,http://ufcstats.com/fight-details/670e4754d8d3d172
7473,675,Sean Woodson vs. Charles Jourdain,http://ufcstats.com/fight-details/331ddc1141e934d1
7472,675,Ramon Taveras vs. Serhiy Sidey,http://ufcstats.com/fight-details/43d90683078fcee5
7471,675,Gillian Robertson vs. Polyana Viana,http://ufcstats.com/fight-details/dff2685afd98ed9e
7470,675,Sam Patterson vs. Yohan Lainesse,http://ufcstats.com/fight-details/a10e2d5416972b9c
7469,675,Jasmine Jasudavicius vs. Priscila Cachoeira,http://ufcstats.com/fight-details/7736eb6bd5c1ff4a
7468,675,Jimmy Flick vs. Malcolm Gordon,http://ufcstats.com/fight-details/ab105e5a56b5ee90
7467,674,Magomed Ankalaev vs. Johnny Walker,http://ufcstats.com/fight-details/f2b407019b2a5c15
7466,674,Jim Miller vs. Gabriel Benitez,http://ufcstats.com/fight-details/640f2ae3995b3b4f
7465,674,Mario Bautista vs. Ricky Simon,http://ufcstats.com/fight-details/a8239866e1222eae
7464,674,Brunno Ferreira vs. Phil Hawes,http://ufcstats.com/fight-details/d0d99889c6abd8e1
7463,674,Waldo Cortes-Acosta vs. Andrei Arlovski,http://ufcstats.com/fight-details/6f13fe34cb3ca906
7462,674,Preston Parsons vs. Matthew Semelsberger,http://ufcstats.com/fight-details/5f622d812b8f407f
7461,674,Marcus McGhee vs. Gaston Bolanos,http://ufcstats.com/fight-details/03de7404decde12f
7460,674,Farid Basharat vs. Taylor Lapilus,http://ufcstats.com/fight-details/477c3b9de012e4b3
7459,674,Jean Silva vs. Westin Wilson,http://ufcstats.com/fight-details/0494ebcee93e717b
7458,674,Nikolas Motta vs. Tom Nolan,http://ufcstats.com/fight-details/5344e76e26503716
7457,674,Joshua Van vs. Felipe Bunes,http://ufcstats.com/fight-details/fd29123ff92789e4
7456,673,Leon Edwards vs. Colby Covington,http://ufcstats.com/fight-details/3fa8ee3fdc04fe36
7455,673,Alexandre Pantoja vs. Brandon Royval,http://ufcstats.com/fight-details/4896b36f1333d25c
7454,673,Shavkat Rakhmonov vs. Stephen Thompson,http://ufcstats.com/fight-details/1efc813ccd7a5aba
7453,673,Paddy Pimblett vs. Tony Ferguson,http://ufcstats.com/fight-details/ac8628d945a78b03
7452,673,Josh Emmett vs. Bryce Mitchell,http://ufcstats.com/fight-details/3b21a9f48bac4a44
7451,673,Alonzo Menifield vs. Dustin Jacoby,http://ufcstats.com/fight-details/521a0e016878d174
7450,673,Irene Aldana vs. Karol Rosa,http://ufcstats.com/fight-details/609d994bfe440ec3
7449,673,Cody Garbrandt vs. Brian Kelleher,http://ufcstats.com/fight-details/f8a8871d167fc929
7448,673,Ariane da Silva vs. Casey O'Neill,http://ufcstats.com/fight-details/c442899c21d58779
7447,673,Tagir Ulanbekov vs. Cody Durden,http://ufcstats.com/fight-details/4ec249e549309b16
7446,673,Andre Fili vs. Lucas Almeida,http://ufcstats.com/fight-details/abb6e2169ba580d2
7445,673,Shamil Gaziev vs. Martin Buday,http://ufcstats.com/fight-details/fce6522f42b48f18
7444,672,Song Yadong vs. Chris Gutierrez,http://ufcstats.com/fight-details/f9ec8bedc15ece93
7443,672,Khalil Rountree Jr. vs. Anthony Smith,http://ufcstats.com/fight-details/91093a019d32af2e
7442,672,Nasrat Haqparast vs. Jamie Mullarkey,http://ufcstats.com/fight-details/acc57a9c114b694a
7441,672,Tim Elliott vs. Sumudaerji,http://ufcstats.com/fight-details/fbedeb4e4b019b94
7440,672,Andre Muniz vs. JunYong Park,http://ufcstats.com/fight-details/1afc4f372a125c74
7439,672,Kevin Jousset vs. Song Kenan,http://ufcstats.com/fight-details/3adab28c5c6a9254
7438,672,HyunSung Park vs. Shannon Ross,http://ufcstats.com/fight-details/35addc4646509286
7437,672,Steve Garcia vs. Melquizael Costa,http://ufcstats.com/fight-details/5ac1725f775c6f00
7436,672,Luana Santos vs. Stephanie Egger,http://ufcstats.com/fight-details/5a6e894e4b6cc703
7435,672,Tatsuro Taira vs. Carlos Hernandez,http://ufcstats.com/fight-details/84f6de7c99779e5f
7434,672,Talita Alencar vs. Rayanne dos Santos,http://ufcstats.com/fight-details/acde7c89bd724af8
7433,671,Arman Tsarukyan vs. Beneil Dariush,http://ufcstats.com/fight-details/9feb9500b0fedfcd
7432,671,Jalin Turner vs. King Green,http://ufcstats.com/fight-details/03eecf1926d9c77c
7431,671,Deiveson Figueiredo vs. Rob Font,http://ufcstats.com/fight-details/246d06693b5ca1e8
7430,671,Sean Brady vs. Kelvin Gastelum,http://ufcstats.com/fight-details/39c4ae4624052f9f
7429,671,Joaquim Silva vs. Clay Guida,http://ufcstats.com/fight-details/20bfa549cb2cabe7
7428,671,Dustin Stoltzfus vs. Punahele Soriano,http://ufcstats.com/fight-details/02713b2d25f74d43
7427,671,Miesha Tate vs. Julia Avila,http://ufcstats.com/fight-details/626c82ed45fdcf59
7426,671,Cody Brundage vs. Zachary Reese,http://ufcstats.com/fight-details/0320a6a967069571
7425,671,Drakkar Klose vs. Joe Solecki,http://ufcstats.com/fight-details/d0602cdc04d2c159
7424,671,Rodolfo Bellato vs. Ihor Potieria,http://ufcstats.com/fight-details/0dc2fc8d39e226a3
7423,671,Jared Gooden vs. Wellington Turman,http://ufcstats.com/fight-details/32813f5f46f045e8
7422,671,Veronica Hardy vs. Jamey-Lyn Horth,http://ufcstats.com/fight-details/d0ac2cc5c57c4e66
7421,670,Brendan Allen vs. Paul Craig,http://ufcstats.com/fight-details/7990b6716a53b2cd
7420,670,Michael Morales vs. Jake Matthews,http://ufcstats.com/fight-details/73ebbfb998edc1f1
7419,670,Chase Hooper vs. Jordan Leavitt,http://ufcstats.com/fight-details/5be63144ac46f97e
7418,670,Payton Talbott vs. Nick Aguirre,http://ufcstats.com/fight-details/2ae243f518948794
7417,670,Amanda Ribas vs. Luana Pinheiro,http://ufcstats.com/fight-details/bd4d2522cb0d1a23
7416,670,Myktybek Orolbai vs. Uros Medic,http://ufcstats.com/fight-details/b210b99d9c1c9196
7415,670,Joanderson Brito vs. Jonathan Pearce,http://ufcstats.com/fight-details/62b64802ea49e2fd
7414,670,Jose Johnson vs. Chad Anheliger,http://ufcstats.com/fight-details/c1aef0f60a5b62e3
7413,670,Christian Leroy Duncan vs. Denis Tiuliulin,http://ufcstats.com/fight-details/16109688429c09de
7412,670,Mick Parkin vs. Caio Machado,http://ufcstats.com/fight-details/36f10b949b935b8c
7411,670,Jeka Saragih vs. Lucas Alexander,http://ufcstats.com/fight-details/f0fe73e650b746f2
7410,670,Ailin Perez vs. Lucie Pudilova,http://ufcstats.com/fight-details/6997693d552600dd
7409,670,Trey Ogden vs. Nikolas Motta,http://ufcstats.com/fight-details/6e5a3d6b6ed84ac3
7408,670,Rafael Estevam vs. Charles Johnson,http://ufcstats.com/fight-details/9abf0b60a44a82d1
7407,669,Alex Pereira vs. Jiri Prochazka,http://ufcstats.com/fight-details/b1f2ec122beda7a5
7406,669,Tom Aspinall vs. Sergei Pavlovich,http://ufcstats.com/fight-details/db49619221b282af
7405,669,Jessica Andrade vs. Mackenzie Dern,http://ufcstats.com/fight-details/6fd67582d8adb1c7
7404,669,Benoit Saint Denis vs. Matt Frevola,http://ufcstats.com/fight-details/9fe98de1eac21f2e
7403,669,Diego Lopes vs. Pat Sabatini,http://ufcstats.com/fight-details/128ab9aa4802c73f
7402,669,Steve Erceg vs. Alessandro Costa,http://ufcstats.com/fight-details/5704e73f91b9e7f7
7401,669,Loopy Godinez vs. Tabatha Ricci,http://ufcstats.com/fight-details/a0362d60d2e1db0d
7400,669,Mateusz Rebecki vs. Roosevelt Roberts,http://ufcstats.com/fight-details/480c4dbd2e792d86
7399,669,Nazim Sadykhov vs. Viacheslav Borshchev,http://ufcstats.com/fight-details/83a0fff04494bfc4
7398,669,Jared Gordon vs. Mark Madsen,http://ufcstats.com/fight-details/4c025d1fff9e9fce
7397,669,John Castaneda vs. Kyung Ho Kang,http://ufcstats.com/fight-details/57333b7bff20ece0
7396,669,Joshua Van vs. Kevin Borjas,http://ufcstats.com/fight-details/8a0fc4624578a7e4
7395,669,Jamall Emmers vs. Dennis Buzukja,http://ufcstats.com/fight-details/1cf69de0eea46877
7394,668,Jailton Almeida vs. Derrick Lewis,http://ufcstats.com/fight-details/ac37849f627a79c4
7393,668,Nicolas Dalby vs. Gabriel Bonfim,http://ufcstats.com/fight-details/3a81276a9641c6a1
7392,668,Rodrigo Nascimento vs. Don'Tale Mayes,http://ufcstats.com/fight-details/119bc264e2bb9877
7391,668,Caio Borralho vs. Abus Magomedov,http://ufcstats.com/fight-details/7d474fbf31894108
7390,668,Elves Brener vs. Kaynan Kruschewsky,http://ufcstats.com/fight-details/ff8f92cf8fb1b76c
7389,668,Rinat Fakhretdinov vs. Elizeu Zaleski dos Santos,http://ufcstats.com/fight-details/b5ea6535748edbce
7388,668,Vitor Petrino vs. Modestas Bukauskas,http://ufcstats.com/fight-details/6532b71560ae39e0
7387,668,Angela Hill vs. Denise Gomes,http://ufcstats.com/fight-details/7df5998eca143c04
7386,668,Eduarda Moura vs. Montserrat Conejo Ruiz,http://ufcstats.com/fight-details/9e2bb8d5961b44d4
7385,668,Marc Diakiese vs. Kaue Fernandes,http://ufcstats.com/fight-details/3c69bed42893da75
7384,667,Islam Makhachev vs. Alexander Volkanovski,http://ufcstats.com/fight-details/0ea435ddf02deb60
7383,667,Khamzat Chimaev vs. Kamaru Usman,http://ufcstats.com/fight-details/f23e9729b2b73c27
7382,667,Magomed Ankalaev vs. Johnny Walker,http://ufcstats.com/fight-details/821960adf5bfa15c
7381,667,Ikram Aliskerov vs. Warlley Alves,http://ufcstats.com/fight-details/7024385b5107bd4b
7380,667,Said Nurmagomedov vs. Muin Gafurov,http://ufcstats.com/fight-details/ed3334d108b257a6
7379,667,Muhammad Mokaev vs. Tim Elliott,http://ufcstats.com/fight-details/e9256316716499b8
7378,667,Trevor Peek vs. Mohammad Yahya,http://ufcstats.com/fight-details/3c6fb6bf9b7afd40
7377,667,Javid Basharat vs. Victor Henry,http://ufcstats.com/fight-details/0d1af8c6a5793185
7376,667,Sedriques Dumas vs. Abu Azaitar,http://ufcstats.com/fight-details/43de9ff6064361e1
7375,667,Mike Breeden vs. Anshul Jubli,http://ufcstats.com/fight-details/75c5f923f966b53b
7374,667,Muhammad Naimov vs. Nathaniel Wood,http://ufcstats.com/fight-details/b84c447bb74febe2
7373,667,Viktoriia Dudakova vs. Jinh Yu Frey,http://ufcstats.com/fight-details/18e5af00a8478a0e
7372,667,Shara Magomedov vs. Bruno Silva,http://ufcstats.com/fight-details/539732694ab2c8d6
7371,666,Edson Barboza vs. Sodiq Yusuff,http://ufcstats.com/fight-details/824859c7580eb35b
7370,666,Viviane Araujo vs. Jennifer Maia,http://ufcstats.com/fight-details/751cf3d52fce1d1f
7369,666,Jonathan Martinez vs. Adrian Yanez,http://ufcstats.com/fight-details/0d6d212fcdf47f2e
7368,666,Michel Pereira vs. Andre Petroski,http://ufcstats.com/fight-details/6acd1c591170f597
7367,666,Christian Rodriguez vs. Cameron Saaiman,http://ufcstats.com/fight-details/0197a61472fc351d
7366,666,Darren Elkins vs. TJ Brown,http://ufcstats.com/fight-details/3a8af8ee23444b72
7365,666,Tainara Lisboa vs. Ravena Oliveira,http://ufcstats.com/fight-details/5b7b5b01f4dcbd9c
7364,666,Terrance McKinney vs. Brendon Marotte,http://ufcstats.com/fight-details/7f7d2abc21f171ca
7363,666,Melissa Mullins vs. Irina Alekseeva,http://ufcstats.com/fight-details/1ba282da76ca82ad
7362,666,Chris Gutierrez vs. Alatengheili,http://ufcstats.com/fight-details/a74a8c1e0a49070d
7361,666,Emily Ducote vs. Ashley Yoder,http://ufcstats.com/fight-details/85a130a4b655c8f5
7360,665,King Green vs. Grant Dawson,http://ufcstats.com/fight-details/1aa4c2fa5ffaff00
7359,665,Joe Pyfer vs. Abdul Razak Alhassan,http://ufcstats.com/fight-details/e966de63c8e6b1d5
7358,665,Joaquin Buckley vs. Alex Morono,http://ufcstats.com/fight-details/eb76a5b76a68e4c4
7357,665,Drew Dober vs. Ricky Glenn,http://ufcstats.com/fight-details/68095e551ff6bbfd
7356,665,Bill Algeo vs. Alexander Hernandez,http://ufcstats.com/fight-details/b638646fb297228d
7355,665,Karolina Kowalkiewicz vs. Diana Belbita,http://ufcstats.com/fight-details/b6a6ba08898f3b6a
7354,665,Nate Maness vs. Mateus Mendonca,http://ufcstats.com/fight-details/eb7b0a6f06dbdb4f
7353,665,Vanessa Demopoulos vs. Kanako Murata,http://ufcstats.com/fight-details/5ee83e03aaff5fa1
7352,665,Aoriqileng vs. Johnny Munoz,http://ufcstats.com/fight-details/df146b0592259e5d
7351,665,JJ Aldrich vs. Montana De La Rosa,http://ufcstats.com/fight-details/cc4fcfede19bc196
7350,664,Mateusz Gamrot vs. Rafael Fiziev,http://ufcstats.com/fight-details/23a604f460289271
7349,664,Bryce Mitchell vs. Dan Ige,http://ufcstats.com/fight-details/da1b37edb8ccd3e6
7348,664,Marina Rodriguez vs. Michelle Waterson-Gomez,http://ufcstats.com/fight-details/d8335b728604b222
7347,664,Bryan Battle vs. AJ Fletcher,http://ufcstats.com/fight-details/bf647be41de365e4
7346,664,Charles Jourdain vs. Ricardo Ramos,http://ufcstats.com/fight-details/6e1bf1b163b3aeab
7345,664,Dan Argueta vs. Miles Johns,http://ufcstats.com/fight-details/b78545b32a97ac44
7344,664,Tim Means vs. Andre Fialho,http://ufcstats.com/fight-details/b3c7a5a97978d156
7343,664,Cody Brundage vs. Jacob Malkoun,http://ufcstats.com/fight-details/1496969c1497dc85
7342,664,Mohammed Usman vs. Jake Collier,http://ufcstats.com/fight-details/49ede01b061cfae3
7341,664,Mizuki vs. Hannah Goldy,http://ufcstats.com/fight-details/adb411b0f418ce33
7340,664,Montse Rendon vs. Tamires Vidal,http://ufcstats.com/fight-details/0732e6b6eb0a607d
7339,663,Alexa Grasso vs. Valentina Shevchenko,http://ufcstats.com/fight-details/b395c89e19a3fec4
7338,663,Jack Della Maddalena vs. Kevin Holland,http://ufcstats.com/fight-details/697efaf0d162e877
7337,663,Raul Rosas Jr. vs. Terrence Mitchell,http://ufcstats.com/fight-details/c0ca4c201d086ea8
7336,663,Daniel Zellhuber vs. Christos Giagos,http://ufcstats.com/fight-details/2e1435c160bfe8b2
7335,663,Kyle Nelson vs. Fernando Padilla,http://ufcstats.com/fight-details/a5d76e93a5052e3f
7334,663,Loopy Godinez vs. Elise Reed,http://ufcstats.com/fight-details/79f03eca3fe5cdb3
7333,663,Roman Kopylov vs. Josh Fremd,http://ufcstats.com/fight-details/7a0813ec0fadc84e
7332,663,Edgar Chairez vs. Daniel Lacerda,http://ufcstats.com/fight-details/5d3e046b6bcd49f5
7331,663,Tracy Cortez vs. Jasmine Jasudavicius,http://ufcstats.com/fight-details/bcec26b425194e40
7330,663,Charlie Campbell vs. Alex Reyes,http://ufcstats.com/fight-details/58b2fdad7af9be02
7329,663,Josefine Knutsson vs. Marnic Mann,http://ufcstats.com/fight-details/11318a7807cee8ca
7328,662,Sean Strickland vs. Israel Adesanya,http://ufcstats.com/fight-details/7f16e7725245bb2d
7327,662,Alexander Volkov vs. Tai Tuivasa,http://ufcstats.com/fight-details/e4ed294e16e16d81
7326,662,Manel Kape vs. Felipe dos Santos,http://ufcstats.com/fight-details/222bb2c67a87d312
7325,662,Justin Tafa vs. Austen Lane,http://ufcstats.com/fight-details/f9d2137f380e66bf
7324,662,Tyson Pedro vs. Anton Turkalj,http://ufcstats.com/fight-details/3e1c27f17433f9e4
7323,662,Carlos Ulberg vs. Da Woon Jung,http://ufcstats.com/fight-details/a3d75cc363a6544b
7322,662,Chepe Mariscal vs. Jack Jenkins,http://ufcstats.com/fight-details/09a7f0979a58e6ea
7321,662,Jamie Mullarkey vs. John Makdessi,http://ufcstats.com/fight-details/0aae15358d8606b9
7320,662,Nasrat Haqparast vs. Landon Quinones,http://ufcstats.com/fight-details/bfff5a3777841344
7319,662,Charles Radtke vs. Blood Diamond,http://ufcstats.com/fight-details/56809feb4fe7ea61
7318,662,Gabriel Miranda vs. Shane Young,http://ufcstats.com/fight-details/5d481ff494bf40da
7317,662,Kevin Jousset vs. Kiefer Crosbie,http://ufcstats.com/fight-details/65c89e0c92e51bb8
7316,661,Ciryl Gane vs. Serghei Spivac,http://ufcstats.com/fight-details/ea006bae605e2a6b
7315,661,Manon Fiorot vs. Rose Namajunas,http://ufcstats.com/fight-details/4eaf54ad3c82b6fa
7314,661,Benoit Saint Denis vs. Thiago Moises,http://ufcstats.com/fight-details/dfa8fd0b82b37fa1
7313,661,Volkan Oezdemir vs. Bogdan Guskov,http://ufcstats.com/fight-details/5098d052525da54f
7312,661,William Gomis vs. Yanis Ghemmouri,http://ufcstats.com/fight-details/1c29c53ff032c5c1
7311,661,Morgan Charriere vs. Manolo Zecchini,http://ufcstats.com/fight-details/0d41a3fa5efef91b
7310,661,Taylor Lapilus vs. Caolan Loughran,http://ufcstats.com/fight-details/1b9a127f9dadaad9
7309,661,Ange Loosa vs. Rhys McKee,http://ufcstats.com/fight-details/1be27d95bba03f17
7308,661,Nora Cornolle vs. Joselyne Edwards,http://ufcstats.com/fight-details/e3a5a7ede88a2555
7307,661,Farid Basharat vs. Kleydson Rodrigues,http://ufcstats.com/fight-details/ac73c6888ee9322c
7306,661,Jacqueline Cavalcanti vs. Zarah Fairn,http://ufcstats.com/fight-details/2a48d0a98c21e736
7305,660,Max Holloway vs. Chan Sung Jung,http://ufcstats.com/fight-details/96704d7ba3a452d9
7304,660,Anthony Smith vs. Ryan Spann,http://ufcstats.com/fight-details/c53b0f678fe2f16a
7303,660,Giga Chikadze vs. Alex Caceres,http://ufcstats.com/fight-details/dd617f6ab4916ec4
7302,660,Rinya Nakamura vs. Fernie Garcia,http://ufcstats.com/fight-details/de89bea7b0dcd2d3
7301,660,Erin Blanchfield vs. Taila Santos,http://ufcstats.com/fight-details/5531317352862978
7300,660,Junior Tafa vs. Parker Porter,http://ufcstats.com/fight-details/f7bc845ce74f5fe7
7299,660,Waldo Cortes-Acosta vs. Lukasz Brzeski,http://ufcstats.com/fight-details/bfc9989751bd0d04
7298,660,Garrett Armfield vs. Toshiomi Kazama,http://ufcstats.com/fight-details/48231fbd1af53674
7297,660,Michal Oleksiejczuk vs. Chidi Njokuani,http://ufcstats.com/fight-details/293c5f4c9aca5c54
7296,660,Song Kenan vs. Rolando Bedoya,http://ufcstats.com/fight-details/da6b863cf684e0ae
7295,660,Billy Ray Goff vs. Yusaku Kinoshita,http://ufcstats.com/fight-details/977250a28d3b8a3f
7294,660,JJ Aldrich vs. Liang Na,http://ufcstats.com/fight-details/23865dfc8361ac62
7293,660,SeungWoo Choi vs. Jarno Errens,http://ufcstats.com/fight-details/b65b37c0e00074d9
7292,659,Sean O'Malley vs. Aljamain Sterling,http://ufcstats.com/fight-details/ee796ecb4ee8680b
7291,659,Zhang Weili vs. Amanda Lemos,http://ufcstats.com/fight-details/845e38dfbfea6e53
7290,659,Ian Machado Garry vs. Neil Magny,http://ufcstats.com/fight-details/78d2c01dc963f204
7289,659,Mario Bautista vs. Da'Mon Blackshear,http://ufcstats.com/fight-details/fd4d30036a3f3efb
7288,659,Marlon Vera vs. Pedro Munhoz,http://ufcstats.com/fight-details/621e6f0929a3dbfc
7287,659,Brad Tavares vs. Chris Weidman,http://ufcstats.com/fight-details/1a95cc401f68f4c8
7286,659,Gregory Rodrigues vs. Denis Tiuliulin,http://ufcstats.com/fight-details/f995ed679ef8bdf4
7285,659,Kurt Holobaugh vs. Austin Hubbard,http://ufcstats.com/fight-details/62d53ad8f8769666
7284,659,Brad Katona vs. Cody Gibson,http://ufcstats.com/fight-details/e9754f597ec50f6f
7283,659,Andre Petroski vs. Gerald Meerschaert,http://ufcstats.com/fight-details/9f7c28381b6913c8
7282,659,Natalia Silva vs. Andrea Lee,http://ufcstats.com/fight-details/8c7b5b21b3532027
7281,659,Karine Silva vs. Maryna Moroz,http://ufcstats.com/fight-details/f329bd89e375d6df
7280,658,Vicente Luque vs. Rafael Dos Anjos,http://ufcstats.com/fight-details/e346f2b7af63e804
7279,658,Cub Swanson vs. Hakeem Dawodu,http://ufcstats.com/fight-details/1b1fd32485861655
7278,658,Khalil Rountree Jr. vs. Chris Daukaus,http://ufcstats.com/fight-details/c57a4810c932b296
7277,658,Iasmin Lucindo vs. Polyana Viana,http://ufcstats.com/fight-details/c2f730cb33df5221
7276,658,AJ Dobson vs. Tafon Nchukwi,http://ufcstats.com/fight-details/560a971c6ab8b854
7275,658,Josh Fremd vs. Jamie Pickett,http://ufcstats.com/fight-details/9a9479663bedf8b4
7274,658,Marcus McGhee vs. JP Buys,http://ufcstats.com/fight-details/2c160a1d1fdbf0b0
7273,658,Terrance McKinney vs. Mike Breeden,http://ufcstats.com/fight-details/9576d9cba5cf5c4e
7272,658,Isaac Dulgarian vs. Francis Marshall,http://ufcstats.com/fight-details/9479ba3cdcb1e513
7271,658,Martin Buday vs. Josh Parisian,http://ufcstats.com/fight-details/d5929b7fbc801ce4
7270,658,Jaqueline Amorim vs. Montserrat Conejo Ruiz,http://ufcstats.com/fight-details/ca2aa660bea0cb60
7269,658,Da'Mon Blackshear vs. Jose Johnson,http://ufcstats.com/fight-details/91a5480f48bfaa71
7268,658,Luana Santos vs. Juliana Miller,http://ufcstats.com/fight-details/e3573545220ca4ea
7267,657,Cory Sandhagen vs. Rob Font,http://ufcstats.com/fight-details/554163b1c8c05522
7266,657,Tatiana Suarez vs. Jessica Andrade,http://ufcstats.com/fight-details/ec2358459ffbe7de
7265,657,Dustin Jacoby vs. Kennedy Nzechukwu,http://ufcstats.com/fight-details/2c54be25b09fce50
7264,657,Diego Lopes vs. Gavin Tucker,http://ufcstats.com/fight-details/79bfba62da6242a6
7263,657,Tanner Boser vs. Aleksa Camur,http://ufcstats.com/fight-details/2c0496a5f39ab8a4
7262,657,Ludovit Klein vs. Ignacio Bahamondes,http://ufcstats.com/fight-details/531ce3d8011fa1f6
7261,657,Kyler Phillips vs. Raoni Barcelos,http://ufcstats.com/fight-details/e5cb9dfc1189d77d
7260,657,Carlston Harris vs. Jeremiah Wells,http://ufcstats.com/fight-details/bda7992779a005fa
7259,657,Billy Quarantillo vs. Damon Jackson,http://ufcstats.com/fight-details/1b0d5e65fdfc62cf
7258,657,Cody Durden vs. Jake Hadley,http://ufcstats.com/fight-details/38901948cff43ff9
7257,657,Sean Woodson vs. Dennis Buzukja,http://ufcstats.com/fight-details/436a1ce6b0c6b4bb
7256,657,Asu Almabayev vs. Ode Osbourne,http://ufcstats.com/fight-details/6b5c225814a924ed
7255,656,Justin Gaethje vs. Dustin Poirier,http://ufcstats.com/fight-details/c27e33ee8ef53866
7254,656,Alex Pereira vs. Jan Blachowicz,http://ufcstats.com/fight-details/800a35b3a7e52308
7253,656,Derrick Lewis vs. Marcos Rogerio de Lima,http://ufcstats.com/fight-details/eff6ec2b2f1fb27b
7252,656,King Green vs. Tony Ferguson,http://ufcstats.com/fight-details/f1eca70738ca073e
7251,656,Kevin Holland vs. Michael Chiesa,http://ufcstats.com/fight-details/cbf1e76186a0c8b3
7250,656,Gabriel Bonfim vs. Trevin Giles,http://ufcstats.com/fight-details/4327fe98e1b6f222
7249,656,CJ Vergara vs. Vinicius Salvador,http://ufcstats.com/fight-details/e5ac7343b6d45188
7248,656,Roman Kopylov vs. Claudio Ribeiro,http://ufcstats.com/fight-details/5116f9398bfca446
7247,656,Jake Matthews vs. Darrius Flowers,http://ufcstats.com/fight-details/7a8f218c07347c88
7246,656,Uros Medic vs. Matthew Semelsberger,http://ufcstats.com/fight-details/3de326b65aa6245d
7245,656,Miranda Maverick vs. Priscila Cachoeira,http://ufcstats.com/fight-details/74fef059e229d217
7244,655,Tom Aspinall vs. Marcin Tybura,http://ufcstats.com/fight-details/90e46589a18064bc
7243,655,Julija Stoliarenko vs. Molly McCann,http://ufcstats.com/fight-details/743a04674ab72ee0
7242,655,Nathaniel Wood vs. Andre Fili,http://ufcstats.com/fight-details/9541cf21e031354c
7241,655,Paul Craig vs. Andre Muniz,http://ufcstats.com/fight-details/8104fe27bdc46914
7240,655,Fares Ziam vs. Jai Herbert,http://ufcstats.com/fight-details/c4caa8a4f32a0eed
7239,655,Lerone Murphy vs. Josh Culibao,http://ufcstats.com/fight-details/3c4305abc2e302d0
7238,655,Daniel Marcos vs. Davey Grant,http://ufcstats.com/fight-details/b4e2037f180c1e0e
7237,655,Jonny Parsons vs. Danny Roberts,http://ufcstats.com/fight-details/d54ebd2a3435a357
7236,655,Joel Alvarez vs. Marc Diakiese,http://ufcstats.com/fight-details/319b96f615a0a154
7235,655,Mick Parkin vs. Jamal Pogues,http://ufcstats.com/fight-details/89b96bc5f3e824c5
7234,655,Makhmud Muradov vs. Bryan Barberena,http://ufcstats.com/fight-details/8b341eb556c97c23
7233,655,Ketlen Vieira vs. Pannie Kianzad,http://ufcstats.com/fight-details/a0bc695b35f155f1
7232,655,Chris Duncan vs. Yanal Ashmouz,http://ufcstats.com/fight-details/a8a4c9f98ff73839
7231,655,Bruna Brasil vs. Shauna Bannon,http://ufcstats.com/fight-details/c81d1facf185467d
7230,655,Jafel Filho vs. Daniel Barez,http://ufcstats.com/fight-details/d918da575ee1bc35
7229,654,Holly Holm vs. Mayra Bueno Silva,http://ufcstats.com/fight-details/73370221b3fa3676
7228,654,Jack Della Maddalena vs. Bassil Hafez,http://ufcstats.com/fight-details/3352c65f3f6d9b2a
7227,654,Francisco Prado vs. Ottman Azaitar,http://ufcstats.com/fight-details/b52dccbe69864d2a
7226,654,JunYong Park vs. Albert Duraev,http://ufcstats.com/fight-details/6adfe44b110c1510
7225,654,Norma Dumont vs. Chelsea Chandler,http://ufcstats.com/fight-details/81b7a6aa147bd912
7224,654,Nazim Sadykhov vs. Terrance McKinney,http://ufcstats.com/fight-details/e4620f3fa451a3a4
7223,654,Melsik Baghdasaryan vs. Tucker Lutz,http://ufcstats.com/fight-details/8362b372adb2f302
7222,654,Viktoriia Dudakova vs. Istela Nunes,http://ufcstats.com/fight-details/eb30c9c975e15436
7221,654,Melquizael Costa vs. Austin Lingo,http://ufcstats.com/fight-details/b4cc389bb4af3707
7220,654,Evan Elder vs. Genaro Valdez,http://ufcstats.com/fight-details/3624f4ae9c1d703e
7219,654,Azat Maksum vs. Tyson Nam,http://ufcstats.com/fight-details/dae80502466c8726
7218,654,Alexander Munoz vs. Carl Deaton,http://ufcstats.com/fight-details/57785c9be5b4526d
7217,654,Ailin Perez vs. Ashlee Evans-Smith,http://ufcstats.com/fight-details/cae7de0873e03947
7216,653,Alexander Volkanovski vs. Yair Rodriguez,http://ufcstats.com/fight-details/4b12a4b48755cd6b
7215,653,Alexandre Pantoja vs. Brandon Moreno,http://ufcstats.com/fight-details/0f24f3bc1b39ea45
7214,653,Dricus Du Plessis vs. Robert Whittaker,http://ufcstats.com/fight-details/4ec5d9bd1442e6c1
7213,653,Dan Hooker vs. Jalin Turner,http://ufcstats.com/fight-details/b6ea8880cc7af439
7212,653,Bo Nickal vs. Val Woodburn,http://ufcstats.com/fight-details/1ffe6e8df6dbefd2
7211,653,Robbie Lawler vs. Niko Price,http://ufcstats.com/fight-details/20d8f6b4b7c8bae7
7210,653,Tatsuro Taira vs. Edgar Chairez,http://ufcstats.com/fight-details/d3a9aceeb7e23580
7209,653,Denise Gomes vs. Yazmin Jauregui,http://ufcstats.com/fight-details/ef270d8cf29d071b
7208,653,Alonzo Menifield vs. Jimmy Crute,http://ufcstats.com/fight-details/6ef12db5b099ec81
7207,653,Vitor Petrino vs. Marcin Prachnio,http://ufcstats.com/fight-details/69f67a4a690eb15d
7206,653,Cameron Saaiman vs. Terrence Mitchell,http://ufcstats.com/fight-details/dbf8a4b0870a47d1
7205,653,Jesus Aguilar vs. Shannon Ross,http://ufcstats.com/fight-details/420f7e6530dbc727
7204,653,Esteban Ribovics vs. Kamuela Kirk,http://ufcstats.com/fight-details/5b71958ee063a6e8
7203,652,Sean Strickland vs. Abus Magomedov,http://ufcstats.com/fight-details/f557405652165aa3
7202,652,Grant Dawson vs. Damir Ismagulov,http://ufcstats.com/fight-details/4dc5a41f357a7d85
7201,652,Michael Morales vs. Max Griffin,http://ufcstats.com/fight-details/0548a24a9bf8d7a0
7200,652,Ariane da Silva vs. Melissa Gatto,http://ufcstats.com/fight-details/ea29714dcfb07ce2
7199,652,Benoit Saint Denis vs. Ismael Bonfim,http://ufcstats.com/fight-details/cd137988da724076
7198,652,Nursulton Ruziboev vs. Brunno Ferreira,http://ufcstats.com/fight-details/288f7fb936c1523c
7197,652,Rinat Fakhretdinov vs. Kevin Lee,http://ufcstats.com/fight-details/962e74250884e4c1
7196,652,Joanderson Brito vs. Westin Wilson,http://ufcstats.com/fight-details/f5a6acc99bc5c634
7195,652,Karol Rosa vs. Yana Santos,http://ufcstats.com/fight-details/fe370c518cf7873e
7194,652,Elves Brener vs. Guram Kutateladze,http://ufcstats.com/fight-details/454265014520a3f8
7193,652,Luana Carolina vs. Ivana Petrovic,http://ufcstats.com/fight-details/dffc65202afb881d
7192,652,Alexandr Romanov vs. Blagoy Ivanov,http://ufcstats.com/fight-details/bd2e14ee959f9b77
7191,651,Ilia Topuria vs. Josh Emmett,http://ufcstats.com/fight-details/c3ef3cb03edde8bb
7190,651,Maycee Barber vs. Amanda Ribas,http://ufcstats.com/fight-details/07cb64236ae7aaea
7189,651,Austen Lane vs. Justin Tafa,http://ufcstats.com/fight-details/2874ea5d2f783e23
7188,651,David Onama vs. Gabriel Santos,http://ufcstats.com/fight-details/582806c33ce6dcf6
7187,651,Brendan Allen vs. Bruno Silva,http://ufcstats.com/fight-details/9124740fe7816d70
7186,651,Neil Magny vs. Phil Rowe,http://ufcstats.com/fight-details/ced01368259428f5
7185,651,Randy Brown vs. Wellington Turman,http://ufcstats.com/fight-details/42922bab8a3e1828
7184,651,Mateusz Rebecki vs. Loik Radzhabov,http://ufcstats.com/fight-details/8b296724a6844865
7183,651,Tabatha Ricci vs. Gillian Robertson,http://ufcstats.com/fight-details/c22de92b9d9030dc
7182,651,Joshua Van vs. Zhalgas Zhumagulov,http://ufcstats.com/fight-details/c2cdeb207cce5ceb
7181,651,Chepe Mariscal vs. Trevor Peek,http://ufcstats.com/fight-details/f18d44292036d5de
7180,651,Jack Jenkins vs. Jamall Emmers,http://ufcstats.com/fight-details/fcc1191761e365f9
7179,651,Sedriques Dumas vs. Cody Brundage,http://ufcstats.com/fight-details/7b909acede0a26eb
7178,650,Jared Cannonier vs. Marvin Vettori,http://ufcstats.com/fight-details/175d9e1ac0725145
7177,650,Arman Tsarukyan vs. Joaquim Silva,http://ufcstats.com/fight-details/6c2199524d762b11
7176,650,Armen Petrosyan vs. Christian Leroy Duncan,http://ufcstats.com/fight-details/5d9b84493f1ed114
7175,650,Pat Sabatini vs. Lucas Almeida,http://ufcstats.com/fight-details/76fd6919d828d5c2
7174,650,Manuel Torres vs. Nikolas Motta,http://ufcstats.com/fight-details/98458778348ea5d7
7173,650,Nicolas Dalby vs. Muslim Salikhov,http://ufcstats.com/fight-details/870672b1b443311e
7172,650,Alessandro Costa vs. Jimmy Flick,http://ufcstats.com/fight-details/bc1be168c064f028
7171,650,Kyung Ho Kang vs. Cristian Quinonez,http://ufcstats.com/fight-details/7ba54a10f28c9496
7170,650,Carlos Hernandez vs. Denys Bondar,http://ufcstats.com/fight-details/8ea12c7360fa0f6b
7169,650,Tereza Bleda vs. Gabriella Fernandes,http://ufcstats.com/fight-details/9cfb84817a43b63c
7168,650,Dan Argueta vs. Ronnie Lawrence,http://ufcstats.com/fight-details/9a2d3ebab827d333
7167,650,Modestas Bukauskas vs. Zac Pauga,http://ufcstats.com/fight-details/8794031c523bf534
7166,649,Amanda Nunes vs. Irene Aldana,http://ufcstats.com/fight-details/69bc7ca8ce831731
7165,649,Charles Oliveira vs. Beneil Dariush,http://ufcstats.com/fight-details/40e8bf8ce508c436
7164,649,Mike Malott vs. Adam Fugitt,http://ufcstats.com/fight-details/e9d5ffcacf7d8757
7163,649,Dan Ige vs. Nate Landwehr,http://ufcstats.com/fight-details/46c67efd68a0b15d
7162,649,Marc-Andre Barriault vs. Eryk Anders,http://ufcstats.com/fight-details/5311298f79414125
7161,649,Nassourdine Imavov vs. Chris Curtis,http://ufcstats.com/fight-details/96eaf07b34538b8b
7160,649,Jasmine Jasudavicius vs. Miranda Maverick,http://ufcstats.com/fight-details/47a5d4bb68352055
7159,649,Aiemann Zahabi vs. Aoriqileng,http://ufcstats.com/fight-details/e24b65cd8721349a
7158,649,Kyle Nelson vs. Blake Bilder,http://ufcstats.com/fight-details/7ee8b91d7f80f8a7
7157,649,Steve Erceg vs. David Dvorak,http://ufcstats.com/fight-details/947ea1122c04ba18
7156,649,Diana Belbita vs. Maria Oliveira,http://ufcstats.com/fight-details/1676c64a94be0557
7155,648,Amir Albazi vs. Kai Kara-France,http://ufcstats.com/fight-details/d7ae0993c7a378ee
7154,648,Alex Caceres vs. Daniel Pineda,http://ufcstats.com/fight-details/7be3e513a31f6570
7153,648,Jim Miller vs. Jesse Butler,http://ufcstats.com/fight-details/e2f4cd4a9a579488
7152,648,Tim Elliott vs. Victor Altamirano,http://ufcstats.com/fight-details/913d8a35095591d5
7151,648,Karine Silva vs. Ketlen Souza,http://ufcstats.com/fight-details/4d0029ad31bdd85a
7150,648,Elizeu Zaleski dos Santos vs. Abubakar Nurmagomedov,http://ufcstats.com/fight-details/a122968e96068800
7149,648,Daniel Santos vs. Johnny Munoz,http://ufcstats.com/fight-details/84f60cb00b8d4187
7148,648,Don'Tale Mayes vs. Andrei Arlovski,http://ufcstats.com/fight-details/5459c3bb88d031f9
7147,648,John Castaneda vs. Muin Gafurov,http://ufcstats.com/fight-details/c98f62eb74e69bcb
7146,648,Muhammad Naimov vs. Jamie Mullarkey,http://ufcstats.com/fight-details/ad7bd4b3ee923498
7145,648,Elise Reed vs. Jinh Yu Frey,http://ufcstats.com/fight-details/dfc62aa72446e4a8
7144,648,Da'Mon Blackshear vs. Luan Lacerda,http://ufcstats.com/fight-details/72bb7605e340a8fe
7143,648,Philipe Lins vs. Maxim Grishin,http://ufcstats.com/fight-details/99808befeece3a8a
7142,647,Mackenzie Dern vs. Angela Hill,http://ufcstats.com/fight-details/cb9654746447b934
7141,647,Anthony Hernandez vs. Edmen Shahbazyan,http://ufcstats.com/fight-details/3638ee66c7d34fe0
7140,647,Loopy Godinez vs. Emily Ducote,http://ufcstats.com/fight-details/924f982f0d9d2142
7139,647,Joaquin Buckley vs. Andre Fialho,http://ufcstats.com/fight-details/73700c8c5107f719
7138,647,Diego Ferreira vs. Michael Johnson,http://ufcstats.com/fight-details/12683e06369d1a83
7137,647,Viacheslav Borshchev vs. Maheshate,http://ufcstats.com/fight-details/49bd9a2f1fbebd1f
7136,647,Karolina Kowalkiewicz vs. Vanessa Demopoulos,http://ufcstats.com/fight-details/33007109c9ca1ede
7135,647,Gilbert Urbina vs. Orion Cosce,http://ufcstats.com/fight-details/7d583e4002622848
7134,647,Rodrigo Nascimento vs. Ilir Latifi,http://ufcstats.com/fight-details/fb70b62915fdcec6
7133,647,Chase Hooper vs. Nick Fiore,http://ufcstats.com/fight-details/eca400aeeb2763d1
7132,647,Natalia Silva vs. Victoria Leonardo,http://ufcstats.com/fight-details/744cbe6e49d4f41c
7131,647,Themba Gorimbo vs. Takashi Sato,http://ufcstats.com/fight-details/8502f245aabd64ac
7130,646,Jailton Almeida vs. Jairzinho Rozenstruik,http://ufcstats.com/fight-details/755202fce24b8f83
7129,646,Johnny Walker vs. Anthony Smith,http://ufcstats.com/fight-details/c501576b8ec35758
7128,646,Ian Machado Garry vs. Daniel Rodriguez,http://ufcstats.com/fight-details/b0f4c7788782e26e
7127,646,Carlos Ulberg vs. Ihor Potieria,http://ufcstats.com/fight-details/dae2484418631ff5
7126,646,Alex Morono vs. Tim Means,http://ufcstats.com/fight-details/838a022ca5d99cc1
7125,646,Matt Brown vs. Court McGee,http://ufcstats.com/fight-details/f2ced83baf0457fc
7124,646,Karl Williams vs. Chase Sherman,http://ufcstats.com/fight-details/3387f430abb7e39f
7123,646,Douglas Silva de Andrade vs. Cody Stamann,http://ufcstats.com/fight-details/14e689e60419d469
7122,646,Mandy Bohm vs. Ji Yeon Kim,http://ufcstats.com/fight-details/6ca856d1950d8f7f
7121,646,Bryan Battle vs. Gabe Green,http://ufcstats.com/fight-details/81fda78adcaedbc7
7120,646,Tainara Lisboa vs. Jessica-Rose Clark,http://ufcstats.com/fight-details/acfcf75f0215b7ab
7119,645,Aljamain Sterling vs. Henry Cejudo,http://ufcstats.com/fight-details/e3aad51099a23ba4
7118,645,Belal Muhammad vs. Gilbert Burns,http://ufcstats.com/fight-details/ed707998b13d0101
7117,645,Yan Xiaonan vs. Jessica Andrade,http://ufcstats.com/fight-details/11a5a852313d1f5b
7116,645,Movsar Evloev vs. Diego Lopes,http://ufcstats.com/fight-details/069ab7e7b8b5d262
7115,645,Charles Jourdain vs. Kron Gracie,http://ufcstats.com/fight-details/0c6e3c1f03cd4061
7114,645,Matt Frevola vs. Drew Dober,http://ufcstats.com/fight-details/3f8b4aeb3baf4724
7113,645,Kennedy Nzechukwu vs. Devin Clark,http://ufcstats.com/fight-details/c3ca708aaf4262a7
7112,645,Khaos Williams vs. Rolando Bedoya,http://ufcstats.com/fight-details/4c9bbd9758be1168
7111,645,Virna Jandiroba vs. Marina Rodriguez,http://ufcstats.com/fight-details/5f44d6d9e6bbecff
7110,645,Parker Porter vs. Braxton Smith,http://ufcstats.com/fight-details/2372578d3f554c65
7109,645,Ikram Aliskerov vs. Phil Hawes,http://ufcstats.com/fight-details/d22de60b7a3d908c
7108,645,Claudio Ribeiro vs. Joseph Holmes,http://ufcstats.com/fight-details/93fb6c7e590487f9
7107,644,Song Yadong vs. Ricky Simon,http://ufcstats.com/fight-details/2b1ac5d8f98639bf
7106,644,Caio Borralho vs. Michal Oleksiejczuk,http://ufcstats.com/fight-details/ecec1b0dd64ca2ae
7105,644,Rodolfo Vieira vs. Cody Brundage,http://ufcstats.com/fight-details/37ae5c09d6f03f33
7104,644,Fernando Padilla vs. Julian Erosa,http://ufcstats.com/fight-details/e0e2c1fc1a178d89
7103,644,Marcos Rogerio de Lima vs. Waldo Cortes-Acosta,http://ufcstats.com/fight-details/8dbfbd8f8bd0f00b
7102,644,Trey Waters vs. Josh Quinlan,http://ufcstats.com/fight-details/c02d44564cb006a9
7101,644,Martin Buday vs. Jake Collier,http://ufcstats.com/fight-details/5d11b618f24082dd
7100,644,Cody Durden vs. Charles Johnson,http://ufcstats.com/fight-details/ca63933f8c898fa2
7099,644,Irina Alekseeva vs. Stephanie Egger,http://ufcstats.com/fight-details/f9345fa82bf43847
7098,644,Marcus McGhee vs. Journey Newson,http://ufcstats.com/fight-details/88a63555728c2025
7097,644,Jamey-Lyn Horth vs. Hailey Cowan,http://ufcstats.com/fight-details/e434035be5453be0
7096,643,Sergei Pavlovich vs. Curtis Blaydes,http://ufcstats.com/fight-details/856468ba24a37fcc
7095,643,Bruno Silva vs. Brad Tavares,http://ufcstats.com/fight-details/d00d5ef4ae0ac01b
7094,643,King Green vs. Jared Gordon,http://ufcstats.com/fight-details/640d52630f4f8a61
7093,643,Iasmin Lucindo vs. Brogan Walker,http://ufcstats.com/fight-details/20c0f50c11509301
7092,643,Jeremiah Wells vs. Matthew Semelsberger,http://ufcstats.com/fight-details/06d9fb9c995f1e4f
7091,643,Christos Giagos vs. Ricky Glenn,http://ufcstats.com/fight-details/16628e25a043043a
7090,643,Montel Jackson vs. Rani Yahya,http://ufcstats.com/fight-details/034cbbec91f67852
7089,643,Norma Dumont vs. Karol Rosa,http://ufcstats.com/fight-details/01aa5949ac6851f3
7088,643,Mohammed Usman vs. Junior Tafa,http://ufcstats.com/fight-details/8beab5f941dae8e0
7087,643,William Gomis vs. Francis Marshall,http://ufcstats.com/fight-details/a941c4e25ddddfff
7086,643,Brady Hiestand vs. Batgerel Danaa,http://ufcstats.com/fight-details/277233ca9ea25674
7085,642,Max Holloway vs. Arnold Allen,http://ufcstats.com/fight-details/6049301b4deea035
7084,642,Edson Barboza vs. Billy Quarantillo,http://ufcstats.com/fight-details/83c81018bb3aeebf
7083,642,Azamat Murzakanov vs. Dustin Jacoby,http://ufcstats.com/fight-details/792f139c2b9fd294
7082,642,Ion Cutelaba vs. Tanner Boser,http://ufcstats.com/fight-details/995e79b951da945b
7081,642,Pedro Munhoz vs. Chris Gutierrez,http://ufcstats.com/fight-details/d856812dc733690a
7080,642,Rafa Garcia vs. Clay Guida,http://ufcstats.com/fight-details/bdbddbc00d07dc4b
7079,642,Bill Algeo vs. TJ Brown,http://ufcstats.com/fight-details/b01e6e97d66681c5
7078,642,Brandon Royval vs. Matheus Nicolau,http://ufcstats.com/fight-details/bbde45b2c766bb67
7077,642,Zak Cummings vs. Ed Herman,http://ufcstats.com/fight-details/50e675146cda6e7c
7076,642,Gillian Robertson vs. Piera Rodriguez,http://ufcstats.com/fight-details/68c1b833ed8849a3
7075,642,Daniel Zellhuber vs. Lando Vannata,http://ufcstats.com/fight-details/cef255a992ba7af3
7074,642,Denise Gomes vs. Bruna Brasil,http://ufcstats.com/fight-details/5de3a1bbcf705b58
7073,642,Gaston Bolanos vs. Aaron Phillips,http://ufcstats.com/fight-details/119559fd8124fee3
7072,642,Joselyne Edwards vs. Lucie Pudilova,http://ufcstats.com/fight-details/8b2b2562884821a7
7071,641,Israel Adesanya vs. Alex Pereira,http://ufcstats.com/fight-details/fe143cb868adfded
7070,641,Gilbert Burns vs. Jorge Masvidal,http://ufcstats.com/fight-details/71ea7d7985dad804
7069,641,Rob Font vs. Adrian Yanez,http://ufcstats.com/fight-details/678d27af287476f8
7068,641,Kevin Holland vs. Santiago Ponzinibbio,http://ufcstats.com/fight-details/3165b03ddc6d3b6e
7067,641,Christian Rodriguez vs. Raul Rosas Jr.,http://ufcstats.com/fight-details/2cb34fc074f7a9ae
7066,641,Kelvin Gastelum vs. Chris Curtis,http://ufcstats.com/fight-details/bbc76ff9e1b1b142
7065,641,Luana Pinheiro vs. Michelle Waterson-Gomez,http://ufcstats.com/fight-details/95349402616097cd
7064,641,Joe Pyfer vs. Gerald Meerschaert,http://ufcstats.com/fight-details/28e3d939eb043664
7063,641,Loopy Godinez vs. Cynthia Calvillo,http://ufcstats.com/fight-details/780147f2ed2637d1
7062,641,Ignacio Bahamondes vs. Trey Ogden,http://ufcstats.com/fight-details/d7022b6058dbb26b
7061,641,Steve Garcia vs. Shayilan Nuerdanbieke,http://ufcstats.com/fight-details/0810cdbeb9dd4d02
7060,641,Sam Hughes vs. Jaqueline Amorim,http://ufcstats.com/fight-details/355a2f4090c0ca31
7059,640,Cory Sandhagen vs. Marlon Vera,http://ufcstats.com/fight-details/33fa6793a7f984ac
7058,640,Holly Holm vs. Yana Santos,http://ufcstats.com/fight-details/1c2d0db1c9eed052
7057,640,Nate Landwehr vs. Austin Lingo,http://ufcstats.com/fight-details/bce8ece2ff26b4d4
7056,640,Maycee Barber vs. Andrea Lee,http://ufcstats.com/fight-details/9433730f95d52fc8
7055,640,Albert Duraev vs. Chidi Njokuani,http://ufcstats.com/fight-details/2f382615155e32b9
7054,640,Daniel Pineda vs. Tucker Lutz,http://ufcstats.com/fight-details/c6cc6ae23cbf8a27
7053,640,Lucas Alexander vs. Steven Peterson,http://ufcstats.com/fight-details/b9e037a45f8850fb
7052,640,Trevin Giles vs. Preston Parsons,http://ufcstats.com/fight-details/07e39fd5f4f23270
7051,640,CJ Vergara vs. Daniel Lacerda,http://ufcstats.com/fight-details/16bd47ba50891833
7050,640,Victor Altamirano vs. Vinicius Salvador,http://ufcstats.com/fight-details/6f6fec9c78244174
7049,639,Leon Edwards vs. Kamaru Usman,http://ufcstats.com/fight-details/c483ac06b1e33c3b
7048,639,Justin Gaethje vs. Rafael Fiziev,http://ufcstats.com/fight-details/90a83875e1d11238
7047,639,Gunnar Nelson vs. Bryan Barberena,http://ufcstats.com/fight-details/019b4d006800504b
7046,639,Jennifer Maia vs. Casey O'Neill,http://ufcstats.com/fight-details/dd9cbf6d6284de26
7045,639,Marvin Vettori vs. Roman Dolidze,http://ufcstats.com/fight-details/5e9c027fb24efc2b
7044,639,Jack Shore vs. Makwan Amirkhani,http://ufcstats.com/fight-details/13f5be7a2ea5577e
7043,639,Chris Duncan vs. Omar Morales,http://ufcstats.com/fight-details/cdaf65287d9a0ecb
7042,639,Yanal Ashmouz vs. Sam Patterson,http://ufcstats.com/fight-details/9f8cf5ac0807d64e
7041,639,Muhammad Mokaev vs. Jafel Filho,http://ufcstats.com/fight-details/f40ac11da3bd7f8e
7040,639,Lerone Murphy vs. Gabriel Santos,http://ufcstats.com/fight-details/533984c3ff4b4858
7039,639,Christian Leroy Duncan vs. Dusko Todorovic,http://ufcstats.com/fight-details/38094db8e3539cba
7038,639,Jake Hadley vs. Malcolm Gordon,http://ufcstats.com/fight-details/6068385c48de6801
7037,639,Joanne Wood vs. Luana Carolina,http://ufcstats.com/fight-details/8a3e7085e8e5a6e9
7036,639,Jai Herbert vs. Ludovit Klein,http://ufcstats.com/fight-details/938c2c71b84e56ff
7035,639,Veronica Hardy vs. Juliana Miller,http://ufcstats.com/fight-details/53d6d5ad08ac0694
7034,638,Merab Dvalishvili vs. Petr Yan,http://ufcstats.com/fight-details/0ccd2593c88209e4
7033,638,Alexander Volkov vs. Alexandr Romanov,http://ufcstats.com/fight-details/3b561a154aa2bbb2
7032,638,Nikita Krylov vs. Ryan Spann,http://ufcstats.com/fight-details/d6945828f5fa7492
7031,638,Jonathan Martinez vs. Said Nurmagomedov,http://ufcstats.com/fight-details/b9539d5e379b3edc
7030,638,Mario Bautista vs. Guido Cannetti,http://ufcstats.com/fight-details/2c58a97f2fe6c985
7029,638,Vitor Petrino vs. Anton Turkalj,http://ufcstats.com/fight-details/8d5b88e0ff253617
7028,638,Karl Williams vs. Lukasz Brzeski,http://ufcstats.com/fight-details/e9c6bac0d1a5ec0f
7027,638,Davey Grant vs. Raphael Assuncao,http://ufcstats.com/fight-details/804c350ce714770f
7026,638,Josh Fremd vs. Sedriques Dumas,http://ufcstats.com/fight-details/3cf3771274a4f8b1
7025,638,Victor Henry vs. Tony Gravely,http://ufcstats.com/fight-details/c4e4954beb59eca6
7024,638,Ariane da Silva vs. JJ Aldrich,http://ufcstats.com/fight-details/8e5ce3308c0e2046
7023,638,Bruno Silva vs. Tyson Nam,http://ufcstats.com/fight-details/c3af2b6ab1262fef
7022,638,Carlston Harris vs. Jared Gooden,http://ufcstats.com/fight-details/ccb5e29cd0347110
7021,637,Jon Jones vs. Ciryl Gane,http://ufcstats.com/fight-details/636fd144716a3084
7020,637,Alexa Grasso vs. Valentina Shevchenko,http://ufcstats.com/fight-details/a69afe4a88c0ca12
7019,637,Shavkat Rakhmonov vs. Geoff Neal,http://ufcstats.com/fight-details/22fc6b3f4e48cfa3
7018,637,Mateusz Gamrot vs. Jalin Turner,http://ufcstats.com/fight-details/d6d034e98ce85246
7017,637,Bo Nickal vs. Jamie Pickett,http://ufcstats.com/fight-details/2b9daf452ab40b9b
7016,637,Cody Garbrandt vs. Trevin Jones,http://ufcstats.com/fight-details/ec490d4224d3bc78
7015,637,Dricus Du Plessis vs. Derek Brunson,http://ufcstats.com/fight-details/c2fc4c1e0c769655
7014,637,Amanda Ribas vs. Viviane Araujo,http://ufcstats.com/fight-details/009feda296ae589c
7013,637,Marc-Andre Barriault vs. Julian Marquez,http://ufcstats.com/fight-details/c29e2c49e1e417c8
7012,637,Ian Machado Garry vs. Song Kenan,http://ufcstats.com/fight-details/ed9f8f702585ed44
7011,637,Cameron Saaiman vs. Mana Martinez,http://ufcstats.com/fight-details/0eb16f1307f66a11
7010,637,Tabatha Ricci vs. Jessica Penne,http://ufcstats.com/fight-details/c3b9b97467f828d1
7009,637,Farid Basharat vs. Da'Mon Blackshear,http://ufcstats.com/fight-details/cd20dac4daa4f93a
7008,637,Loik Radzhabov vs. Esteban Ribovics,http://ufcstats.com/fight-details/ee2354d638c078fd
7007,636,Brendan Allen vs. Andre Muniz,http://ufcstats.com/fight-details/2ba11e0bf32829d6
7006,636,Augusto Sakai vs. Don'Tale Mayes,http://ufcstats.com/fight-details/d6357dab7ccdf2db
7005,636,Tatiana Suarez vs. Montana De La Rosa,http://ufcstats.com/fight-details/5737084215c45792
7004,636,Mike Malott vs. Yohan Lainesse,http://ufcstats.com/fight-details/00a94d5fc7ce55cf
7003,636,Trevor Peek vs. Erick Gonzalez,http://ufcstats.com/fight-details/83fa3a382acc7bdc
7002,636,Jasmine Jasudavicius vs. Gabriella Fernandes,http://ufcstats.com/fight-details/faac24c1b3d6368a
7001,636,Jordan Leavitt vs. Victor Martinez,http://ufcstats.com/fight-details/a7f66f13f953352f
7000,636,Ode Osbourne vs. Charles Johnson,http://ufcstats.com/fight-details/63670e1b8f164d4a
6999,636,Joe Solecki vs. Carl Deaton,http://ufcstats.com/fight-details/12d9b4a3931be5ec
6998,636,Nurullo Aliev vs. Rafael Alves,http://ufcstats.com/fight-details/02615499125b4b5d
6997,635,Erin Blanchfield vs. Jessica Andrade,http://ufcstats.com/fight-details/dcc3da324eb5f26c
6996,635,Zac Pauga vs. Jordan Wright,http://ufcstats.com/fight-details/3f837b469ba33c7c
6995,635,Jamal Pogues vs. Josh Parisian,http://ufcstats.com/fight-details/3e90b7fd1e9f86bd
6994,635,Marcin Prachnio vs. William Knight,http://ufcstats.com/fight-details/dc6f69f923744948
6993,635,Alexander Hernandez vs. Jim Miller,http://ufcstats.com/fight-details/682ff095649c9a5c
6992,635,Nazim Sadykhov vs. Evan Elder,http://ufcstats.com/fight-details/d45d9c7d60f332da
6991,635,Mayra Bueno Silva vs. Lina Lansberg,http://ufcstats.com/fight-details/c3a4187fc821bfff
6990,635,Jamall Emmers vs. Khusein Askhabov,http://ufcstats.com/fight-details/43ec12079ccc371c
6989,635,Philipe Lins vs. Ovince Saint Preux,http://ufcstats.com/fight-details/3d46d635f9ae5e68
6988,635,AJ Fletcher vs. Themba Gorimbo,http://ufcstats.com/fight-details/435ba9b407b844ef
6987,635,Clayton Carpenter vs. Juancamilo Ronderos,http://ufcstats.com/fight-details/40781a64c4cea877
6986,634,Islam Makhachev vs. Alexander Volkanovski,http://ufcstats.com/fight-details/256894b49303537b
6985,634,Yair Rodriguez vs. Josh Emmett,http://ufcstats.com/fight-details/2208b9f471a201d9
6984,634,Jack Della Maddalena vs. Randy Brown,http://ufcstats.com/fight-details/4f672dd40867d8c6
6983,634,Justin Tafa vs. Parker Porter,http://ufcstats.com/fight-details/da22d5a717ae9e35
6982,634,Jimmy Crute vs. Alonzo Menifield,http://ufcstats.com/fight-details/ec03739c836fadc8
6981,634,Modestas Bukauskas vs. Tyson Pedro,http://ufcstats.com/fight-details/ca2672e68fedf4b7
6980,634,Josh Culibao vs. Melsik Baghdasaryan,http://ufcstats.com/fight-details/8b7bc2af1e15b668
6979,634,Kleydson Rodrigues vs. Shannon Ross,http://ufcstats.com/fight-details/16dbe70eb7007f17
6978,634,Jamie Mullarkey vs. Francisco Prado,http://ufcstats.com/fight-details/a37a6b6f9551a6e8
6977,634,Jack Jenkins vs. Don Shainis,http://ufcstats.com/fight-details/28af78600d6580f1
6976,634,Loma Lookboonmee vs. Elise Reed,http://ufcstats.com/fight-details/51a12878b151d67b
6975,634,Blake Bilder vs. Shane Young,http://ufcstats.com/fight-details/5c962ea13cb9b937
6974,634,Elves Brener vs. Zubaira Tukhugov,http://ufcstats.com/fight-details/0ac5fc42ba039211
6973,633,Serghei Spivac vs. Derrick Lewis,http://ufcstats.com/fight-details/caeeb398f73d213a
6972,633,Devin Clark vs. Da Woon Jung,http://ufcstats.com/fight-details/7a1abc0230af730c
6971,633,Marcin Tybura vs. Blagoy Ivanov,http://ufcstats.com/fight-details/8741e6a3a5a22a7f
6970,633,Dooho Choi vs. Kyle Nelson,http://ufcstats.com/fight-details/01e8868086004dd8
6969,633,Adam Fugitt vs. Yusaku Kinoshita,http://ufcstats.com/fight-details/c63d8062c89c4c33
6968,633,Anshul Jubli vs. Jeka Saragih,http://ufcstats.com/fight-details/b1b20c686dfe3204
6967,633,JeongYeong Lee vs. Yizha,http://ufcstats.com/fight-details/765482eb58e8db48
6966,633,Rinya Nakamura vs. Toshiomi Kazama,http://ufcstats.com/fight-details/a8067e65eb737a09
6965,633,HyunSung Park vs. SeungGuk Choi,http://ufcstats.com/fight-details/98094a500529d442
6964,633,JunYong Park vs. Denis Tiuliulin,http://ufcstats.com/fight-details/983fab4080743ed0
6963,633,Tatsuro Taira vs. Jesus Aguilar,http://ufcstats.com/fight-details/a26ca06cce403ce2
6962,632,Jamahal Hill vs. Glover Teixeira,http://ufcstats.com/fight-details/dde7d29cc443e263
6961,632,Brandon Moreno vs. Deiveson Figueiredo,http://ufcstats.com/fight-details/0462bcc27498f7c4
6960,632,Gilbert Burns vs. Neil Magny,http://ufcstats.com/fight-details/1c51f405e5c46572
6959,632,Jessica Andrade vs. Lauren Murphy,http://ufcstats.com/fight-details/0221982930283140
6958,632,Johnny Walker vs. Paul Craig,http://ufcstats.com/fight-details/2d1ac675e6c1e6ea
6957,632,Ihor Potieria vs. Mauricio Rua,http://ufcstats.com/fight-details/a3ef3d05ddd80a94
6956,632,Brunno Ferreira vs. Gregory Rodrigues,http://ufcstats.com/fight-details/5ad8aa57c8d69680
6955,632,Thiago Moises vs. Melquizael Costa,http://ufcstats.com/fight-details/8cdcdfb76d1670dd
6954,632,Gabriel Bonfim vs. Mounir Lazzez,http://ufcstats.com/fight-details/7ed9e8f3258446c7
6953,632,Jailton Almeida vs. Shamil Abdurakhimov,http://ufcstats.com/fight-details/fffdc57255274be1
6952,632,Cody Stamann vs. Luan Lacerda,http://ufcstats.com/fight-details/354dc211166a3982
6951,632,Ismael Bonfim vs. Terrance McKinney,http://ufcstats.com/fight-details/911b73db91738da6
6950,632,Nicolas Dalby vs. Warlley Alves,http://ufcstats.com/fight-details/f09c3d8a26806761
6949,632,Josiane Nunes vs. Zarah Fairn,http://ufcstats.com/fight-details/fcf385ae75191b57
6948,632,Daniel Marcos vs. Saimon Oliveira,http://ufcstats.com/fight-details/1d35e4c0941d1397
6947,631,Sean Strickland vs. Nassourdine Imavov,http://ufcstats.com/fight-details/868c83e734dbbceb
6946,631,Dan Ige vs. Damon Jackson,http://ufcstats.com/fight-details/c88a7dbe7717d2da
6945,631,Roman Kopylov vs. Punahele Soriano,http://ufcstats.com/fight-details/d4420be78065de03
6944,631,Raquel Pennington vs. Ketlen Vieira,http://ufcstats.com/fight-details/622cc4ef46913020
6943,631,Umar Nurmagomedov vs. Raoni Barcelos,http://ufcstats.com/fight-details/a4c7d59d340794c0
6942,631,Javid Basharat vs. Mateus Mendonca,http://ufcstats.com/fight-details/5a2fa552e70958d4
6941,631,Abdul Razak Alhassan vs. Claudio Ribeiro,http://ufcstats.com/fight-details/5305049e4215d263
6940,631,Mateusz Rebecki vs. Nick Fiore,http://ufcstats.com/fight-details/76b6058cddda9238
6939,631,Allan Nascimento vs. Carlos Hernandez,http://ufcstats.com/fight-details/c9144a294c73b06f
6938,631,Dan Argueta vs. Nick Aguirre,http://ufcstats.com/fight-details/9f09e77e46f15766
6937,631,Charles Johnson vs. Jimmy Flick,http://ufcstats.com/fight-details/b6723b9c6ff4d594
6936,630,Jared Cannonier vs. Sean Strickland,http://ufcstats.com/fight-details/4ea48bf2407b405d
6935,630,Arman Tsarukyan vs. Damir Ismagulov,http://ufcstats.com/fight-details/ce7744d45a698aa6
6934,630,Amir Albazi vs. Alessandro Costa,http://ufcstats.com/fight-details/d95eeba3de7ecac5
6933,630,Alex Caceres vs. Julian Erosa,http://ufcstats.com/fight-details/9c1a2ac64c98d2f6
6932,630,Drew Dober vs. King Green,http://ufcstats.com/fight-details/c335f44e4f3515ea
6931,630,Michal Oleksiejczuk vs. Cody Brundage,http://ufcstats.com/fight-details/e0444752d18fda7f
6930,630,Cory McKenna vs. Cheyanne Vlismas,http://ufcstats.com/fight-details/c960184a583f1861
6929,630,Matthew Semelsberger vs. Jake Matthews,http://ufcstats.com/fight-details/5f4e944ff1bdcd9c
6928,630,Said Nurmagomedov vs. Saidyokub Kakhramonov,http://ufcstats.com/fight-details/ed6203e849a2bf28
6927,630,Rafa Garcia vs. Maheshate,http://ufcstats.com/fight-details/efc64d8aae5628c9
6926,630,Rinat Fakhretdinov vs. Bryan Battle,http://ufcstats.com/fight-details/8f00da6ea8186ce2
6925,630,Manel Kape vs. David Dvorak,http://ufcstats.com/fight-details/f87a7812733f7e8f
6924,630,Sergey Morozov vs. Journey Newson,http://ufcstats.com/fight-details/ccb7e2851319345d
6923,629,Jan Blachowicz vs. Magomed Ankalaev,http://ufcstats.com/fight-details/3c3a9c1ec0604fc2
6922,629,Paddy Pimblett vs. Jared Gordon,http://ufcstats.com/fight-details/144cd3f62591a5fb
6921,629,Santiago Ponzinibbio vs. Alex Morono,http://ufcstats.com/fight-details/11f65de5348e4bc4
6920,629,Dricus Du Plessis vs. Darren Till,http://ufcstats.com/fight-details/ecab8b8b36727b8d
6919,629,Ilia Topuria vs. Bryce Mitchell,http://ufcstats.com/fight-details/4a17876e99f6baf3
6918,629,Raul Rosas Jr. vs. Jay Perrin,http://ufcstats.com/fight-details/fd7421f421e802bd
6917,629,Jairzinho Rozenstruik vs. Chris Daukaus,http://ufcstats.com/fight-details/1779cc4ae925df01
6916,629,Edmen Shahbazyan vs. Dalcha Lungiambula,http://ufcstats.com/fight-details/4e9d76ed54f1f352
6915,629,Chris Curtis vs. Joaquin Buckley,http://ufcstats.com/fight-details/a346180c8b109469
6914,629,Billy Quarantillo vs. Alexander Hernandez,http://ufcstats.com/fight-details/a1a5d06b0e7ada62
6913,629,TJ Brown vs. Erik Silva,http://ufcstats.com/fight-details/2d9d966e0e8df232
6912,629,Cameron Saaiman vs. Steven Koslow,http://ufcstats.com/fight-details/5bc31abb5842942a
6911,628,Stephen Thompson vs. Kevin Holland,http://ufcstats.com/fight-details/a419e6df765aa755
6910,628,Rafael Dos Anjos vs. Bryan Barberena,http://ufcstats.com/fight-details/f17813d03fcd8e7a
6909,628,Matheus Nicolau vs. Matt Schnell,http://ufcstats.com/fight-details/5a8f7afc5ea69537
6908,628,Sergei Pavlovich vs. Tai Tuivasa,http://ufcstats.com/fight-details/972e17c1b98fca06
6907,628,Roman Dolidze vs. Jack Hermansson,http://ufcstats.com/fight-details/a71764d5da04e3bc
6906,628,Eryk Anders vs. Kyle Daukaus,http://ufcstats.com/fight-details/ca0f0a35a1fcb453
6905,628,Phil Rowe vs. Niko Price,http://ufcstats.com/fight-details/7fbf09533c59e43f
6904,628,Angela Hill vs. Emily Ducote,http://ufcstats.com/fight-details/0c9faf26efe2cdcc
6903,628,Clay Guida vs. Scott Holtzman,http://ufcstats.com/fight-details/7bd6969c4ed979f9
6902,628,Michael Johnson vs. Marc Diakiese,http://ufcstats.com/fight-details/92c1d9a6d313cb0c
6901,628,Jonathan Pearce vs. Darren Elkins,http://ufcstats.com/fight-details/be977e524ef56aa4
6900,628,Natan Levy vs. Genaro Valdez,http://ufcstats.com/fight-details/30abc50a2e71c576
6899,628,Francis Marshall vs. Marcelo Rojo,http://ufcstats.com/fight-details/1114cd1515cf3b8f
6898,628,Yazmin Jauregui vs. Istela Nunes,http://ufcstats.com/fight-details/2cec230248d7eb97
6897,627,Kennedy Nzechukwu vs. Ion Cutelaba,http://ufcstats.com/fight-details/c33257dd0605c7de
6896,627,Waldo Cortes-Acosta vs. Chase Sherman,http://ufcstats.com/fight-details/110f539523a4b571
6895,627,Muslim Salikhov vs. Andre Fialho,http://ufcstats.com/fight-details/c317f85a8266313e
6894,627,Jack Della Maddalena vs. Danny Roberts,http://ufcstats.com/fight-details/d0c01840c72429c6
6893,627,Charles Johnson vs. Zhalgas Zhumagulov,http://ufcstats.com/fight-details/b4cfb34e8224fd77
6892,627,Jennifer Maia vs. Maryna Moroz,http://ufcstats.com/fight-details/144443d4dbf43990
6891,627,Miles Johns vs. Vince Morales,http://ufcstats.com/fight-details/594435375d641f63
6890,627,Ricky Turcios vs. Kevin Natividad,http://ufcstats.com/fight-details/0f2983fe7753403f
6889,627,Vanessa Demopoulos vs. Maria Oliveira,http://ufcstats.com/fight-details/bd064deb3494b41a
6888,627,Brady Hiestand vs. Fernie Garcia,http://ufcstats.com/fight-details/a3696c847ef6c7f9
6887,627,Natalia Silva vs. Tereza Bleda,http://ufcstats.com/fight-details/33719a2d9c69ed17
6886,626,Alex Pereira vs. Israel Adesanya,http://ufcstats.com/fight-details/04f32bb0c0d3a8cc
6885,626,Zhang Weili vs. Carla Esparza,http://ufcstats.com/fight-details/85b5d59f8eea976a
6884,626,Dustin Poirier vs. Michael Chandler,http://ufcstats.com/fight-details/4bf3010fdeea9d93
6883,626,Chris Gutierrez vs. Frankie Edgar,http://ufcstats.com/fight-details/09afa6ce4747a1a2
6882,626,Dan Hooker vs. Claudio Puelles,http://ufcstats.com/fight-details/77c78d0a71b10692
6881,626,Renato Moicano vs. Brad Riddell,http://ufcstats.com/fight-details/1f922cfe6178e830
6880,626,Ryan Spann vs. Dominick Reyes,http://ufcstats.com/fight-details/6f22afbc5f8e0bd3
6879,626,Erin Blanchfield vs. Molly McCann,http://ufcstats.com/fight-details/93da91272d4a7ce3
6878,626,Andre Petroski vs. Wellington Turman,http://ufcstats.com/fight-details/65ce9335b93d9c57
6877,626,Matt Frevola vs. Ottman Azaitar,http://ufcstats.com/fight-details/40707ddc9fdea500
6876,626,Karolina Kowalkiewicz vs. Silvana Gomez Juarez,http://ufcstats.com/fight-details/ff2e4b411f695017
6875,626,Michael Trizano vs. SeungWoo Choi,http://ufcstats.com/fight-details/7f93b2f38497caec
6874,626,Montel Jackson vs. Julio Arce,http://ufcstats.com/fight-details/bee95769a221af9a
6873,626,Carlos Ulberg vs. Nicolae Negumereanu,http://ufcstats.com/fight-details/db026ff6eee4d174
6872,625,Amanda Lemos vs. Marina Rodriguez,http://ufcstats.com/fight-details/abfc03893551ae73
6871,625,Neil Magny vs. Daniel Rodriguez,http://ufcstats.com/fight-details/b279559f15ecf29b
6870,625,Shayilan Nuerdanbieke vs. Darrick Minner,http://ufcstats.com/fight-details/2664805fde34fb1b
6869,625,Tagir Ulanbekov vs. Nate Maness,http://ufcstats.com/fight-details/3adecfc4727a8d73
6868,625,Grant Dawson vs. Mark Madsen,http://ufcstats.com/fight-details/1535fb6549fa8bab
6867,625,Miranda Maverick vs. Shanna Young,http://ufcstats.com/fight-details/71afa8354da2491e
6866,625,Mario Bautista vs. Benito Lopez,http://ufcstats.com/fight-details/2ab395e21080b10a
6865,625,Polyana Viana vs. Jinh Yu Frey,http://ufcstats.com/fight-details/5475f5b6bad40989
6864,625,Johnny Munoz vs. Liudvik Sholinian,http://ufcstats.com/fight-details/31cb98ce37fd87dd
6863,625,Jake Hadley vs. Carlos Candelario,http://ufcstats.com/fight-details/cfca30d3ef3c86b9
6862,625,Tamires Vidal vs. Ramona Pascual,http://ufcstats.com/fight-details/b87ac039e3b13940
6861,624,Arnold Allen vs. Calvin Kattar,http://ufcstats.com/fight-details/a554a72bb0377213
6860,624,Max Griffin vs. Tim Means,http://ufcstats.com/fight-details/bf59d9f8bd9536f3
6859,624,Waldo Cortes-Acosta vs. Jared Vanderaa,http://ufcstats.com/fight-details/5b6bdaf89e493674
6858,624,Tresean Gore vs. Josh Fremd,http://ufcstats.com/fight-details/6a7db3750822d7be
6857,624,Khalil Rountree Jr. vs. Dustin Jacoby,http://ufcstats.com/fight-details/98b7dd0ddc52cffb
6856,624,Roman Dolidze vs. Phil Hawes,http://ufcstats.com/fight-details/f32d918ee06cb83b
6855,624,Marcos Rogerio de Lima vs. Andrei Arlovski,http://ufcstats.com/fight-details/5dcba156bd13e0c3
6854,624,JunYong Park vs. Joseph Holmes,http://ufcstats.com/fight-details/d6d141afdd31c3f1
6853,624,Steve Garcia vs. Chase Hooper,http://ufcstats.com/fight-details/86dff1593d8b9a1f
6852,624,Cody Durden vs. Carlos Mota,http://ufcstats.com/fight-details/44abbf6b947be6de
6851,624,Christian Rodriguez vs. Joshua Weems,http://ufcstats.com/fight-details/fdb9d29cf0edc16a
6850,623,Islam Makhachev vs. Charles Oliveira,http://ufcstats.com/fight-details/523815acf1bb2420
6849,623,Aljamain Sterling vs. TJ Dillashaw,http://ufcstats.com/fight-details/1f0d4572e0facbea
6848,623,Sean O'Malley vs. Petr Yan,http://ufcstats.com/fight-details/5c3c4bcc6c746ca0
6847,623,Beneil Dariush vs. Mateusz Gamrot,http://ufcstats.com/fight-details/69f39e5d959311b1
6846,623,Manon Fiorot vs. Katlyn Cerminara,http://ufcstats.com/fight-details/25f3e4fa781c1c8a
6845,623,Belal Muhammad vs. Sean Brady,http://ufcstats.com/fight-details/d325a1483d78ae75
6844,623,Caio Borralho vs. Makhmud Muradov,http://ufcstats.com/fight-details/2d36e2c10ee349fe
6843,623,Nikita Krylov vs. Volkan Oezdemir,http://ufcstats.com/fight-details/f4d8266a42a41dff
6842,623,Abubakar Nurmagomedov vs. Gadzhi Omargadzhiev,http://ufcstats.com/fight-details/cea6760d7bfbe19b
6841,623,Armen Petrosyan vs. AJ Dobson,http://ufcstats.com/fight-details/1b204fc28bb023e6
6840,623,Muhammad Mokaev vs. Malcolm Gordon,http://ufcstats.com/fight-details/1e8c33b1917fe1b7
6839,623,Karol Rosa vs. Lina Lansberg,http://ufcstats.com/fight-details/4011cdf1f182804c
6838,622,Alexa Grasso vs. Viviane Araujo,http://ufcstats.com/fight-details/904cf687d22bb486
6837,622,Jonathan Martinez vs. Cub Swanson,http://ufcstats.com/fight-details/1af23e7aa71a1d17
6836,622,Dusko Todorovic vs. Jordan Wright,http://ufcstats.com/fight-details/759c55755d70f7ba
6835,622,Raphael Assuncao vs. Victor Henry,http://ufcstats.com/fight-details/96d4fe315722d1c1
6834,622,Alonzo Menifield vs. Misha Cirkunov,http://ufcstats.com/fight-details/59695aae245cca73
6833,622,Mana Martinez vs. Brandon Davis,http://ufcstats.com/fight-details/8252a314c778b8e6
6832,622,Jacob Malkoun vs. Nick Maximov,http://ufcstats.com/fight-details/860050f211b44d10
6831,622,Joanderson Brito vs. Lucas Alexander,http://ufcstats.com/fight-details/b4bbc1b7efa770f5
6830,622,Piera Rodriguez vs. Sam Hughes,http://ufcstats.com/fight-details/60bd4d2878c85f70
6829,622,Tatsuro Taira vs. CJ Vergara,http://ufcstats.com/fight-details/fac560495e61d34c
6828,622,Pete Rodriguez vs. Mike Jackson,http://ufcstats.com/fight-details/84b04e8d6b251c54
6827,621,Yan Xiaonan vs. Mackenzie Dern,http://ufcstats.com/fight-details/d33814971932422a
6826,621,Randy Brown vs. Francisco Trinaldo,http://ufcstats.com/fight-details/7d0d2cecab358ba1
6825,621,Raoni Barcelos vs. Trevin Jones,http://ufcstats.com/fight-details/a73e33dfce8fcfd8
6824,621,Sodiq Yusuff vs. Don Shainis,http://ufcstats.com/fight-details/1aedd959f1523a27
6823,621,Mike Davis vs. Viacheslav Borshchev,http://ufcstats.com/fight-details/330506571d2778b1
6822,621,Daniel Santos vs. John Castaneda,http://ufcstats.com/fight-details/63f6af6d5f7b82ad
6821,621,Ilir Latifi vs. Aleksei Oleinik,http://ufcstats.com/fight-details/de93fda66d203c26
6820,621,Joaquim Silva vs. Jesse Ronson,http://ufcstats.com/fight-details/ecc56a86a1eead9d
6819,621,Brendan Allen vs. Krzysztof Jotko,http://ufcstats.com/fight-details/8c9ff13791378784
6818,621,Chelsea Chandler vs. Julija Stoliarenko,http://ufcstats.com/fight-details/ad59e2de1ab5c8d2
6817,621,Guido Cannetti vs. Randy Costa,http://ufcstats.com/fight-details/6c79db79da9ae874
6816,620,Cory Sandhagen vs. Song Yadong,http://ufcstats.com/fight-details/df370b97ea49e6b4
6815,620,Gregory Rodrigues vs. Chidi Njokuani,http://ufcstats.com/fight-details/bd06f1c2d7e6c4a0
6814,620,Andre Fili vs. Bill Algeo,http://ufcstats.com/fight-details/adb78db5ba8ccc0f
6813,620,Joe Pyfer vs. Alen Amedovski,http://ufcstats.com/fight-details/160c17b8fcb0e2a1
6812,620,Rodrigo Nascimento vs. Tanner Boser,http://ufcstats.com/fight-details/3cbd3565dd631cc4
6811,620,Anthony Hernandez vs. Marc-Andre Barriault,http://ufcstats.com/fight-details/ce5ebaf8caf8c4a7
6810,620,Damon Jackson vs. Pat Sabatini,http://ufcstats.com/fight-details/f521ecde1e96a1bd
6809,620,Trevin Giles vs. Louis Cosce,http://ufcstats.com/fight-details/46b9acec12a35d37
6808,620,Loma Lookboonmee vs. Denise Gomes,http://ufcstats.com/fight-details/ec0740be19b2ef90
6807,620,Trey Ogden vs. Daniel Zellhuber,http://ufcstats.com/fight-details/35d06627d91b840d
6806,620,Gillian Robertson vs. Mariya Agapova,http://ufcstats.com/fight-details/d9f5d05b07bae09e
6805,620,Javid Basharat vs. Tony Gravely,http://ufcstats.com/fight-details/be73f75b52b06f14
6804,620,Nikolas Motta vs. Cameron VanCamp,http://ufcstats.com/fight-details/8a044e5400b4318f
6803,619,Nate Diaz vs. Tony Ferguson,http://ufcstats.com/fight-details/7e8fd03e070d0c25
6802,619,Khamzat Chimaev vs. Kevin Holland,http://ufcstats.com/fight-details/0111e6a64b5184c6
6801,619,Daniel Rodriguez vs. Li Jingliang,http://ufcstats.com/fight-details/d3e23d7d207d3ccf
6800,619,Irene Aldana vs. Macy Chiasson,http://ufcstats.com/fight-details/989b8d362742f40b
6799,619,Johnny Walker vs. Ion Cutelaba,http://ufcstats.com/fight-details/d869eaea38426f06
6798,619,Julian Erosa vs. Hakeem Dawodu,http://ufcstats.com/fight-details/0e6d624086f7952e
6797,619,Jailton Almeida vs. Anton Turkalj,http://ufcstats.com/fight-details/301f230c90c4bd7d
6796,619,Denis Tiuliulin vs. Jamie Pickett,http://ufcstats.com/fight-details/77acb96700e89c92
6795,619,Chris Barnett vs. Jake Collier,http://ufcstats.com/fight-details/bf334cb4e63f3430
6794,619,Norma Dumont vs. Danyelle Wolf,http://ufcstats.com/fight-details/db3e26d02d790c97
6793,619,Alatengheili vs. Chad Anheliger,http://ufcstats.com/fight-details/6010f681e54ba2cd
6792,619,Elise Reed vs. Melissa Martinez,http://ufcstats.com/fight-details/a5cf273faa3982b7
6791,619,Yohan Lainesse vs. Darian Weeks,http://ufcstats.com/fight-details/86d57e8ef2191316
6790,618,Ciryl Gane vs. Tai Tuivasa,http://ufcstats.com/fight-details/810c9da07970c4a6
6789,618,Robert Whittaker vs. Marvin Vettori,http://ufcstats.com/fight-details/b8ca1acdf3dc2f58
6788,618,Nassourdine Imavov vs. Joaquin Buckley,http://ufcstats.com/fight-details/20f316f96c9e4458
6787,618,Roman Kopylov vs. Alessio Di Chirico,http://ufcstats.com/fight-details/1a191251620a84ca
6786,618,William Gomis vs. Jarno Errens,http://ufcstats.com/fight-details/398db40015b3c81c
6785,618,Nathaniel Wood vs. Charles Jourdain,http://ufcstats.com/fight-details/acc9a109b00a99e1
6784,618,Abus Magomedov vs. Dustin Stoltzfus,http://ufcstats.com/fight-details/cf9035f2fc2e232f
6783,618,Nasrat Haqparast vs. John Makdessi,http://ufcstats.com/fight-details/7bced112f3229b1b
6782,618,Fares Ziam vs. Michal Figlak,http://ufcstats.com/fight-details/fd47032108b85cf0
6781,618,Benoit Saint Denis vs. Gabriel Miranda,http://ufcstats.com/fight-details/3e2f00991f511607
6780,618,Cristian Quinonez vs. Khalid Taha,http://ufcstats.com/fight-details/ca7fd237c16cec84
6779,618,Stephanie Egger vs. Ailin Perez,http://ufcstats.com/fight-details/ce62a50e97d497f9
6778,617,Leon Edwards vs. Kamaru Usman,http://ufcstats.com/fight-details/f70c817388602681
6777,617,Paulo Costa vs. Luke Rockhold,http://ufcstats.com/fight-details/2de6652160cc7b9f
6776,617,Merab Dvalishvili vs. Jose Aldo,http://ufcstats.com/fight-details/2ac3ce1f62b3c4b9
6775,617,Lucie Pudilova vs. Wu Yanan,http://ufcstats.com/fight-details/2cd9e3796be57a79
6774,617,Tyson Pedro vs. Harry Hunsucker,http://ufcstats.com/fight-details/5abcf9f282983acc
6773,617,Marcin Tybura vs. Alexandr Romanov,http://ufcstats.com/fight-details/e0b98f3cf4a7cc3b
6772,617,Jared Gordon vs. Leonardo Santos,http://ufcstats.com/fight-details/0cf7a4593fd44e59
6771,617,Sean Woodson vs. Luis Saldana,http://ufcstats.com/fight-details/2ac9b3ccb43422d8
6770,617,Ange Loosa vs. AJ Fletcher,http://ufcstats.com/fight-details/4dac5258f22be059
6769,617,Amir Albazi vs. Francisco Figueiredo,http://ufcstats.com/fight-details/6b9f82291930bfec
6768,617,Aoriqileng vs. Jay Perrin,http://ufcstats.com/fight-details/d497d74a0df9e35e
6767,617,Victor Altamirano vs. Daniel Lacerda,http://ufcstats.com/fight-details/06d6cde7479711ee
6766,616,Marlon Vera vs. Dominick Cruz,http://ufcstats.com/fight-details/11cc331fa40ede63
6765,616,Nate Landwehr vs. David Onama,http://ufcstats.com/fight-details/efd7efba85092c6f
6764,616,Yazmin Jauregui vs. Iasmin Lucindo,http://ufcstats.com/fight-details/833d67f423315d18
6763,616,Azamat Murzakanov vs. Devin Clark,http://ufcstats.com/fight-details/d19e010f071a4b45
6762,616,Priscila Cachoeira vs. Ariane da Silva,http://ufcstats.com/fight-details/abd50fad1e7b030b
6761,616,Gerald Meerschaert vs. Bruno Silva,http://ufcstats.com/fight-details/38b6ef176439c39b
6760,616,Angela Hill vs. Loopy Godinez,http://ufcstats.com/fight-details/5f31f3e32669f5b9
6759,616,Martin Buday vs. Lukasz Brzeski,http://ufcstats.com/fight-details/b96c8fef6c9f92db
6758,616,Nina Nunes vs. Cynthia Calvillo,http://ufcstats.com/fight-details/8986373b4a6e90b6
6757,616,Gabriel Benitez vs. Charlie Ontiveros,http://ufcstats.com/fight-details/f858f91453555291
6756,616,Tyson Nam vs. Ode Osbourne,http://ufcstats.com/fight-details/0823f97be9c3a62e
6755,616,Josh Quinlan vs. Jason Witt,http://ufcstats.com/fight-details/7f9a331bc3100afd
6754,616,Youssef Zalal vs. Da'Mon Blackshear,http://ufcstats.com/fight-details/e05a18b6ce22fa1f
6753,615,Jamahal Hill vs. Thiago Santos,http://ufcstats.com/fight-details/a8bc6e005077bb0b
6752,615,Geoff Neal vs. Vicente Luque,http://ufcstats.com/fight-details/a6b328733d610e2b
6751,615,Mohammed Usman vs. Zac Pauga,http://ufcstats.com/fight-details/36f38c2534ef646b
6750,615,Juliana Miller vs. Brogan Walker,http://ufcstats.com/fight-details/2b11aa4b90b1dd41
6749,615,Serghei Spivac vs. Augusto Sakai,http://ufcstats.com/fight-details/044d210d7b1eb519
6748,615,Terrance McKinney vs. Erick Gonzalez,http://ufcstats.com/fight-details/b530bb13aac1e48b
6747,615,Michal Oleksiejczuk vs. Sam Alvey,http://ufcstats.com/fight-details/eda397c27787afa4
6746,615,Bryan Battle vs. Takashi Sato,http://ufcstats.com/fight-details/4adef20ce69217be
6745,615,Cory McKenna vs. Miranda Granger,http://ufcstats.com/fight-details/b5274277ef6707c9
6744,615,Mayra Bueno Silva vs. Stephanie Egger,http://ufcstats.com/fight-details/a274ed04c36d40d4
6743,614,Amanda Nunes vs. Julianna Pena,http://ufcstats.com/fight-details/72c3e5eacde4f0e5
6742,614,Brandon Moreno vs. Kai Kara-France,http://ufcstats.com/fight-details/5a1ce88ec1f75160
6741,614,Sergei Pavlovich vs. Derrick Lewis,http://ufcstats.com/fight-details/52f87252af59e23b
6740,614,Alexandre Pantoja vs. Alex Perez,http://ufcstats.com/fight-details/96b62bd56b252bab
6739,614,Magomed Ankalaev vs. Anthony Smith,http://ufcstats.com/fight-details/058c2724dec1add1
6738,614,Alex Morono vs. Matthew Semelsberger,http://ufcstats.com/fight-details/579b5770129b328a
6737,614,Drew Dober vs. Rafael Alves,http://ufcstats.com/fight-details/81a18de517a3336a
6736,614,Don'Tale Mayes vs. Hamdy Abdelwahab,http://ufcstats.com/fight-details/5a2b86570110191b
6735,614,Drakkar Klose vs. Rafa Garcia,http://ufcstats.com/fight-details/189b9af881b96de6
6734,614,Michael Morales vs. Adam Fugitt,http://ufcstats.com/fight-details/e492dc60d8e44866
6733,614,Joselyne Edwards vs. Ji Yeon Kim,http://ufcstats.com/fight-details/0366e183296fea07
6732,614,Nicolae Negumereanu vs. Ihor Potieria,http://ufcstats.com/fight-details/1ed550f094ca7745
6731,614,Orion Cosce vs. Blood Diamond,http://ufcstats.com/fight-details/66f7bb31d24b3b36
6730,613,Curtis Blaydes vs. Tom Aspinall,http://ufcstats.com/fight-details/d0fb381cacbb0446
6729,613,Jack Hermansson vs. Chris Curtis,http://ufcstats.com/fight-details/925a36a4af600291
6728,613,Paddy Pimblett vs. Jordan Leavitt,http://ufcstats.com/fight-details/8e02bdaac8ed50e5
6727,613,Nikita Krylov vs. Alexander Gustafsson,http://ufcstats.com/fight-details/1ff520024da5b3b2
6726,613,Molly McCann vs. Hannah Goldy,http://ufcstats.com/fight-details/a57969d4ba7d4a79
6725,613,Volkan Oezdemir vs. Paul Craig,http://ufcstats.com/fight-details/47b1cd4e3e2595f8
6724,613,Ludovit Klein vs. Mason Jones,http://ufcstats.com/fight-details/b0d06858fb725654
6723,613,Marc Diakiese vs. Damir Hadzovic,http://ufcstats.com/fight-details/dd6dbe644f599795
6722,613,Nathaniel Wood vs. Charles Rosa,http://ufcstats.com/fight-details/f6fd50bf69bb59e6
6721,613,Jonathan Pearce vs. Makwan Amirkhani,http://ufcstats.com/fight-details/3d35f25d9792a69a
6720,613,Muhammad Mokaev vs. Charles Johnson,http://ufcstats.com/fight-details/2dbf9d8d6915711e
6719,613,Jai Herbert vs. Kyle Nelson,http://ufcstats.com/fight-details/a1029686c3f1bead
6718,613,Victoria Leonardo vs. Mandy Bohm,http://ufcstats.com/fight-details/e600b78e5a652dc0
6717,613,Nicolas Dalby vs. Claudio Silva,http://ufcstats.com/fight-details/1c84dafe38694c05
6716,612,Yair Rodriguez vs. Brian Ortega,http://ufcstats.com/fight-details/7503d5c892f238fb
6715,612,Amanda Lemos vs. Michelle Waterson-Gomez,http://ufcstats.com/fight-details/e57bfadb506e4f51
6714,612,Li Jingliang vs. Muslim Salikhov,http://ufcstats.com/fight-details/dd456668731bd52a
6713,612,Matt Schnell vs. Sumudaerji,http://ufcstats.com/fight-details/8e4024cb49c963f2
6712,612,Shane Burgos vs. Charles Jourdain,http://ufcstats.com/fight-details/d439374c1fc95581
6711,612,Lauren Murphy vs. Miesha Tate,http://ufcstats.com/fight-details/4965d8eab468b839
6710,612,Punahele Soriano vs. Dalcha Lungiambula,http://ufcstats.com/fight-details/ebefe958473b3843
6709,612,Ricky Simon vs. Jack Shore,http://ufcstats.com/fight-details/74b8a36293758342
6708,612,Bill Algeo vs. Herbert Burns,http://ufcstats.com/fight-details/4dd2bcd2b025204e
6707,612,Dustin Jacoby vs. Da Woon Jung,http://ufcstats.com/fight-details/a5d2f0fed3ce2899
6706,612,Dustin Stoltzfus vs. Dwight Grant,http://ufcstats.com/fight-details/9f3326195672c2b9
6705,612,Emily Ducote vs. Jessica Penne,http://ufcstats.com/fight-details/b1af3bd0f8266a90
6704,611,Rafael Fiziev vs. Rafael Dos Anjos,http://ufcstats.com/fight-details/be69cbf1f1671c8e
6703,611,Caio Borralho vs. Armen Petrosyan,http://ufcstats.com/fight-details/6c60e58f8e9e7a4c
6702,611,Said Nurmagomedov vs. Douglas Silva de Andrade,http://ufcstats.com/fight-details/bba6cc8760da34ab
6701,611,Chase Sherman vs. Jared Vanderaa,http://ufcstats.com/fight-details/cd63b4144a45b611
6700,611,Aiemann Zahabi vs. Ricky Turcios,http://ufcstats.com/fight-details/c58b3223b5caa18a
6699,611,Jamie Mullarkey vs. Michael Johnson,http://ufcstats.com/fight-details/a103b30f6898de7e
6698,611,Cody Brundage vs. Tresean Gore,http://ufcstats.com/fight-details/04e1ff7aeda2a018
6697,611,Antonina Shevchenko vs. Cortney Casey,http://ufcstats.com/fight-details/81cbb709dedc914d
6696,611,David Onama vs. Garrett Armfield,http://ufcstats.com/fight-details/a652918360fe9a72
6695,611,Kennedy Nzechukwu vs. Karl Roberson,http://ufcstats.com/fight-details/478bc7d1288e043e
6694,611,Saidyokub Kakhramonov vs. Ronnie Lawrence,http://ufcstats.com/fight-details/fb3f5a65da9f2ac7
6693,610,Israel Adesanya vs. Jared Cannonier,http://ufcstats.com/fight-details/a7eaf7b101166d3e
6692,610,Alexander Volkanovski vs. Max Holloway,http://ufcstats.com/fight-details/4047e98132306cd5
6691,610,Alex Pereira vs. Sean Strickland,http://ufcstats.com/fight-details/0308bcdd00cc72e2
6690,610,Bryan Barberena vs. Robbie Lawler,http://ufcstats.com/fight-details/12a33d16e1d4e2d9
6689,610,Pedro Munhoz vs. Sean O'Malley,http://ufcstats.com/fight-details/39dccca8e8083072
6688,610,Jalin Turner vs. Brad Riddell,http://ufcstats.com/fight-details/98411542ca0e847d
6687,610,Jim Miller vs. Donald Cerrone,http://ufcstats.com/fight-details/459bc7c0b47719c3
6686,610,Ian Machado Garry vs. Gabe Green,http://ufcstats.com/fight-details/4d8d1701c43c5fea
6685,610,Dricus Du Plessis vs. Brad Tavares,http://ufcstats.com/fight-details/57775c8af89007c7
6684,610,Andre Muniz vs. Uriah Hall,http://ufcstats.com/fight-details/99ac96bb67e5c5e4
6683,610,Maycee Barber vs. Jessica Eye,http://ufcstats.com/fight-details/1c85003f6ec59c9d
6682,610,Julija Stoliarenko vs. Jessica-Rose Clark,http://ufcstats.com/fight-details/0e2c7ec02a095813
6681,609,Mateusz Gamrot vs. Arman Tsarukyan,http://ufcstats.com/fight-details/1f5f59924b59408b
6680,609,Shavkat Rakhmonov vs. Neil Magny,http://ufcstats.com/fight-details/3c98739eb42f96bf
6679,609,Josh Parisian vs. Alan Baudot,http://ufcstats.com/fight-details/c57c8e22a3e8dde2
6678,609,Thiago Moises vs. Christos Giagos,http://ufcstats.com/fight-details/029a12d36a4687e1
6677,609,Umar Nurmagomedov vs. Nate Maness,http://ufcstats.com/fight-details/28bd070f7ab0a0b9
6676,609,Chris Curtis vs. Rodolfo Vieira,http://ufcstats.com/fight-details/3f38100fd8dae286
6675,609,Carlos Ulberg vs. Tafon Nchukwi,http://ufcstats.com/fight-details/28be3fbe5c377380
6674,609,Shayilan Nuerdanbieke vs. TJ Brown,http://ufcstats.com/fight-details/21f79cd40513d075
6673,609,Sergey Morozov vs. Raulian Paiva,http://ufcstats.com/fight-details/a457331c27bce6d5
6672,609,Cody Durden vs. JP Buys,http://ufcstats.com/fight-details/8cc43d79b61efc25
6671,609,Mario Bautista vs. Brian Kelleher,http://ufcstats.com/fight-details/24a9fc95a3112f51
6670,609,Vanessa Demopoulos vs. Jinh Yu Frey,http://ufcstats.com/fight-details/2c73bf152247f25a
6669,608,Josh Emmett vs. Calvin Kattar,http://ufcstats.com/fight-details/6e559181bfbc77e1
6668,608,Kevin Holland vs. Tim Means,http://ufcstats.com/fight-details/1bc662949337a8c4
6667,608,Joaquin Buckley vs. Albert Duraev,http://ufcstats.com/fight-details/11e83902f5b8ff63
6666,608,Damir Ismagulov vs. Guram Kutateladze,http://ufcstats.com/fight-details/4e6218b6b892b017
6665,608,Gregory Rodrigues vs. Julian Marquez,http://ufcstats.com/fight-details/5095f6290670009d
6664,608,Adrian Yanez vs. Tony Kelley,http://ufcstats.com/fight-details/20cefe64f4b28be8
6663,608,Natalia Silva vs. Jasmine Jasudavicius,http://ufcstats.com/fight-details/2c7c7648e847f2e5
6662,608,Jeremiah Wells vs. Court McGee,http://ufcstats.com/fight-details/9a92d376fba2379d
6661,608,Ricardo Ramos vs. Danny Chavez,http://ufcstats.com/fight-details/1378fc2be3819b2b
6660,608,Maria Oliveira vs. Gloria de Paula,http://ufcstats.com/fight-details/5b5d7f7ae712c6d8
6659,608,Cody Stamann vs. Eddie Wineland,http://ufcstats.com/fight-details/8b5c760f34daafe0
6658,608,Phil Hawes vs. Deron Winn,http://ufcstats.com/fight-details/897d9e21c59d0633
6657,608,Roman Dolidze vs. Kyle Daukaus,http://ufcstats.com/fight-details/e8a5e53ffd33c0f9
6656,607,Jiri Prochazka vs. Glover Teixeira,http://ufcstats.com/fight-details/fd49f89b9d97566b
6655,607,Valentina Shevchenko vs. Taila Santos,http://ufcstats.com/fight-details/049ad6d87b42eba8
6654,607,Zhang Weili vs. Joanna Jedrzejczyk,http://ufcstats.com/fight-details/4305cb30533dac77
6653,607,Jake Matthews vs. Andre Fialho,http://ufcstats.com/fight-details/d7a7ba46c4f075d7
6652,607,Jack Della Maddalena vs. Ramazan Emeev,http://ufcstats.com/fight-details/f115a91066a77ee7
6651,607,Josh Culibao vs. SeungWoo Choi,http://ufcstats.com/fight-details/c94b153951be7590
6650,607,Maheshate vs. Steve Garcia,http://ufcstats.com/fight-details/4a116a55ffaa0d64
6649,607,Brendan Allen vs. Jacob Malkoun,http://ufcstats.com/fight-details/50eed57ea1390e16
6648,607,Kyung Ho Kang vs. Batgerel Danaa,http://ufcstats.com/fight-details/029f5c36820fdc09
6647,607,Silvana Gomez Juarez vs. Liang Na,http://ufcstats.com/fight-details/f466cd99d02644e9
6646,607,Joselyne Edwards vs. Ramona Pascual,http://ufcstats.com/fight-details/5f4a107d930e4852
6645,606,Alexander Volkov vs. Jairzinho Rozenstruik,http://ufcstats.com/fight-details/7a635063e5f1699b
6644,606,Movsar Evloev vs. Dan Ige,http://ufcstats.com/fight-details/aacb47949a572f25
6643,606,Lucas Almeida vs. Michael Trizano,http://ufcstats.com/fight-details/344d60564cd136ff
6642,606,Karine Silva vs. Poliana Botelho,http://ufcstats.com/fight-details/3aa49ed298e4c34f
6641,606,Ode Osbourne vs. Zarrukh Adashev,http://ufcstats.com/fight-details/a679800d2e7c3be2
6640,606,Alonzo Menifield vs. Askar Mozharov,http://ufcstats.com/fight-details/93969a7368dc2e14
6639,606,Karolina Kowalkiewicz vs. Felice Herrig,http://ufcstats.com/fight-details/4f2501e804c84abe
6638,606,Joe Solecki vs. Alex Da Silva,http://ufcstats.com/fight-details/e5e75d831670b401
6637,606,Damon Jackson vs. Dan Argueta,http://ufcstats.com/fight-details/04e6198326be4857
6636,606,Benoit Saint Denis vs. Niklas Stolze,http://ufcstats.com/fight-details/ed32da52aff68944
6635,606,Tony Gravely vs. Johnny Munoz,http://ufcstats.com/fight-details/43d7d4b67be48553
6634,606,Jeff Molina vs. Zhalgas Zhumagulov,http://ufcstats.com/fight-details/7e20b0536fbbd560
6633,606,Rinat Fakhretdinov vs. Andreas Michailidis,http://ufcstats.com/fight-details/a09447d185a62251
6632,606,Erin Blanchfield vs. JJ Aldrich,http://ufcstats.com/fight-details/59b2bbb251968ca9
6631,605,Ketlen Vieira vs. Holly Holm,http://ufcstats.com/fight-details/7a2c841693b54dd7
6630,605,Michel Pereira vs. Santiago Ponzinibbio,http://ufcstats.com/fight-details/5d4fb748ad246269
6629,605,Chidi Njokuani vs. Dusko Todorovic,http://ufcstats.com/fight-details/f682118709b4143e
6628,605,Tabatha Ricci vs. Polyana Viana,http://ufcstats.com/fight-details/5eaff5c832430378
6627,605,JunYong Park vs. Eryk Anders,http://ufcstats.com/fight-details/4a789cdd5aaf4439
6626,605,Joseph Holmes vs. Alen Amedovski,http://ufcstats.com/fight-details/cbdfb3c648d7bada
6625,605,Jailton Almeida vs. Parker Porter,http://ufcstats.com/fight-details/1b4d0c9e3c59b33b
6624,605,Uros Medic vs. Omar Morales,http://ufcstats.com/fight-details/534c07488396e124
6623,605,Jonathan Martinez vs. Vince Morales,http://ufcstats.com/fight-details/3542f9f30926f364
6622,605,Chase Hooper vs. Felipe Colares,http://ufcstats.com/fight-details/5136dc566f46daf6
6621,605,Sam Hughes vs. Elise Reed,http://ufcstats.com/fight-details/bc7228d30ff5be46
6620,604,Jan Blachowicz vs. Aleksandar Rakic,http://ufcstats.com/fight-details/5c281439d20184f1
6619,604,Ryan Spann vs. Ion Cutelaba,http://ufcstats.com/fight-details/2fa88b72973478b6
6618,604,Davey Grant vs. Louis Smolka,http://ufcstats.com/fight-details/43543a2c1c7a7135
6617,604,Katlyn Cerminara vs. Amanda Ribas,http://ufcstats.com/fight-details/fad150a0288efbd7
6616,604,Manuel Torres vs. Frank Camacho,http://ufcstats.com/fight-details/e240d6f77747ec46
6615,604,Allan Nascimento vs. Jake Hadley,http://ufcstats.com/fight-details/b3248692dfb954b2
6614,604,Viviane Araujo vs. Andrea Lee,http://ufcstats.com/fight-details/7e047b195135ef06
6613,604,Michael Johnson vs. Alan Patrick,http://ufcstats.com/fight-details/8a1aa64eb1f17913
6612,604,Virna Jandiroba vs. Angela Hill,http://ufcstats.com/fight-details/f549164690d723bb
6611,604,Tatsuro Taira vs. Carlos Candelario,http://ufcstats.com/fight-details/22f1133d02700bb2
6610,604,Andre Petroski vs. Nick Maximov,http://ufcstats.com/fight-details/afed0bac5ce5a2f3
6609,603,Charles Oliveira vs. Justin Gaethje,http://ufcstats.com/fight-details/7d4e49d8a6678157
6608,603,Carla Esparza vs. Rose Namajunas,http://ufcstats.com/fight-details/9d61012a6020516e
6607,603,Michael Chandler vs. Tony Ferguson,http://ufcstats.com/fight-details/a2ebb5f86eb64f22
6606,603,Ovince Saint Preux vs. Mauricio Rua,http://ufcstats.com/fight-details/c020ccbd7cdefb6e
6605,603,Randy Brown vs. Khaos Williams,http://ufcstats.com/fight-details/8390441d93736719
6604,603,Francisco Trinaldo vs. Danny Roberts,http://ufcstats.com/fight-details/6a902b97ac98c283
6603,603,Macy Chiasson vs. Norma Dumont,http://ufcstats.com/fight-details/fc4939b3c9071e66
6602,603,Brandon Royval vs. Matt Schnell,http://ufcstats.com/fight-details/80ac36a9dbc4b1a1
6601,603,Blagoy Ivanov vs. Marcos Rogerio de Lima,http://ufcstats.com/fight-details/ff6c8dab41efcc09
6600,603,Andre Fialho vs. Cameron VanCamp,http://ufcstats.com/fight-details/397dd9a8694ef413
6599,603,Tracy Cortez vs. Melissa Gatto,http://ufcstats.com/fight-details/60d9d50b763adc62
6598,603,CJ Vergara vs. Kleydson Rodrigues,http://ufcstats.com/fight-details/8289033e03b4d9a3
6597,603,Loopy Godinez vs. Ariane Carnelossi,http://ufcstats.com/fight-details/88455c967a7ef6fc
6596,603,Journey Newson vs. Fernie Garcia,http://ufcstats.com/fight-details/430309e0f8a315d5
6595,602,Marlon Vera vs. Rob Font,http://ufcstats.com/fight-details/5ae5eb729c6bb169
6594,602,Andrei Arlovski vs. Jake Collier,http://ufcstats.com/fight-details/eb277b5ea2a19124
6593,602,Joanderson Brito vs. Andre Fili,http://ufcstats.com/fight-details/632c2d4ed12f2bdf
6592,602,Grant Dawson vs. Jared Gordon,http://ufcstats.com/fight-details/7c8701bb78cb4de8
6591,602,Darren Elkins vs. Tristan Connelly,http://ufcstats.com/fight-details/760e3f292b834637
6590,602,Krzysztof Jotko vs. Gerald Meerschaert,http://ufcstats.com/fight-details/6b956992204ec040
6589,602,Alexandr Romanov vs. Chase Sherman,http://ufcstats.com/fight-details/d2484d74f819d813
6588,602,Francisco Figueiredo vs. Daniel Lacerda,http://ufcstats.com/fight-details/7e4b7a70838e5ba4
6587,602,Gabe Green vs. Yohan Lainesse,http://ufcstats.com/fight-details/5b731da9e4be4391
6586,602,Natan Levy vs. Mike Breeden,http://ufcstats.com/fight-details/9217ecc287ac482d
6585,602,Shanna Young vs. Gina Mazany,http://ufcstats.com/fight-details/80cf37627a129145
6584,601,Jessica Andrade vs. Amanda Lemos,http://ufcstats.com/fight-details/3a3ac7b3987f6799
6583,601,Claudio Puelles vs. Clay Guida,http://ufcstats.com/fight-details/6017351e164dbca3
6582,601,Maycee Barber vs. Montana De La Rosa,http://ufcstats.com/fight-details/a45d4327bc82bc28
6581,601,Charles Jourdain vs. Lando Vannata,http://ufcstats.com/fight-details/173d576e6247a88a
6580,601,Marc-Andre Barriault vs. Jordan Wright,http://ufcstats.com/fight-details/992e84bf59837e21
6579,601,Sergey Khandozhko vs. Dwight Grant,http://ufcstats.com/fight-details/9b8a82276f06829f
6578,601,Tyson Pedro vs. Ike Villanueva,http://ufcstats.com/fight-details/e8c57c6259193466
6577,601,Aoriqileng vs. Cameron Else,http://ufcstats.com/fight-details/926977ec3ed0ebe1
6576,601,Preston Parsons vs. Evan Elder,http://ufcstats.com/fight-details/e4d946470fd150fe
6575,601,Philipe Lins vs. Marcin Prachnio,http://ufcstats.com/fight-details/6a4ba72b084193b5
6574,601,Mike Jackson vs. Dean Barry,http://ufcstats.com/fight-details/7cf7960c6ccb5fa1
6573,600,Belal Muhammad vs. Vicente Luque,http://ufcstats.com/fight-details/6d4b6224f26572f9
6572,600,Caio Borralho vs. Gadzhi Omargadzhiev,http://ufcstats.com/fight-details/a0a120c50d93f70a
6571,600,Andre Fialho vs. Miguel Baeza,http://ufcstats.com/fight-details/7c5fc3fc7be4a997
6570,600,Mayra Bueno Silva vs. Wu Yanan,http://ufcstats.com/fight-details/2e94ee4b9f5fddea
6569,600,Pat Sabatini vs. TJ Laramie,http://ufcstats.com/fight-details/4f6e7159e77d4215
6568,600,Mounir Lazzez vs. Ange Loosa,http://ufcstats.com/fight-details/559031e51ced0b53
6567,600,Devin Clark vs. William Knight,http://ufcstats.com/fight-details/b09f8cd4cbd7ba56
6566,600,Pannie Kianzad vs. Lina Lansberg,http://ufcstats.com/fight-details/c20e6697335c3b3d
6565,600,Drakkar Klose vs. Brandon Jenkins,http://ufcstats.com/fight-details/74c58b9d638c5eaa
6564,600,Rafa Garcia vs. Jesse Ronson,http://ufcstats.com/fight-details/0987b3f785e26d1c
6563,600,Martin Buday vs. Chris Barnett,http://ufcstats.com/fight-details/1ceab8fa45996f51
6562,600,Jordan Leavitt vs. Trey Ogden,http://ufcstats.com/fight-details/eac46cfead228e11
6561,600,Sam Hughes vs. Istela Nunes,http://ufcstats.com/fight-details/0daf776bd222daad
6560,600,Alatengheili vs. Kevin Croom,http://ufcstats.com/fight-details/fb7ebdda8658fa05
6559,599,Alexander Volkanovski vs. Chan Sung Jung,http://ufcstats.com/fight-details/dc0ab34f1952cb48
6558,599,Aljamain Sterling vs. Petr Yan,http://ufcstats.com/fight-details/9a8964b148cb5923
6557,599,Khamzat Chimaev vs. Gilbert Burns,http://ufcstats.com/fight-details/394b0347b0438622
6556,599,Mackenzie Dern vs. Tecia Pennington,http://ufcstats.com/fight-details/d8945e21a63e2451
6555,599,Mark Madsen vs. Vinc Pichel,http://ufcstats.com/fight-details/15311d4b33d93004
6554,599,Ian Machado Garry vs. Darian Weeks,http://ufcstats.com/fight-details/313b85fe82b2ba80
6553,599,Anthony Hernandez vs. Josh Fremd,http://ufcstats.com/fight-details/7c6ed5b3d830d0cb
6552,599,Raquel Pennington vs. Aspen Ladd,http://ufcstats.com/fight-details/88c6e7f71b79fd65
6551,599,Mike Malott vs. Mickey Gall,http://ufcstats.com/fight-details/7458a37feabf8788
6550,599,Aleksei Oleinik vs. Jared Vanderaa,http://ufcstats.com/fight-details/278b965694e563b2
6549,599,Piera Rodriguez vs. Kay Hansen,http://ufcstats.com/fight-details/9e52a67410f2c879
6548,599,Julio Arce vs. Daniel Santos,http://ufcstats.com/fight-details/313c36ce9bde6cf6
6547,598,Curtis Blaydes vs. Chris Daukaus,http://ufcstats.com/fight-details/c4e866d9dd606faa
6546,598,Alexa Grasso vs. Joanne Wood,http://ufcstats.com/fight-details/1b650c76387c0f4b
6545,598,Bryan Barberena vs. Matt Brown,http://ufcstats.com/fight-details/f3c37e23ca30c87d
6544,598,Kai Kara-France vs. Askar Askarov,http://ufcstats.com/fight-details/410e65e4d1782bfc
6543,598,Neil Magny vs. Max Griffin,http://ufcstats.com/fight-details/3f92025b29e06bfd
6542,598,Marc Diakiese vs. Viacheslav Borshchev,http://ufcstats.com/fight-details/f6afaf2a39fa441c
6541,598,Sara McMann vs. Karol Rosa,http://ufcstats.com/fight-details/bb31c77bddd1317e
6540,598,Chris Gutierrez vs. Batgerel Danaa,http://ufcstats.com/fight-details/d0b7a79d3e7f3362
6539,598,Aliaskhab Khizriev vs. Denis Tiuliulin,http://ufcstats.com/fight-details/6ed495c177d69a3a
6538,598,Manon Fiorot vs. Jennifer Maia,http://ufcstats.com/fight-details/3ecccdab76baa59c
6537,598,Matheus Nicolau vs. David Dvorak,http://ufcstats.com/fight-details/82b2b97b85c7225c
6536,598,Luis Saldana vs. Bruno Souza,http://ufcstats.com/fight-details/97e522591ac7eb29
6535,597,Tom Aspinall vs. Alexander Volkov,http://ufcstats.com/fight-details/06641a8c62e45661
6534,597,Arnold Allen vs. Dan Hooker,http://ufcstats.com/fight-details/ce3d94186567a684
6533,597,Paddy Pimblett vs. Kazula Vargas,http://ufcstats.com/fight-details/001441f70c293931
6532,597,Gunnar Nelson vs. Takashi Sato,http://ufcstats.com/fight-details/bcd1e1d71a172d53
6531,597,Molly McCann vs. Luana Carolina,http://ufcstats.com/fight-details/5a878a6bebc973d7
6530,597,Ilia Topuria vs. Jai Herbert,http://ufcstats.com/fight-details/a200b5dcbdd2506e
6529,597,Makwan Amirkhani vs. Mike Grundy,http://ufcstats.com/fight-details/6e705b2365bc03fa
6528,597,Sergei Pavlovich vs. Shamil Abdurakhimov,http://ufcstats.com/fight-details/ae989e21c3839b49
6527,597,Paul Craig vs. Nikita Krylov,http://ufcstats.com/fight-details/766b4f5e77ab0860
6526,597,Jack Shore vs. Timur Valiev,http://ufcstats.com/fight-details/53d0df57a917c6a0
6525,597,Elise Reed vs. Cory McKenna,http://ufcstats.com/fight-details/5e378c52f26935d6
6524,597,Muhammad Mokaev vs. Cody Durden,http://ufcstats.com/fight-details/4c7e55061dc3bf89
6523,596,Magomed Ankalaev vs. Thiago Santos,http://ufcstats.com/fight-details/8aa16cc1ba99aac1
6522,596,Song Yadong vs. Marlon Moraes,http://ufcstats.com/fight-details/9b46a662b8fa1d8d
6521,596,Sodiq Yusuff vs. Alex Caceres,http://ufcstats.com/fight-details/70b8d357e89383bd
6520,596,Khalil Rountree Jr. vs. Karl Roberson,http://ufcstats.com/fight-details/23eec2d9cb2d78cd
6519,596,Drew Dober vs. Terrance McKinney,http://ufcstats.com/fight-details/463fac0e48505b62
6518,596,Alex Pereira vs. Bruno Silva,http://ufcstats.com/fight-details/226884e46a10865d
6517,596,Matthew Semelsberger vs. AJ Fletcher,http://ufcstats.com/fight-details/3b06c512abfa0494
6516,596,JJ Aldrich vs. Gillian Robertson,http://ufcstats.com/fight-details/26fbee4ed13ff35d
6515,596,Javid Basharat vs. Trevin Jones,http://ufcstats.com/fight-details/b70313eae7c24b27
6514,596,Damon Jackson vs. Kamuela Kirk,http://ufcstats.com/fight-details/5cad3ab6553e9ec9
6513,596,Miranda Maverick vs. Sabina Mazo,http://ufcstats.com/fight-details/b55de7d791b9f62d
6512,596,Cody Brundage vs. Dalcha Lungiambula,http://ufcstats.com/fight-details/9cb78122a23e6a7d
6511,596,Guido Cannetti vs. Kris Moutinho,http://ufcstats.com/fight-details/b400c29fbeee0206
6510,596,Azamat Murzakanov vs. Tafon Nchukwi,http://ufcstats.com/fight-details/f10c2c84652ef573
6509,595,Colby Covington vs. Jorge Masvidal,http://ufcstats.com/fight-details/d03d0abf331df751
6508,595,Rafael Dos Anjos vs. Renato Moicano,http://ufcstats.com/fight-details/838bb84a5a976a9c
6507,595,Bryce Mitchell vs. Edson Barboza,http://ufcstats.com/fight-details/abd45edc07a8d9e3
6506,595,Kevin Holland vs. Alex Oliveira,http://ufcstats.com/fight-details/43b43c5d439b2f98
6505,595,Serghei Spivac vs. Greg Hardy,http://ufcstats.com/fight-details/cda06ff86cfe4f5f
6504,595,Jalin Turner vs. Jamie Mullarkey,http://ufcstats.com/fight-details/fce6ab43b7d09aa4
6503,595,Marina Rodriguez vs. Yan Xiaonan,http://ufcstats.com/fight-details/9321b3c90ea5ca6c
6502,595,Nicolae Negumereanu vs. Kennedy Nzechukwu,http://ufcstats.com/fight-details/ee278a5a25744cac
6501,595,Maryna Moroz vs. Mariya Agapova,http://ufcstats.com/fight-details/c6fc43c351b08bda
6500,595,Umar Nurmagomedov vs. Brian Kelleher,http://ufcstats.com/fight-details/59d44b6888885500
6499,595,Tim Elliott vs. Tagir Ulanbekov,http://ufcstats.com/fight-details/c420c376cc1d149c
6498,595,Ludovit Klein vs. Devonte Smith,http://ufcstats.com/fight-details/36d9337a27b71ba9
6497,595,Dustin Jacoby vs. Michal Oleksiejczuk,http://ufcstats.com/fight-details/d5323490163dde0e
6496,594,Islam Makhachev vs. King Green,http://ufcstats.com/fight-details/2f4d42e0b9696f71
6495,594,Wellington Turman vs. Misha Cirkunov,http://ufcstats.com/fight-details/01468f766dd7385c
6494,594,Priscila Cachoeira vs. Ji Yeon Kim,http://ufcstats.com/fight-details/c4eb14c3de579842
6493,594,Arman Tsarukyan vs. Joel Alvarez,http://ufcstats.com/fight-details/8515f07911765f89
6492,594,Armen Petrosyan vs. Gregory Rodrigues,http://ufcstats.com/fight-details/84d633d4a9fbf331
6491,594,Ignacio Bahamondes vs. Rongzhu,http://ufcstats.com/fight-details/61a20ff34b6948ba
6490,594,Josiane Nunes vs. Ramona Pascual,http://ufcstats.com/fight-details/f087a10a6f2bcc99
6489,594,Terrance McKinney vs. Fares Ziam,http://ufcstats.com/fight-details/cb1f27818d46af0e
6488,594,Jonathan Martinez vs. Alejandro Perez,http://ufcstats.com/fight-details/901e62b7af57f559
6487,594,Ramiz Brahimaj vs. Micheal Gillmore,http://ufcstats.com/fight-details/c5d5fcf290cc029e
6486,594,Carlos Hernandez vs. Victor Altamirano,http://ufcstats.com/fight-details/181ceedcacc01d48
6485,593,Jamahal Hill vs. Johnny Walker,http://ufcstats.com/fight-details/f7865e5a6d009a87
6484,593,Kyle Daukaus vs. Jamie Pickett,http://ufcstats.com/fight-details/99fd8396cbe1df03
6483,593,Parker Porter vs. Alan Baudot,http://ufcstats.com/fight-details/93026443e5140415
6482,593,Jim Miller vs. Nikolas Motta,http://ufcstats.com/fight-details/958799d957945a3a
6481,593,Joaquin Buckley vs. Abdul Razak Alhassan,http://ufcstats.com/fight-details/04e2d50c24a88dbd
6480,593,David Onama vs. Gabriel Benitez,http://ufcstats.com/fight-details/25da52bc590ef664
6479,593,Stephanie Egger vs. Jessica-Rose Clark,http://ufcstats.com/fight-details/e36a5d4d53b97d4e
6478,593,Chas Skelly vs. Mark Striegl,http://ufcstats.com/fight-details/2d8db91f91f68069
6477,593,Gloria de Paula vs. Diana Belbita,http://ufcstats.com/fight-details/33cc40fc1da409d3
6476,593,Chad Anheliger vs. Jesse Strader,http://ufcstats.com/fight-details/ea63f56779100678
6475,593,Jonathan Pearce vs. Christian Rodriguez,http://ufcstats.com/fight-details/528c208293bdef13
6474,593,Mario Bautista vs. Jay Perrin,http://ufcstats.com/fight-details/8cd583f6d10692bc
6473,592,Israel Adesanya vs. Robert Whittaker,http://ufcstats.com/fight-details/ca8f73d038c4d6e7
6472,592,Tai Tuivasa vs. Derrick Lewis,http://ufcstats.com/fight-details/bb42336d6417914c
6471,592,Jared Cannonier vs. Derek Brunson,http://ufcstats.com/fight-details/18a1617ee7356352
6470,592,Renato Moicano vs. Alexander Hernandez,http://ufcstats.com/fight-details/238832b58a66ae07
6469,592,King Green vs. Nasrat Haqparast,http://ufcstats.com/fight-details/388adad23aaa9d39
6468,592,Andrei Arlovski vs. Jared Vanderaa,http://ufcstats.com/fight-details/81c22cfa22002ea4
6467,592,Casey O'Neill vs. Roxanne Modafferi,http://ufcstats.com/fight-details/b1e048825b5bbe1c
6466,592,Kyler Phillips vs. Marcelo Rojo,http://ufcstats.com/fight-details/a0ba726da4a50458
6465,592,Carlos Ulberg vs. Fabio Cherant,http://ufcstats.com/fight-details/3bebd99d5f94bec7
6464,592,Ronnie Lawrence vs. Mana Martinez,http://ufcstats.com/fight-details/19e742ccaa09cf08
6463,592,Jacob Malkoun vs. AJ Dobson,http://ufcstats.com/fight-details/c16bda7548181613
6462,592,Douglas Silva de Andrade vs. Sergey Morozov,http://ufcstats.com/fight-details/821bef3a3394dd96
6461,592,Jeremiah Wells vs. Blood Diamond,http://ufcstats.com/fight-details/507080ccded73591
6460,592,Maxim Grishin vs. William Knight,http://ufcstats.com/fight-details/6708f3a32861038a
6459,591,Sean Strickland vs. Jack Hermansson,http://ufcstats.com/fight-details/4b67a1875390e7ad
6458,591,Nick Maximov vs. Punahele Soriano,http://ufcstats.com/fight-details/ace166f26c2ac2e8
6457,591,Shavkat Rakhmonov vs. Carlston Harris,http://ufcstats.com/fight-details/6b4c2cc27855506a
6456,591,Brendan Allen vs. Sam Alvey,http://ufcstats.com/fight-details/0730c4e6fb247fa1
6455,591,Bryan Battle vs. Tresean Gore,http://ufcstats.com/fight-details/0489b42ac0ab6d4b
6454,591,Julian Erosa vs. Steven Peterson,http://ufcstats.com/fight-details/208c5dc52ccfd47a
6453,591,John Castaneda vs. Miles Johns,http://ufcstats.com/fight-details/c816a969cb001168
6452,591,Hakeem Dawodu vs. Michael Trizano,http://ufcstats.com/fight-details/84ebbad426d25713
6451,591,Chidi Njokuani vs. Marc-Andre Barriault,http://ufcstats.com/fight-details/f9ab966e63968c15
6450,591,Alexis Davis vs. Julija Stoliarenko,http://ufcstats.com/fight-details/673ed36fa5c12d5f
6449,591,Jailton Almeida vs. Danilo Marques,http://ufcstats.com/fight-details/e82f15afac3dac93
6448,591,Phil Rowe vs. Jason Witt,http://ufcstats.com/fight-details/342779192b116314
6447,591,Malcolm Gordon vs. Denys Bondar,http://ufcstats.com/fight-details/1765fc442ea03873
6446,590,Francis Ngannou vs. Ciryl Gane,http://ufcstats.com/fight-details/e786542667fdecf0
6445,590,Deiveson Figueiredo vs. Brandon Moreno,http://ufcstats.com/fight-details/cddd3d4febe097f8
6444,590,Michel Pereira vs. Andre Fialho,http://ufcstats.com/fight-details/5ba543efdce072f5
6443,590,Said Nurmagomedov vs. Cody Stamann,http://ufcstats.com/fight-details/80f65ee9b6f8d63b
6442,590,Michael Morales vs. Trevin Giles,http://ufcstats.com/fight-details/453283e947919ff7
6441,590,Victor Henry vs. Raoni Barcelos,http://ufcstats.com/fight-details/44a55ba1de2b30e2
6440,590,Jack Della Maddalena vs. Pete Rodriguez,http://ufcstats.com/fight-details/0669231ebe3dd560
6439,590,Tony Gravely vs. Saimon Oliveira,http://ufcstats.com/fight-details/9687021e5c4d092a
6438,590,Matt Frevola vs. Genaro Valdez,http://ufcstats.com/fight-details/5da7168ac2ff0e1d
6437,590,Vanessa Demopoulos vs. Silvana Gomez Juarez,http://ufcstats.com/fight-details/4047c2e259529179
6436,590,Jasmine Jasudavicius vs. Kay Hansen,http://ufcstats.com/fight-details/0a0beb5aa9810de4
6435,589,Calvin Kattar vs. Giga Chikadze,http://ufcstats.com/fight-details/9dfcf675cf2c1575
6434,589,Jake Collier vs. Chase Sherman,http://ufcstats.com/fight-details/3bcbb0e039f4f5d8
6433,589,Brandon Royval vs. Rogerio Bontorin,http://ufcstats.com/fight-details/8d89f3b8798f444d
6432,589,Katlyn Cerminara vs. Jennifer Maia,http://ufcstats.com/fight-details/f9a4e625dffc30d4
6431,589,Viacheslav Borshchev vs. Dakota Bush,http://ufcstats.com/fight-details/b5b5156c713c5d47
6430,589,Bill Algeo vs. Joanderson Brito,http://ufcstats.com/fight-details/8693027377658e61
6429,589,Jamie Pickett vs. Joseph Holmes,http://ufcstats.com/fight-details/e8517ed0b49abc37
6428,589,Court McGee vs. Ramiz Brahimaj,http://ufcstats.com/fight-details/3738135e4c9d8273
6427,589,Brian Kelleher vs. Kevin Croom,http://ufcstats.com/fight-details/7c2a02b5ea169b54
6426,589,TJ Brown vs. Charles Rosa,http://ufcstats.com/fight-details/3a8c0158d910546d
6425,588,Derrick Lewis vs. Chris Daukaus,http://ufcstats.com/fight-details/4b7ec02b39fc6f70
6424,588,Belal Muhammad vs. Stephen Thompson,http://ufcstats.com/fight-details/8b3b38167060b1d7
6423,588,Amanda Lemos vs. Angela Hill,http://ufcstats.com/fight-details/2e200563dd7c4922
6422,588,Ricky Simon vs. Raphael Assuncao,http://ufcstats.com/fight-details/a43dcd04788d95c7
6421,588,Mateusz Gamrot vs. Diego Ferreira,http://ufcstats.com/fight-details/730f14ccff80f3b0
6420,588,Cub Swanson vs. Darren Elkins,http://ufcstats.com/fight-details/2a5484a6d5e7a2da
6419,588,Gerald Meerschaert vs. Dustin Stoltzfus,http://ufcstats.com/fight-details/bdaca0a96d44438a
6418,588,Justin Tafa vs. Harry Hunsucker,http://ufcstats.com/fight-details/fc0927c657c51622
6417,588,Melissa Gatto vs. Sijara Eubanks,http://ufcstats.com/fight-details/dd552b389152636a
6416,588,Charles Jourdain vs. Andre Ewell,http://ufcstats.com/fight-details/b4f88d65b47c2a39
6415,588,Raquel Pennington vs. Macy Chiasson,http://ufcstats.com/fight-details/85d9a516c3c6c205
6414,588,Don'Tale Mayes vs. Josh Parisian,http://ufcstats.com/fight-details/a760d0f5de2e1aaa
6413,588,Jordan Leavitt vs. Matt Sayles,http://ufcstats.com/fight-details/ea76a3af8c5ecc55
6412,587,Charles Oliveira vs. Dustin Poirier,http://ufcstats.com/fight-details/b22eab3aa1522f40
6411,587,Julianna Pena vs. Amanda Nunes,http://ufcstats.com/fight-details/0b633295d9e017a3
6410,587,Geoff Neal vs. Santiago Ponzinibbio,http://ufcstats.com/fight-details/2d0d13dfc6c37ba8
6409,587,Kai Kara-France vs. Cody Garbrandt,http://ufcstats.com/fight-details/795aa42785a46643
6408,587,Sean O'Malley vs. Raulian Paiva,http://ufcstats.com/fight-details/8c01b7dccc4d0926
6407,587,Josh Emmett vs. Dan Ige,http://ufcstats.com/fight-details/6537a32e7af905b0
6406,587,Dominick Cruz vs. Pedro Munhoz,http://ufcstats.com/fight-details/abb8c6c0a057184e
6405,587,Tai Tuivasa vs. Augusto Sakai,http://ufcstats.com/fight-details/50f2539c73b98eec
6404,587,Bruno Silva vs. Jordan Wright,http://ufcstats.com/fight-details/9039762cb9f4abdb
6403,587,Andre Muniz vs. Eryk Anders,http://ufcstats.com/fight-details/16243b1470887cb6
6402,587,Erin Blanchfield vs. Miranda Maverick,http://ufcstats.com/fight-details/fc2a30bfb760bdf8
6401,587,Ryan Hall vs. Darrick Minner,http://ufcstats.com/fight-details/537a5aa4c248830e
6400,587,Tony Kelley vs. Randy Costa,http://ufcstats.com/fight-details/8bcdcfb0f93f1409
6399,587,Gillian Robertson vs. Priscila Cachoeira,http://ufcstats.com/fight-details/505397f405e40206
6398,586,Jose Aldo vs. Rob Font,http://ufcstats.com/fight-details/3109d1151f149aaf
6397,586,Rafael Fiziev vs. Brad Riddell,http://ufcstats.com/fight-details/a38648a1c190f9be
6396,586,Jamahal Hill vs. Jimmy Crute,http://ufcstats.com/fight-details/b3847772199e2639
6395,586,Clay Guida vs. Leonardo Santos,http://ufcstats.com/fight-details/5d64044b985004e7
6394,586,Chris Curtis vs. Brendan Allen,http://ufcstats.com/fight-details/9e5bbbacf1d92cb4
6393,586,Alex Morono vs. Mickey Gall,http://ufcstats.com/fight-details/657b7da9c89352fe
6392,586,Dusko Todorovic vs. Maki Pitolo,http://ufcstats.com/fight-details/723a8a8c82cab1c8
6391,586,Manel Kape vs. Zhalgas Zhumagulov,http://ufcstats.com/fight-details/376dddfa82debbf4
6390,586,Bryan Barberena vs. Darian Weeks,http://ufcstats.com/fight-details/405bded9cc7a7c15
6389,586,Cheyanne Vlismas vs. Mallory Martin,http://ufcstats.com/fight-details/3fc8afbb23b9ac16
6388,586,William Knight vs. Alonzo Menifield,http://ufcstats.com/fight-details/42b28adbed6966b7
6387,586,Claudio Puelles vs. Chris Gruetzemacher,http://ufcstats.com/fight-details/c74b03337a8441ed
6386,586,Vince Morales vs. Louis Smolka,http://ufcstats.com/fight-details/1ce1a43ef68ffc7d
6385,585,Ketlen Vieira vs. Miesha Tate,http://ufcstats.com/fight-details/18f19b1422e8154b
6384,585,Sean Brady vs. Michael Chiesa,http://ufcstats.com/fight-details/50bf4bb2f8d9aba4
6383,585,Taila Santos vs. Joanne Wood,http://ufcstats.com/fight-details/bb15c0a2911043bd
6382,585,Rani Yahya vs. Kyung Ho Kang,http://ufcstats.com/fight-details/1cd8f5a107f64e39
6381,585,Adrian Yanez vs. Davey Grant,http://ufcstats.com/fight-details/9b9ef12603e820ec
6380,585,Pat Sabatini vs. Tucker Lutz,http://ufcstats.com/fight-details/f592f168f3b8b807
6379,585,Rafa Garcia vs. Natan Levy,http://ufcstats.com/fight-details/fd60e75303622e5e
6378,585,Loopy Godinez vs. Loma Lookboonmee,http://ufcstats.com/fight-details/450534f9fb9b13cd
6377,585,Cody Durden vs. Aoriqileng,http://ufcstats.com/fight-details/84c68c4c387d2e32
6376,585,Shayilan Nuerdanbieke vs. Sean Soriano,http://ufcstats.com/fight-details/1ff89e2a9cc2f2d2
6375,585,Luana Pinheiro vs. Sam Hughes,http://ufcstats.com/fight-details/8dd086e2e70144fd
6374,584,Max Holloway vs. Yair Rodriguez,http://ufcstats.com/fight-details/147e984aa34e3028
6373,584,Marcos Rogerio de Lima vs. Ben Rothwell,http://ufcstats.com/fight-details/1013cdbb6c9a4a2e
6372,584,Felicia Spencer vs. Leah Letson,http://ufcstats.com/fight-details/e6ce8360ef43891c
6371,584,Khaos Williams vs. Miguel Baeza,http://ufcstats.com/fight-details/8636b67096df4b27
6370,584,Song Yadong vs. Julio Arce,http://ufcstats.com/fight-details/73c97d5c314f1270
6369,584,Joel Alvarez vs. Thiago Moises,http://ufcstats.com/fight-details/0273dbd5dedbdbe0
6368,584,Andrea Lee vs. Cynthia Calvillo,http://ufcstats.com/fight-details/c0518d213b67e754
6367,584,Sean Woodson vs. Collin Anglin,http://ufcstats.com/fight-details/a27a355f52883f3e
6366,584,Cortney Casey vs. Liana Jojua,http://ufcstats.com/fight-details/66eee2320e900a8a
6365,584,Rafael Alves vs. Marc Diakiese,http://ufcstats.com/fight-details/2c21abbc28e3876a
6364,584,Da Woon Jung vs. Kennedy Nzechukwu,http://ufcstats.com/fight-details/81bb4d9b214adf4b
6363,583,Kamaru Usman vs. Colby Covington,http://ufcstats.com/fight-details/31b3ae9352d9389b
6362,583,Rose Namajunas vs. Zhang Weili,http://ufcstats.com/fight-details/19722043e7eb4e39
6361,583,Marlon Vera vs. Frankie Edgar,http://ufcstats.com/fight-details/c634ed84212723ca
6360,583,Shane Burgos vs. Billy Quarantillo,http://ufcstats.com/fight-details/a260238fdb9c47cf
6359,583,Justin Gaethje vs. Michael Chandler,http://ufcstats.com/fight-details/999a0fad4c82148d
6358,583,Alex Pereira vs. Andreas Michailidis,http://ufcstats.com/fight-details/385101e8ad828c39
6357,583,King Green vs. Al Iaquinta,http://ufcstats.com/fight-details/d69e3677060af4c7
6356,583,Chris Curtis vs. Phil Hawes,http://ufcstats.com/fight-details/fa3b28ff3585b4a0
6355,583,Nassourdine Imavov vs. Edmen Shahbazyan,http://ufcstats.com/fight-details/095a351dd6f09f7e
6354,583,Ian Machado Garry vs. Jordan Williams,http://ufcstats.com/fight-details/733dcfec0cc9b439
6353,583,Chris Barnett vs. Gian Villante,http://ufcstats.com/fight-details/e25875165648162b
6352,583,Dustin Jacoby vs. John Allan,http://ufcstats.com/fight-details/88cc78d2d5d6bcaa
6351,583,Melsik Baghdasaryan vs. Bruno Souza,http://ufcstats.com/fight-details/73d541adc2909dc8
6350,583,Ode Osbourne vs. CJ Vergara,http://ufcstats.com/fight-details/8081cb92f71401c6
6349,582,Glover Teixeira vs. Jan Blachowicz,http://ufcstats.com/fight-details/919fb76d2f3e5827
6348,582,Petr Yan vs. Cory Sandhagen,http://ufcstats.com/fight-details/18edff5447989b3f
6347,582,Islam Makhachev vs. Dan Hooker,http://ufcstats.com/fight-details/5ad4c0eae7512878
6346,582,Alexander Volkov vs. Marcin Tybura,http://ufcstats.com/fight-details/13e3e41e0c6f4e04
6345,582,Khamzat Chimaev vs. Li Jingliang,http://ufcstats.com/fight-details/987cdcbc809e210d
6344,582,Magomed Ankalaev vs. Volkan Oezdemir,http://ufcstats.com/fight-details/58b19ba734fe93a3
6343,582,Amanda Ribas vs. Virna Jandiroba,http://ufcstats.com/fight-details/d84968d7e9fcb4f3
6342,582,Zubaira Tukhugov vs. Ricardo Ramos,http://ufcstats.com/fight-details/41cdfea7df63003f
6341,582,Albert Duraev vs. Roman Kopylov,http://ufcstats.com/fight-details/768c86e307295944
6340,582,Elizeu Zaleski dos Santos vs. Benoit Saint Denis,http://ufcstats.com/fight-details/efc6af0151f72b87
6339,582,Michal Oleksiejczuk vs. Shamil Gamzatov,http://ufcstats.com/fight-details/92c49cb075f612d7
6338,582,Lerone Murphy vs. Makwan Amirkhani,http://ufcstats.com/fight-details/156f2425a937b22f
6337,582,Andre Petroski vs. Hu Yaozong,http://ufcstats.com/fight-details/4a5e5232346993c7
6336,582,Tagir Ulanbekov vs. Allan Nascimento,http://ufcstats.com/fight-details/6163c18411aca830
6335,581,Marvin Vettori vs. Paulo Costa,http://ufcstats.com/fight-details/860be3cc82895177
6334,581,Grant Dawson vs. Ricky Glenn,http://ufcstats.com/fight-details/9fe62ea683decc55
6333,581,Jessica-Rose Clark vs. Joselyne Edwards,http://ufcstats.com/fight-details/69167b996ce7a7e4
6332,581,Alex Caceres vs. SeungWoo Choi,http://ufcstats.com/fight-details/98842f17dfe4b4ef
6331,581,Francisco Trinaldo vs. Dwight Grant,http://ufcstats.com/fight-details/587d373f18f6c8c0
6330,581,Nicolae Negumereanu vs. Ike Villanueva,http://ufcstats.com/fight-details/e078d18fa9ed100d
6329,581,Gregory Rodrigues vs. JunYong Park,http://ufcstats.com/fight-details/88256dd5a9aef1cc
6328,581,Mason Jones vs. David Onama,http://ufcstats.com/fight-details/d44d735e5079bfb8
6327,581,Tabatha Ricci vs. Maria Oliveira,http://ufcstats.com/fight-details/1fe58cdab57d233b
6326,581,Jamie Pickett vs. Laureano Staropoli,http://ufcstats.com/fight-details/85f920746c58d0a6
6325,581,Jai Herbert vs. Khama Worthy,http://ufcstats.com/fight-details/6d7eecf4acecda2a
6324,581,Jeff Molina vs. Daniel Lacerda,http://ufcstats.com/fight-details/acec5f4c6fee1ae2
6323,581,Randa Markos vs. Livinha Souza,http://ufcstats.com/fight-details/61d9eff5fa4c8578
6322,581,Jonathan Martinez vs. Zviad Lazishvili,http://ufcstats.com/fight-details/7151ae256e6c181b
6321,580,Norma Dumont vs. Aspen Ladd,http://ufcstats.com/fight-details/330e67abac6e5ce7
6320,580,Andrei Arlovski vs. Carlos Felipe,http://ufcstats.com/fight-details/188b63ec6ee1c1c9
6319,580,Jim Miller vs. Erick Gonzalez,http://ufcstats.com/fight-details/d9ca00b3c62a874d
6318,580,Manon Fiorot vs. Mayra Bueno Silva,http://ufcstats.com/fight-details/b193e2317b21125c
6317,580,Nate Landwehr vs. Ludovit Klein,http://ufcstats.com/fight-details/a2e1116a9fe84aa9
6316,580,Bruno Silva vs. Andrew Sanchez,http://ufcstats.com/fight-details/fefa96b6d939ffea
6315,580,Danny Roberts vs. Ramazan Emeev,http://ufcstats.com/fight-details/e3881a6895be3e9e
6314,580,Luana Carolina vs. Loopy Godinez,http://ufcstats.com/fight-details/be8bee783d22bee2
6313,580,Batgerel Danaa vs. Brandon Davis,http://ufcstats.com/fight-details/cf020c71f1dbfa0b
6312,580,Ariane Carnelossi vs. Istela Nunes,http://ufcstats.com/fight-details/814d481e79e9a525
6311,579,Marina Rodriguez vs. Mackenzie Dern,http://ufcstats.com/fight-details/149d6b90f33634a4
6310,579,Randy Brown vs. Jared Gooden,http://ufcstats.com/fight-details/d5ffdb5388ffabc6
6309,579,Matheus Nicolau vs. Tim Elliott,http://ufcstats.com/fight-details/20f19439e9b100b0
6308,579,Mariya Agapova vs. Sabina Mazo,http://ufcstats.com/fight-details/38957d8eb185391c
6307,579,Chris Gutierrez vs. Felipe Colares,http://ufcstats.com/fight-details/6101249c2cdd1493
6306,579,Alexandr Romanov vs. Jared Vanderaa,http://ufcstats.com/fight-details/777c65184aa63894
6305,579,Damon Jackson vs. Charles Rosa,http://ufcstats.com/fight-details/df16b9c2fc9722e9
6304,579,Loopy Godinez vs. Silvana Gomez Juarez,http://ufcstats.com/fight-details/f526892a27b50576
6303,579,Steve Garcia vs. Charlie Ontiveros,http://ufcstats.com/fight-details/ddb927b0dfcfac2a
6302,578,Thiago Santos vs. Johnny Walker,http://ufcstats.com/fight-details/37c484012ef24a5b
6301,578,Kevin Holland vs. Kyle Daukaus,http://ufcstats.com/fight-details/ce151e053721fe69
6300,578,Niko Price vs. Alex Oliveira,http://ufcstats.com/fight-details/9c33c8d4a381ba70
6299,578,Krzysztof Jotko vs. Misha Cirkunov,http://ufcstats.com/fight-details/dba710edbc3c29ff
6298,578,Alexander Hernandez vs. Mike Breeden,http://ufcstats.com/fight-details/a00b4e82f9d4f92c
6297,578,Jared Gordon vs. Joe Solecki,http://ufcstats.com/fight-details/3b7eb8e56052a2af
6296,578,Casey O'Neill vs. Antonina Shevchenko,http://ufcstats.com/fight-details/6832e9e62da0f9d3
6295,578,Karol Rosa vs. Bethe Correia,http://ufcstats.com/fight-details/16d31775a8dcb31d
6294,578,Jamie Mullarkey vs. Devonte Smith,http://ufcstats.com/fight-details/dfa2f5c821a52c63
6293,578,Douglas Silva de Andrade vs. Gaetano Pirrello,http://ufcstats.com/fight-details/5f444eac11e55161
6292,578,Stephanie Egger vs. Shanna Young,http://ufcstats.com/fight-details/c1e5859053263811
6291,578,Alejandro Perez vs. Johnny Eduardo,http://ufcstats.com/fight-details/e7423a91a253b416
6290,577,Alexander Volkanovski vs. Brian Ortega,http://ufcstats.com/fight-details/18f1b88d8977c216
6289,577,Valentina Shevchenko vs. Lauren Murphy,http://ufcstats.com/fight-details/7233b2a56438d77a
6288,577,Robbie Lawler vs. Nick Diaz,http://ufcstats.com/fight-details/92e006a93f983fb5
6287,577,Curtis Blaydes vs. Jairzinho Rozenstruik,http://ufcstats.com/fight-details/f4df74046a1c4364
6286,577,Jessica Andrade vs. Cynthia Calvillo,http://ufcstats.com/fight-details/f4a2806f77ac1cdc
6285,577,Merab Dvalishvili vs. Marlon Moraes,http://ufcstats.com/fight-details/bc276e0f07e30a54
6284,577,Dan Hooker vs. Nasrat Haqparast,http://ufcstats.com/fight-details/b3c23fb2d71bba51
6283,577,Chris Daukaus vs. Shamil Abdurakhimov,http://ufcstats.com/fight-details/f085f32bbb3220e1
6282,577,Taila Santos vs. Roxanne Modafferi,http://ufcstats.com/fight-details/e7bb37681652c2c2
6281,577,Jalin Turner vs. Uros Medic,http://ufcstats.com/fight-details/7abc4520f63f2c06
6280,577,Nick Maximov vs. Cody Brundage,http://ufcstats.com/fight-details/d8189169b2c8a2aa
6279,577,Matthew Semelsberger vs. Martin Sano,http://ufcstats.com/fight-details/73f6b72b4889088f
6278,577,Jonathan Pearce vs. Omar Morales,http://ufcstats.com/fight-details/7484298ad57099be
6277,576,Anthony Smith vs. Ryan Spann,http://ufcstats.com/fight-details/d1621b3da377f34b
6276,576,Ion Cutelaba vs. Devin Clark,http://ufcstats.com/fight-details/4b5f9b7c31d1205d
6275,576,Ariane da Silva vs. Mandy Bohm,http://ufcstats.com/fight-details/ceaf7ed5ade30d9f
6274,576,Arman Tsarukyan vs. Christos Giagos,http://ufcstats.com/fight-details/13a8ddb1c3f55ed4
6273,576,Nate Maness vs. Tony Gravely,http://ufcstats.com/fight-details/576b795e33ddd62d
6272,576,Joaquin Buckley vs. Antonio Arroyo,http://ufcstats.com/fight-details/401f5f4714132d50
6271,576,Tafon Nchukwi vs. Mike Rodriguez,http://ufcstats.com/fight-details/d06495deb1ff1750
6270,576,Raquel Pennington vs. Pannie Kianzad,http://ufcstats.com/fight-details/2d42742aade53799
6269,576,Rongzhu vs. Brandon Jenkins,http://ufcstats.com/fight-details/85e5498808346d6b
6268,576,Montel Jackson vs. JP Buys,http://ufcstats.com/fight-details/dc870fab1e0f15e1
6267,576,Erin Blanchfield vs. Sarah Alpar,http://ufcstats.com/fight-details/0ce63c2148e70b4c
6266,576,Carlston Harris vs. Impa Kasanganay,http://ufcstats.com/fight-details/06b3226c34c17001
6265,576,Gustavo Lopez vs. Alatengheili,http://ufcstats.com/fight-details/178756c3cb23b884
6264,576,Hannah Goldy vs. Emily Whitmire,http://ufcstats.com/fight-details/eb10feae98ea7d36
6263,575,Derek Brunson vs. Darren Till,http://ufcstats.com/fight-details/14f2bb86fd888e91
6262,575,Tom Aspinall vs. Serghei Spivac,http://ufcstats.com/fight-details/b977ffcc6428046f
6261,575,Alex Morono vs. David Zawada,http://ufcstats.com/fight-details/f09912e9d8eaa968
6260,575,Khalil Rountree Jr. vs. Modestas Bukauskas,http://ufcstats.com/fight-details/ad81be01a461c936
6259,575,Paddy Pimblett vs. Luigi Vendramini,http://ufcstats.com/fight-details/8fc238e84c4624a7
6258,575,Molly McCann vs. Ji Yeon Kim,http://ufcstats.com/fight-details/06c0c7dda5a5909d
6257,575,Jack Shore vs. Liudvik Sholinian,http://ufcstats.com/fight-details/4fc128b1bdf088b1
6256,575,Julian Erosa vs. Charles Jourdain,http://ufcstats.com/fight-details/3f76035e52e8819b
6255,575,Marc-Andre Barriault vs. Dalcha Lungiambula,http://ufcstats.com/fight-details/a7c38d4d66abf923
6254,574,Giga Chikadze vs. Edson Barboza,http://ufcstats.com/fight-details/5cd1869013741767
6253,574,Bryan Battle vs. Gilbert Urbina,http://ufcstats.com/fight-details/5086f9fb4fdc2f60
6252,574,Ricky Turcios vs. Brady Hiestand,http://ufcstats.com/fight-details/ed64e42263bf50bf
6251,574,Daniel Rodriguez vs. Kevin Lee,http://ufcstats.com/fight-details/089a17e450cc98aa
6250,574,Andre Petroski vs. Micheal Gillmore,http://ufcstats.com/fight-details/ad3aa9520131ff2e
6249,574,Gerald Meerschaert vs. Makhmud Muradov,http://ufcstats.com/fight-details/1de342e9309c5f0f
6248,574,Abdul Razak Alhassan vs. Alessio Di Chirico,http://ufcstats.com/fight-details/e24c8aab497b4fe1
6247,574,Wellington Turman vs. Sam Alvey,http://ufcstats.com/fight-details/58d5e4afc2dd35d1
6246,574,Dustin Jacoby vs. Darren Stewart,http://ufcstats.com/fight-details/0f3a91caeaa55094
6245,574,JJ Aldrich vs. Vanessa Demopoulos,http://ufcstats.com/fight-details/2cb9ba68fc855f33
6244,574,Pat Sabatini vs. Jamall Emmers,http://ufcstats.com/fight-details/ef4484943b1c68a9
6243,574,Mana Martinez vs. Guido Cannetti,http://ufcstats.com/fight-details/be4890f4aaadec28
6242,573,Jared Cannonier vs. Kelvin Gastelum,http://ufcstats.com/fight-details/f536ba47f006474a
6241,573,Mark Madsen vs. Clay Guida,http://ufcstats.com/fight-details/3a9e0fed344fd07d
6240,573,Parker Porter vs. Chase Sherman,http://ufcstats.com/fight-details/47230f9b5d7ae037
6239,573,Saidyokub Kakhramonov vs. Trevin Jones,http://ufcstats.com/fight-details/e1897ff433134cb8
6238,573,Vinc Pichel vs. Austin Hubbard,http://ufcstats.com/fight-details/755d84d5f4aa4dbf
6237,573,Alexandre Pantoja vs. Brandon Royval,http://ufcstats.com/fight-details/0b47788da6de735e
6236,573,Austin Lingo vs. Luis Saldana,http://ufcstats.com/fight-details/12d2b282561b5e5f
6235,573,Brian Kelleher vs. Domingo Pilarte,http://ufcstats.com/fight-details/bfacb44c24bfe0e9
6234,573,Josiane Nunes vs. Bea Malecki,http://ufcstats.com/fight-details/92d39a17e34cf581
6233,573,William Knight vs. Fabio Cherant,http://ufcstats.com/fight-details/5e2ce5aa3a92c2df
6232,573,Ignacio Bahamondes vs. Roosevelt Roberts,http://ufcstats.com/fight-details/8badcb2134c1cdaf
6231,573,Ramiz Brahimaj vs. Sasha Palatnikov,http://ufcstats.com/fight-details/47a157222b2c9092
6230,572,Ciryl Gane vs. Derrick Lewis,http://ufcstats.com/fight-details/bf732e22055e8634
6229,572,Jose Aldo vs. Pedro Munhoz,http://ufcstats.com/fight-details/980927e7dcc131c0
6228,572,Vicente Luque vs. Michael Chiesa,http://ufcstats.com/fight-details/efe985e626a0d8c0
6227,572,Tecia Pennington vs. Angela Hill,http://ufcstats.com/fight-details/903d2c361d005b70
6226,572,Song Yadong vs. Casey Kenney,http://ufcstats.com/fight-details/962aab0abdd34173
6225,572,Rafael Fiziev vs. King Green,http://ufcstats.com/fight-details/76ece0ee2ef5d240
6224,572,Vince Morales vs. Drako Rodriguez,http://ufcstats.com/fight-details/3d75081ce43774ca
6223,572,Alonzo Menifield vs. Ed Herman,http://ufcstats.com/fight-details/dcd0793ff1a43b68
6222,572,Jessica Penne vs. Karolina Kowalkiewicz,http://ufcstats.com/fight-details/f2336b7545f5f442
6221,572,Manel Kape vs. Ode Osbourne,http://ufcstats.com/fight-details/85c5dd604d5b3634
6220,572,Miles Johns vs. Anderson Dos Santos,http://ufcstats.com/fight-details/9a678f346946b6a4
6219,572,Melissa Gatto vs. Victoria Leonardo,http://ufcstats.com/fight-details/cce232c1b1b2e4a0
6218,572,Johnny Munoz vs. Jamey Simmons,http://ufcstats.com/fight-details/af9927b5589e708b
6217,571,Sean Strickland vs. Uriah Hall,http://ufcstats.com/fight-details/8522bc62e8d942ab
6216,571,Cheyanne Vlismas vs. Gloria de Paula,http://ufcstats.com/fight-details/b4622ca7cf0e8506
6215,571,Jared Gooden vs. Niklas Stolze,http://ufcstats.com/fight-details/e3ecb94228c2739f
6214,571,Melsik Baghdasaryan vs. Collin Anglin,http://ufcstats.com/fight-details/6671b567c4eb9982
6213,571,Jason Witt vs. Bryan Barberena,http://ufcstats.com/fight-details/9eef9b7967991296
6212,571,Chris Gruetzemacher vs. Rafa Garcia,http://ufcstats.com/fight-details/12ceec9431fb0827
6211,571,Danny Chavez vs. Kai Kamaka,http://ufcstats.com/fight-details/69397bbebdfa41d9
6210,571,Jinh Yu Frey vs. Ashley Yoder,http://ufcstats.com/fight-details/96c51bc6316a4b47
6209,571,Zarrukh Adashev vs. Ryan Benoit,http://ufcstats.com/fight-details/1978b44503c3d9ff
6208,571,Phil Rowe vs. Orion Cosce,http://ufcstats.com/fight-details/fb9095887dca34c7
6207,570,TJ Dillashaw vs. Cory Sandhagen,http://ufcstats.com/fight-details/214b268e4a92f950
6206,570,Raulian Paiva vs. Kyler Phillips,http://ufcstats.com/fight-details/4bb77b1d8efc53a9
6205,570,Darren Elkins vs. Darrick Minner,http://ufcstats.com/fight-details/1bde9cb65d31cc76
6204,570,Maycee Barber vs. Miranda Maverick,http://ufcstats.com/fight-details/7c3ad06a520b8716
6203,570,Adrian Yanez vs. Randy Costa,http://ufcstats.com/fight-details/43c391b251337c9b
6202,570,Brendan Allen vs. Punahele Soriano,http://ufcstats.com/fight-details/4911094a4ee26868
6201,570,Nassourdine Imavov vs. Ian Heinisch,http://ufcstats.com/fight-details/dff1dbb8fe1f31cb
6200,570,Mickey Gall vs. Jordan Williams,http://ufcstats.com/fight-details/1be65a0d2c1383f6
6199,570,Julio Arce vs. Andre Ewell,http://ufcstats.com/fight-details/cade0268dec56f3d
6198,570,Sijara Eubanks vs. Elise Reed,http://ufcstats.com/fight-details/c13474b85d3ced32
6197,570,Diana Belbita vs. Hannah Goldy,http://ufcstats.com/fight-details/40ce202eaa78860c
6196,569,Islam Makhachev vs. Thiago Moises,http://ufcstats.com/fight-details/7d4c160dab6eae73
6195,569,Miesha Tate vs. Marion Reneau,http://ufcstats.com/fight-details/f0b83b05f3dd9580
6194,569,Mateusz Gamrot vs. Jeremy Stephens,http://ufcstats.com/fight-details/72105dd82d964e7a
6193,569,Rodolfo Vieira vs. Dustin Stoltzfus,http://ufcstats.com/fight-details/813444e109995c97
6192,569,Billy Quarantillo vs. Gabriel Benitez,http://ufcstats.com/fight-details/940701effe1d2b6c
6191,569,Daniel Rodriguez vs. Preston Parsons,http://ufcstats.com/fight-details/8151659b2bc16f0e
6190,569,Amanda Lemos vs. Montserrat Conejo Ruiz,http://ufcstats.com/fight-details/c5e71fbf22f669f7
6189,569,Sergey Morozov vs. Khalid Taha,http://ufcstats.com/fight-details/93d5452726f5f364
6188,569,Malcolm Gordon vs. Francisco Figueiredo,http://ufcstats.com/fight-details/49876b12d440af40
6187,569,Alan Baudot vs. Rodrigo Nascimento,http://ufcstats.com/fight-details/7d0874323bd1f768
6186,568,Dustin Poirier vs. Conor McGregor,http://ufcstats.com/fight-details/7d0ce28ce8a77eb1
6185,568,Gilbert Burns vs. Stephen Thompson,http://ufcstats.com/fight-details/8245791a3d3403c6
6184,568,Tai Tuivasa vs. Greg Hardy,http://ufcstats.com/fight-details/53b480b44b0b51f1
6183,568,Irene Aldana vs. Yana Santos,http://ufcstats.com/fight-details/3740c8033e31c90d
6182,568,Sean O'Malley vs. Kris Moutinho,http://ufcstats.com/fight-details/dbcc5b5d568efa8b
6181,568,Max Griffin vs. Carlos Condit,http://ufcstats.com/fight-details/7070abfa26c079b8
6180,568,Michel Pereira vs. Niko Price,http://ufcstats.com/fight-details/96bbb6c573dac27a
6179,568,Ilia Topuria vs. Ryan Hall,http://ufcstats.com/fight-details/07468b6347ac5e3d
6178,568,Dricus Du Plessis vs. Trevin Giles,http://ufcstats.com/fight-details/858feabaf429a963
6177,568,Jennifer Maia vs. Jessica Eye,http://ufcstats.com/fight-details/5d5bf07dbfada0e3
6176,568,Brad Tavares vs. Omari Akhmedov,http://ufcstats.com/fight-details/1aba46988c9b58f9
6175,568,Zhalgas Zhumagulov vs. Jerome Rivera,http://ufcstats.com/fight-details/ac0a1d87e9ff4085
6174,567,Ciryl Gane vs. Alexander Volkov,http://ufcstats.com/fight-details/78afed76d0e9a639
6173,567,Tanner Boser vs. Ovince Saint Preux,http://ufcstats.com/fight-details/d40eae4425092219
6172,567,Timur Valiev vs. Raoni Barcelos,http://ufcstats.com/fight-details/ce0fda34122f3d48
6171,567,Andre Fili vs. Daniel Pineda,http://ufcstats.com/fight-details/4622ec182e7fed6b
6170,567,Tim Means vs. Nicolas Dalby,http://ufcstats.com/fight-details/c9283da5f4d7aaf4
6169,567,Renato Moicano vs. Jai Herbert,http://ufcstats.com/fight-details/4341ebb5a56e6943
6168,567,Kennedy Nzechukwu vs. Danilo Marques,http://ufcstats.com/fight-details/85099c6378ff87c5
6167,567,Shavkat Rakhmonov vs. Michel Prazeres,http://ufcstats.com/fight-details/086c2a0cae0835c4
6166,567,Jeremiah Wells vs. Warlley Alves,http://ufcstats.com/fight-details/81de3929330076d2
6165,567,Marcin Prachnio vs. Ike Villanueva,http://ufcstats.com/fight-details/d988760df61f027c
6164,567,Julia Avila vs. Julija Stoliarenko,http://ufcstats.com/fight-details/0eac7075bf3d7ab7
6163,567,Charles Rosa vs. Justin Jaynes,http://ufcstats.com/fight-details/5357dab4d331eb18
6162,567,Damir Hadzovic vs. Yancy Medeiros,http://ufcstats.com/fight-details/23c7c6ceee34585f
6161,566,Chan Sung Jung vs. Dan Ige,http://ufcstats.com/fight-details/50cae63d530ede7c
6160,566,Serghei Spivac vs. Aleksei Oleinik,http://ufcstats.com/fight-details/6fd9a013cea5a403
6159,566,Marlon Vera vs. Davey Grant,http://ufcstats.com/fight-details/a83ebbf013905949
6158,566,SeungWoo Choi vs. Julian Erosa,http://ufcstats.com/fight-details/d3c0dfa57950aefd
6157,566,Bruno Silva vs. Wellington Turman,http://ufcstats.com/fight-details/bb1ac382e0277b3f
6156,566,Matt Brown vs. Dhiego Lima,http://ufcstats.com/fight-details/2bdf774dc8b17504
6155,566,Nicolae Negumereanu vs. Aleksa Camur,http://ufcstats.com/fight-details/744627aec853874e
6154,566,Virna Jandiroba vs. Kanako Murata,http://ufcstats.com/fight-details/53ed3f8f653b37b2
6153,566,Khaos Williams vs. Matthew Semelsberger,http://ufcstats.com/fight-details/87c8e086c29ae543
6152,566,Josh Parisian vs. Roque Martinez,http://ufcstats.com/fight-details/e8fd128286788a6d
6151,566,Ricky Glenn vs. Joaquim Silva,http://ufcstats.com/fight-details/1e9f081a84e7ec18
6150,566,Casey O'Neill vs. Lara Procopio,http://ufcstats.com/fight-details/d684d8b02ab53031
6149,565,Israel Adesanya vs. Marvin Vettori,http://ufcstats.com/fight-details/6cd44e1b2d093ea4
6148,565,Brandon Moreno vs. Deiveson Figueiredo,http://ufcstats.com/fight-details/0f51869f98afa6c0
6147,565,Leon Edwards vs. Nate Diaz,http://ufcstats.com/fight-details/b070b8c2c489d838
6146,565,Belal Muhammad vs. Demian Maia,http://ufcstats.com/fight-details/43dfb2c1e5fecac9
6145,565,Paul Craig vs. Jamahal Hill,http://ufcstats.com/fight-details/4560734220b96851
6144,565,Brad Riddell vs. Drew Dober,http://ufcstats.com/fight-details/7d2051c6bae907cb
6143,565,Eryk Anders vs. Darren Stewart,http://ufcstats.com/fight-details/9127a6430e46292c
6142,565,Lauren Murphy vs. Joanne Wood,http://ufcstats.com/fight-details/34cb6e9952cd30a4
6141,565,Movsar Evloev vs. Hakeem Dawodu,http://ufcstats.com/fight-details/d66164d2c770da68
6140,565,Pannie Kianzad vs. Alexis Davis,http://ufcstats.com/fight-details/34d38d77c1d3f00e
6139,565,Terrance McKinney vs. Matt Frevola,http://ufcstats.com/fight-details/d4ad90ac58429b64
6138,565,Steven Peterson vs. Chase Hooper,http://ufcstats.com/fight-details/84cde29aebf6c00c
6137,565,Fares Ziam vs. Luigi Vendramini,http://ufcstats.com/fight-details/dedb74ee9d84deab
6136,565,Carlos Felipe vs. Jake Collier,http://ufcstats.com/fight-details/1b4d5dbf5f663a97
6135,564,Jairzinho Rozenstruik vs. Augusto Sakai,http://ufcstats.com/fight-details/2c0cddd12deb7450
6134,564,Marcin Tybura vs. Walt Harris,http://ufcstats.com/fight-details/f187c7ec92f43828
6133,564,Roman Dolidze vs. Laureano Staropoli,http://ufcstats.com/fight-details/bb6438338bb8aebf
6132,564,Santiago Ponzinibbio vs. Miguel Baeza,http://ufcstats.com/fight-details/5c0e5d850d8e661f
6131,564,Gregory Rodrigues vs. Dusko Todorovic,http://ufcstats.com/fight-details/9252ad2304fd9a26
6130,564,Montana De La Rosa vs. Ariane da Silva,http://ufcstats.com/fight-details/1a50d5c7e1e5c058
6129,564,Ilir Latifi vs. Tanner Boser,http://ufcstats.com/fight-details/0716a38768a34789
6128,564,Muslim Salikhov vs. Francisco Trinaldo,http://ufcstats.com/fight-details/23b943e9ce495f0b
6127,564,Kamuela Kirk vs. Makwan Amirkhani,http://ufcstats.com/fight-details/827aacd14f80e8f3
6126,564,Alan Patrick vs. Mason Jones,http://ufcstats.com/fight-details/9cdfcd164b48f55e
6125,564,Manon Fiorot vs. Tabatha Ricci,http://ufcstats.com/fight-details/419d1e29668b57fb
6124,564,Sean Woodson vs. Youssef Zalal,http://ufcstats.com/fight-details/73a83b2595416f0a
6123,564,Claudio Puelles vs. Jordan Leavitt,http://ufcstats.com/fight-details/58c5d506181812fa
6122,563,Rob Font vs. Cody Garbrandt,http://ufcstats.com/fight-details/d16f7ab4e28171ea
6121,563,Carla Esparza vs. Yan Xiaonan,http://ufcstats.com/fight-details/16369fa06392f6a0
6120,563,Jared Vanderaa vs. Justin Tafa,http://ufcstats.com/fight-details/559c0c3d752f327a
6119,563,Norma Dumont vs. Felicia Spencer,http://ufcstats.com/fight-details/138f719d370e8ba0
6118,563,Ricardo Ramos vs. Bill Algeo,http://ufcstats.com/fight-details/ae0afbff5ba07a34
6117,563,Jack Hermansson vs. Edmen Shahbazyan,http://ufcstats.com/fight-details/7f8340dfe4220c3e
6116,563,Ben Rothwell vs. Chris Barnett,http://ufcstats.com/fight-details/3627f5133ce55902
6115,563,Court McGee vs. Claudio Silva,http://ufcstats.com/fight-details/e624d85a0d718578
6114,563,Bruno Silva vs. Victor Rodriguez,http://ufcstats.com/fight-details/b381dc272b32ce03
6113,563,Josh Culibao vs. Shayilan Nuerdanbieke,http://ufcstats.com/fight-details/c7cf2194fe5c751f
6112,563,David Dvorak vs. Juancamilo Ronderos,http://ufcstats.com/fight-details/d44a814b106b94ff
6111,563,Damir Ismagulov vs. Rafael Alves,http://ufcstats.com/fight-details/82d48296fd06c27f
6110,562,Charles Oliveira vs. Michael Chandler,http://ufcstats.com/fight-details/fef29aa73bd5b907
6109,562,Beneil Dariush vs. Tony Ferguson,http://ufcstats.com/fight-details/cfbaeb80b5ff7c00
6108,562,Matt Schnell vs. Rogerio Bontorin,http://ufcstats.com/fight-details/969aa613824c5dfe
6107,562,Katlyn Cerminara vs. Viviane Araujo,http://ufcstats.com/fight-details/8cb4e3f056a84b0d
6106,562,Edson Barboza vs. Shane Burgos,http://ufcstats.com/fight-details/6655a8da2655f2d0
6105,562,Andre Muniz vs. Jacare Souza,http://ufcstats.com/fight-details/ca22bafab913aae7
6104,562,Lando Vannata vs. Mike Grundy,http://ufcstats.com/fight-details/be2e28ba3bdeb400
6103,562,Jordan Wright vs. Jamie Pickett,http://ufcstats.com/fight-details/5573d46130d6b967
6102,562,Andrea Lee vs. Antonina Shevchenko,http://ufcstats.com/fight-details/2b894d87ad9aae05
6101,562,Priscila Cachoeira vs. Gina Mazany,http://ufcstats.com/fight-details/bfd672cac0726a9a
6100,562,Tucker Lutz vs. Kevin Aguilar,http://ufcstats.com/fight-details/1f2f27b36e79da74
6099,562,Christos Giagos vs. Sean Soriano,http://ufcstats.com/fight-details/de332779baa1b103
6098,561,Marina Rodriguez vs. Michelle Waterson-Gomez,http://ufcstats.com/fight-details/b948102c6205af63
6097,561,Alex Morono vs. Donald Cerrone,http://ufcstats.com/fight-details/db2c805201a3116e
6096,561,Neil Magny vs. Geoff Neal,http://ufcstats.com/fight-details/178c4926223dca0c
6095,561,Marcos Rogerio de Lima vs. Maurice Greene,http://ufcstats.com/fight-details/3f71ac21472f994c
6094,561,Gregor Gillespie vs. Diego Ferreira,http://ufcstats.com/fight-details/295a0bf12a7373c0
6093,561,Phil Hawes vs. Kyle Daukaus,http://ufcstats.com/fight-details/00fbeda449926c13
6092,561,Michael Trizano vs. Ludovit Klein,http://ufcstats.com/fight-details/4ffbadfb86284af5
6091,561,JunYong Park vs. Tafon Nchukwi,http://ufcstats.com/fight-details/8a95f0e3f9111f0c
6090,561,Carlston Harris vs. Christian Aguilera,http://ufcstats.com/fight-details/37fda56a435a9b24
6089,560,Jiri Prochazka vs. Dominick Reyes,http://ufcstats.com/fight-details/394802bb096b403e
6088,560,Giga Chikadze vs. Cub Swanson,http://ufcstats.com/fight-details/2f82e8079ba354f4
6087,560,Ion Cutelaba vs. Dustin Jacoby,http://ufcstats.com/fight-details/ec8d93ae99a7799d
6086,560,Sean Strickland vs. Krzysztof Jotko,http://ufcstats.com/fight-details/ffd8e8575a551875
6085,560,Merab Dvalishvili vs. Cody Stamann,http://ufcstats.com/fight-details/26202a4bd36d3fd2
6084,560,Luana Pinheiro vs. Randa Markos,http://ufcstats.com/fight-details/c9c79de21823d941
6083,560,TJ Brown vs. Kai Kamaka,http://ufcstats.com/fight-details/d72f9b3ac742a9e3
6082,560,Luana Carolina vs. Poliana Botelho,http://ufcstats.com/fight-details/2ef09c8fe29251ac
6081,560,Loma Lookboonmee vs. Sam Hughes,http://ufcstats.com/fight-details/d6b5a6ad27a730ae
6080,560,Andreas Michailidis vs. KB Bhullar,http://ufcstats.com/fight-details/78dc032441394331
6079,560,Felipe Colares vs. Luke Sanders,http://ufcstats.com/fight-details/3d790112d2e6d851
6078,559,Kamaru Usman vs. Jorge Masvidal,http://ufcstats.com/fight-details/6a5eb525331fa1fc
6077,559,Rose Namajunas vs. Zhang Weili,http://ufcstats.com/fight-details/6d8da45352344964
6076,559,Valentina Shevchenko vs. Jessica Andrade,http://ufcstats.com/fight-details/34d2632fd26e7078
6075,559,Uriah Hall vs. Chris Weidman,http://ufcstats.com/fight-details/1820fed0fbcf6294
6074,559,Anthony Smith vs. Jimmy Crute,http://ufcstats.com/fight-details/00bbcd4a6d647fdf
6073,559,Randy Brown vs. Alex Oliveira,http://ufcstats.com/fight-details/512af32553d9bd70
6072,559,Dwight Grant vs. Stefan Sekulic,http://ufcstats.com/fight-details/c5dfce1eaa2dc169
6071,559,Brendan Allen vs. Karl Roberson,http://ufcstats.com/fight-details/f5dd0a24a7dba53c
6070,559,Pat Sabatini vs. Tristan Connelly,http://ufcstats.com/fight-details/6a7347d1da8a2b87
6069,559,Batgerel Danaa vs. Kevin Natividad,http://ufcstats.com/fight-details/eb5d62bda1581c62
6068,559,Kazula Vargas vs. Rongzhu,http://ufcstats.com/fight-details/c3b8d8e7d256c307
6067,559,Jeff Molina vs. Aoriqileng,http://ufcstats.com/fight-details/b5a8323de18f7e95
6066,559,Ariane Carnelossi vs. Liang Na,http://ufcstats.com/fight-details/a3cde349c8e018fb
6065,558,Robert Whittaker vs. Kelvin Gastelum,http://ufcstats.com/fight-details/f67aa0b16e16a9ea
6064,558,Andrei Arlovski vs. Chase Sherman,http://ufcstats.com/fight-details/f2c82f027201ba21
6063,558,Jacob Malkoun vs. Abdul Razak Alhassan,http://ufcstats.com/fight-details/a850ba762f3c5334
6062,558,Tracy Cortez vs. Justine Kish,http://ufcstats.com/fight-details/0b2c3c4306620d6d
6061,558,Luis Pena vs. Alexander Munoz,http://ufcstats.com/fight-details/a33ecd2c88154890
6060,558,Alexandr Romanov vs. Juan Espino,http://ufcstats.com/fight-details/fdfe4e7cb2d0b665
6059,558,Jessica Penne vs. Loopy Godinez,http://ufcstats.com/fight-details/25d4376e00b16510
6058,558,Gerald Meerschaert vs. Bartosz Fabinski,http://ufcstats.com/fight-details/627c0a50cff30405
6057,558,Austin Hubbard vs. Dakota Bush,http://ufcstats.com/fight-details/8d634c9240f161dd
6056,558,Tony Gravely vs. Anthony Birchak,http://ufcstats.com/fight-details/24ff385ca78c80d3
6055,557,Marvin Vettori vs. Kevin Holland,http://ufcstats.com/fight-details/ddd63237f1b857a6
6054,557,Arnold Allen vs. Sodiq Yusuff,http://ufcstats.com/fight-details/71b81d8199a0fa19
6053,557,Julian Marquez vs. Sam Alvey,http://ufcstats.com/fight-details/646eeca9447c6965
6052,557,Mackenzie Dern vs. Nina Nunes,http://ufcstats.com/fight-details/0992795fd0fa06d0
6051,557,Daniel Rodriguez vs. Mike Perry,http://ufcstats.com/fight-details/ac9a8b73e58f3d71
6050,557,Joe Solecki vs. Jim Miller,http://ufcstats.com/fight-details/e27c28928ed4390f
6049,557,Mateusz Gamrot vs. Scott Holtzman,http://ufcstats.com/fight-details/998296216e7171ed
6048,557,John Makdessi vs. Ignacio Bahamondes,http://ufcstats.com/fight-details/7aebf01b5afc0109
6047,557,Jarjis Danho vs. Yorgan De Castro,http://ufcstats.com/fight-details/444f0a732695dc81
6046,557,Jack Shore vs. Hunter Azure,http://ufcstats.com/fight-details/1fee9eca658d9808
6045,557,Luis Saldana vs. Jordan Griffin,http://ufcstats.com/fight-details/93a1cd50374397c0
6044,557,Da Woon Jung vs. William Knight,http://ufcstats.com/fight-details/cd5d9828b278181a
6043,557,Impa Kasanganay vs. Sasha Palatnikov,http://ufcstats.com/fight-details/3209bcfaf95de90b
6042,556,Francis Ngannou vs. Stipe Miocic,http://ufcstats.com/fight-details/b1eff235241e719b
6041,556,Vicente Luque vs. Tyron Woodley,http://ufcstats.com/fight-details/39d188fa9b95d550
6040,556,Sean O'Malley vs. Thomas Almeida,http://ufcstats.com/fight-details/0aa335dbc4cb3473
6039,556,Miranda Maverick vs. Gillian Robertson,http://ufcstats.com/fight-details/8317208cfb030ed3
6038,556,Jamie Mullarkey vs. Khama Worthy,http://ufcstats.com/fight-details/390694c179f05c7f
6037,556,Alonzo Menifield vs. Fabio Cherant,http://ufcstats.com/fight-details/48292a027df02443
6036,556,Abubakar Nurmagomedov vs. Jared Gooden,http://ufcstats.com/fight-details/4b3af85b0df51d09
6035,556,Michal Oleksiejczuk vs. Modestas Bukauskas,http://ufcstats.com/fight-details/6002c24f0b7f8cc7
6034,556,Omar Morales vs. Shane Young,http://ufcstats.com/fight-details/2220b73ece1730c3
6033,556,Marc-Andre Barriault vs. Abu Azaitar,http://ufcstats.com/fight-details/41622791b276ad9e
6032,555,Derek Brunson vs. Kevin Holland,http://ufcstats.com/fight-details/2efbcd870f1f7bc7
6031,555,Max Griffin vs. Song Kenan,http://ufcstats.com/fight-details/edac9fd482177a64
6030,555,Montserrat Conejo Ruiz vs. Cheyanne Vlismas,http://ufcstats.com/fight-details/dd7f3f91ea6067d4
6029,555,Adrian Yanez vs. Gustavo Lopez,http://ufcstats.com/fight-details/afc86d1076c4c3a9
6028,555,Tai Tuivasa vs. Harry Hunsucker,http://ufcstats.com/fight-details/9e45cc594a5a2506
6027,555,Macy Chiasson vs. Marion Reneau,http://ufcstats.com/fight-details/dcfbbebc0aee6ded
6026,555,Grant Dawson vs. Leonardo Santos,http://ufcstats.com/fight-details/a043e279434d5c8c
6025,555,Trevin Giles vs. Roman Dolidze,http://ufcstats.com/fight-details/68cf99b6551dc3b3
6024,555,Montel Jackson vs. Jesse Strader,http://ufcstats.com/fight-details/b8a0047c927faa75
6023,555,Bruno Silva vs. JP Buys,http://ufcstats.com/fight-details/55bf7f19a132e0fc
6022,554,Leon Edwards vs. Belal Muhammad,http://ufcstats.com/fight-details/2c13b938e0f8190b
6021,554,Ryan Spann vs. Misha Cirkunov,http://ufcstats.com/fight-details/4944437e73071671
6020,554,Dan Ige vs. Gavin Tucker,http://ufcstats.com/fight-details/d15a87087b6f1452
6019,554,Davey Grant vs. Jonathan Martinez,http://ufcstats.com/fight-details/70aa6b8f863e6861
6018,554,Matheus Nicolau vs. Manel Kape,http://ufcstats.com/fight-details/01f262b68a6a2223
6017,554,Eryk Anders vs. Darren Stewart,http://ufcstats.com/fight-details/dc48627a5f2daba9
6016,554,Angela Hill vs. Ashley Yoder,http://ufcstats.com/fight-details/18c67631b76c18e5
6015,554,Charles Jourdain vs. Marcelo Rojo,http://ufcstats.com/fight-details/bb7ce8a6ba7f7cc5
6014,554,Rani Yahya vs. Ray Rodriguez,http://ufcstats.com/fight-details/03bdbf2d18f3025d
6013,554,Nasrat Haqparast vs. Rafa Garcia,http://ufcstats.com/fight-details/a6828a6dfb21d33c
6012,554,JJ Aldrich vs. Cortney Casey,http://ufcstats.com/fight-details/e8adfbbe0053c321
6011,554,Jinh Yu Frey vs. Gloria de Paula,http://ufcstats.com/fight-details/8a7b0cd5ad9ca4fe
6010,554,Matthew Semelsberger vs. Jason Witt,http://ufcstats.com/fight-details/d0ebb0551377a1c1
6009,553,Jan Blachowicz vs. Israel Adesanya,http://ufcstats.com/fight-details/7de9867b7cc2b1b1
6008,553,Amanda Nunes vs. Megan Anderson,http://ufcstats.com/fight-details/fd92fe0c494d0959
6007,553,Aljamain Sterling vs. Petr Yan,http://ufcstats.com/fight-details/15c9cb5f9320c555
6006,553,Islam Makhachev vs. Drew Dober,http://ufcstats.com/fight-details/c06d7bb29bc24d00
6005,553,Aleksandar Rakic vs. Thiago Santos,http://ufcstats.com/fight-details/04a788abbbd1f256
6004,553,Dominick Cruz vs. Casey Kenney,http://ufcstats.com/fight-details/f4363f1317b47213
6003,553,Kyler Phillips vs. Song Yadong,http://ufcstats.com/fight-details/5980ab31e4718a83
6002,553,Askar Askarov vs. Joseph Benavidez,http://ufcstats.com/fight-details/ae5d14a9fc1ad19c
6001,553,Kai Kara-France vs. Rogerio Bontorin,http://ufcstats.com/fight-details/873306ad79b62f5e
6000,553,Tim Elliott vs. Jordan Espinosa,http://ufcstats.com/fight-details/2704d31de2c2f43b
5999,553,Kennedy Nzechukwu vs. Carlos Ulberg,http://ufcstats.com/fight-details/d170f6580e1c244f
5998,553,Sean Brady vs. Jake Matthews,http://ufcstats.com/fight-details/7ad09f889d2cdb6f
5997,553,Amanda Lemos vs. Livinha Souza,http://ufcstats.com/fight-details/50ef636148fa6fac
5996,553,Uros Medic vs. Aalon Cruz,http://ufcstats.com/fight-details/e2abba69c3371618
5995,553,Trevin Jones vs. Mario Bautista,http://ufcstats.com/fight-details/c096342c57a6f2c4
5994,552,Ciryl Gane vs. Jairzinho Rozenstruik,http://ufcstats.com/fight-details/4a704dae3091adaf
5993,552,Magomed Ankalaev vs. Nikita Krylov,http://ufcstats.com/fight-details/3a4e2dffcdd1c838
5992,552,Montana De La Rosa vs. Mayra Bueno Silva,http://ufcstats.com/fight-details/f3ad8ad8d242678e
5991,552,Pedro Munhoz vs. Jimmie Rivera,http://ufcstats.com/fight-details/c2ee423d1f0b4f6f
5990,552,Alex Caceres vs. Kevin Croom,http://ufcstats.com/fight-details/6a0341234ecc4e87
5989,552,Thiago Moises vs. Alexander Hernandez,http://ufcstats.com/fight-details/3eac2d47ac252f4b
5988,552,Alexis Davis vs. Sabina Mazo,http://ufcstats.com/fight-details/a7315147a7022a93
5987,552,Ronnie Lawrence vs. Vince Cachero,http://ufcstats.com/fight-details/11a83369d49ad138
5986,552,Dustin Jacoby vs. Maxim Grishin,http://ufcstats.com/fight-details/bc86601cf781a89c
5985,551,Derrick Lewis vs. Curtis Blaydes,http://ufcstats.com/fight-details/b12bc15f384ecc42
5984,551,Yana Santos vs. Ketlen Vieira,http://ufcstats.com/fight-details/a4814d682954e8ab
5983,551,Darrick Minner vs. Charles Rosa,http://ufcstats.com/fight-details/82243207b4dfce87
5982,551,Chris Daukaus vs. Aleksei Oleinik,http://ufcstats.com/fight-details/8f7328fe18806fb0
5981,551,Phil Hawes vs. Nassourdine Imavov,http://ufcstats.com/fight-details/05ceb8b2f93993a6
5980,551,Tom Aspinall vs. Andrei Arlovski,http://ufcstats.com/fight-details/15b1c7ddc4415fdd
5979,551,Jared Gordon vs. Danny Chavez,http://ufcstats.com/fight-details/931fd51ab69fb443
5978,551,John Castaneda vs. Eddie Wineland,http://ufcstats.com/fight-details/990c2378caec68d4
5977,551,Julian Erosa vs. Nate Landwehr,http://ufcstats.com/fight-details/e175c1a0bff30187
5976,551,Casey O'Neill vs. Shana Dobson,http://ufcstats.com/fight-details/1d892fec31dc7ad7
5975,551,Aiemann Zahabi vs. Drako Rodriguez,http://ufcstats.com/fight-details/b9cd4910f0ecff45
5974,551,Serghei Spivac vs. Jared Vanderaa,http://ufcstats.com/fight-details/c3b6aa47e7532a7b
5973,550,Kamaru Usman vs. Gilbert Burns,http://ufcstats.com/fight-details/be94e5b7a35ce5f2
5972,550,Alexa Grasso vs. Maycee Barber,http://ufcstats.com/fight-details/25b8c932da5e91f4
5971,550,Kelvin Gastelum vs. Ian Heinisch,http://ufcstats.com/fight-details/26fbf026beb8e9f8
5970,550,Ricky Simon vs. Brian Kelleher,http://ufcstats.com/fight-details/54e2490959f66dc2
5969,550,Julian Marquez vs. Maki Pitolo,http://ufcstats.com/fight-details/9201312dd860fa5a
5968,550,Anthony Hernandez vs. Rodolfo Vieira,http://ufcstats.com/fight-details/96b1430379c0694a
5967,550,Belal Muhammad vs. Dhiego Lima,http://ufcstats.com/fight-details/8cf076524cad5a55
5966,550,Polyana Viana vs. Mallory Martin,http://ufcstats.com/fight-details/17616514e8fdacb9
5965,550,Chris Gutierrez vs. Andre Ewell,http://ufcstats.com/fight-details/f98e954823bd6e02
5964,550,Gabe Green vs. Phil Rowe,http://ufcstats.com/fight-details/357c5b86ec83b826
5963,549,Alexander Volkov vs. Alistair Overeem,http://ufcstats.com/fight-details/8b9bdacca749ec90
5962,549,Cory Sandhagen vs. Frankie Edgar,http://ufcstats.com/fight-details/9ef858837dfc65eb
5961,549,Clay Guida vs. Michael Johnson,http://ufcstats.com/fight-details/f4fbb11055301e75
5960,549,Alexandre Pantoja vs. Manel Kape,http://ufcstats.com/fight-details/2c81668d1459991f
5959,549,Beneil Dariush vs. Diego Ferreira,http://ufcstats.com/fight-details/bbade63ca780668f
5958,549,Danilo Marques vs. Mike Rodriguez,http://ufcstats.com/fight-details/af8ea6db042674ef
5957,549,Devonte Smith vs. Justin Jaynes,http://ufcstats.com/fight-details/464cc19d42446da9
5956,549,Karol Rosa vs. Joselyne Edwards,http://ufcstats.com/fight-details/8c34e1e0d842618d
5955,549,Lara Procopio vs. Molly McCann,http://ufcstats.com/fight-details/d65da3a3bc675449
5954,549,SeungWoo Choi vs. Youssef Zalal,http://ufcstats.com/fight-details/86d6e09932c5b551
5953,549,Timur Valiev vs. Martin Day,http://ufcstats.com/fight-details/eb4e9ec015533ab4
5952,549,Ode Osbourne vs. Jerome Rivera,http://ufcstats.com/fight-details/3ac61bcb406e1a0c
5951,548,Dustin Poirier vs. Conor McGregor,http://ufcstats.com/fight-details/3d3e7dc7b4bf2bc4
5950,548,Michael Chandler vs. Dan Hooker,http://ufcstats.com/fight-details/a5075f4eaee6036f
5949,548,Joanne Wood vs. Jessica Eye,http://ufcstats.com/fight-details/c4ea3f6fae702459
5948,548,Makhmud Muradov vs. Andrew Sanchez,http://ufcstats.com/fight-details/65352221c0bfe52d
5947,548,Marina Rodriguez vs. Amanda Ribas,http://ufcstats.com/fight-details/cd08b68f0bafafbf
5946,548,Arman Tsarukyan vs. Matt Frevola,http://ufcstats.com/fight-details/99dbe9669f31ed91
5945,548,Brad Tavares vs. Antonio Carlos Junior,http://ufcstats.com/fight-details/92f569a6d9374b86
5944,548,Julianna Pena vs. Sara McMann,http://ufcstats.com/fight-details/83da743f6dda7dcc
5943,548,Marcin Prachnio vs. Khalil Rountree Jr.,http://ufcstats.com/fight-details/c597fd8bb66d54d8
5942,548,Movsar Evloev vs. Nik Lentz,http://ufcstats.com/fight-details/f3ccbfd7036f3cf3
5941,548,Amir Albazi vs. Zhalgas Zhumagulov,http://ufcstats.com/fight-details/aaf45b095452be23
5940,547,Michael Chiesa vs. Neil Magny,http://ufcstats.com/fight-details/61bedad39b15db7a
5939,547,Warlley Alves vs. Mounir Lazzez,http://ufcstats.com/fight-details/dd34dd337e637767
5938,547,Ike Villanueva vs. Vinicius Moreira,http://ufcstats.com/fight-details/4f6d3cdf2c77fb57
5937,547,Viviane Araujo vs. Roxanne Modafferi,http://ufcstats.com/fight-details/a003e8305d4dbdc8
5936,547,Matt Schnell vs. Tyson Nam,http://ufcstats.com/fight-details/57e784028ef2c17d
5935,547,Lerone Murphy vs. Douglas Silva de Andrade,http://ufcstats.com/fight-details/d27ac1bc677b89cf
5934,547,Omari Akhmedov vs. Tom Breese,http://ufcstats.com/fight-details/ac475de5a3d0d7e2
5933,547,Ricky Simon vs. Gaetano Pirrello,http://ufcstats.com/fight-details/4abcf14faa7f92f2
5932,547,Sumudaerji vs. Zarrukh Adashev,http://ufcstats.com/fight-details/ddbe6fd66d7f9e35
5931,547,Dalcha Lungiambula vs. Markus Perez,http://ufcstats.com/fight-details/76b61ff4c9760f79
5930,547,Francisco Figueiredo vs. Jerome Rivera,http://ufcstats.com/fight-details/4e451881e0e47b05
5929,547,Mike Davis vs. Mason Jones,http://ufcstats.com/fight-details/031e6624f96aceb8
5928,547,Umar Nurmagomedov vs. Sergey Morozov,http://ufcstats.com/fight-details/11558384f80f6506
5927,547,Manon Fiorot vs. Victoria Leonardo,http://ufcstats.com/fight-details/ae38fb2a6b6a0cc1
5926,546,Max Holloway vs. Calvin Kattar,http://ufcstats.com/fight-details/a4817b7e46028b4a
5925,546,Carlos Condit vs. Matt Brown,http://ufcstats.com/fight-details/6b0da0b1cda7799f
5924,546,Li Jingliang vs. Santiago Ponzinibbio,http://ufcstats.com/fight-details/aeb7ff8ce6e1beac
5923,546,Alessio Di Chirico vs. Joaquin Buckley,http://ufcstats.com/fight-details/775c1f401815bbd8
5922,546,Punahele Soriano vs. Dusko Todorovic,http://ufcstats.com/fight-details/358f816aff469270
5921,546,Joselyne Edwards vs. Wu Yanan,http://ufcstats.com/fight-details/97ad63e644757cf4
5920,546,Carlos Felipe vs. Justin Tafa,http://ufcstats.com/fight-details/0165bd3c26f0c076
5919,546,Ramazan Emeev vs. David Zawada,http://ufcstats.com/fight-details/3fcd53eb27945231
5918,546,Vanessa Melo vs. Sarah Moras,http://ufcstats.com/fight-details/97c80f69ac312030
5917,546,Austin Lingo vs. Jacob Kilburn,http://ufcstats.com/fight-details/3d903bc35023f50a
5916,545,Stephen Thompson vs. Geoff Neal,http://ufcstats.com/fight-details/c7375d5db21cbaae
5915,545,Jose Aldo vs. Marlon Vera,http://ufcstats.com/fight-details/014f1da2083ca174
5914,545,Michel Pereira vs. Khaos Williams,http://ufcstats.com/fight-details/3d35eb2d46bf74de
5913,545,Rob Font vs. Marlon Moraes,http://ufcstats.com/fight-details/8955ea3c7c332e6c
5912,545,Marcin Tybura vs. Greg Hardy,http://ufcstats.com/fight-details/cd150cd28738a7c5
5911,545,Anthony Pettis vs. Alex Morono,http://ufcstats.com/fight-details/1c4602efe5587902
5910,545,Pannie Kianzad vs. Sijara Eubanks,http://ufcstats.com/fight-details/4cb249714ff56656
5909,545,Deron Winn vs. Antonio Arroyo,http://ufcstats.com/fight-details/f004d3d50b78af50
5908,545,Taila Santos vs. Gillian Robertson,http://ufcstats.com/fight-details/f2fb049980631302
5907,545,Tafon Nchukwi vs. Jamie Pickett,http://ufcstats.com/fight-details/0fe4906754b2d0f9
5906,545,Jimmy Flick vs. Cody Durden,http://ufcstats.com/fight-details/62e6eadbb2805760
5905,545,Christos Giagos vs. Carlton Minus,http://ufcstats.com/fight-details/8da75fd76a9b8e1d
5904,544,Deiveson Figueiredo vs. Brandon Moreno,http://ufcstats.com/fight-details/c258996570faeec9
5903,544,Charles Oliveira vs. Tony Ferguson,http://ufcstats.com/fight-details/b7b867eb3c3cf163
5902,544,Mackenzie Dern vs. Virna Jandiroba,http://ufcstats.com/fight-details/27200d53ba9020b8
5901,544,Kevin Holland vs. Jacare Souza,http://ufcstats.com/fight-details/4a172a5191cb8e60
5900,544,Ciryl Gane vs. Junior Dos Santos,http://ufcstats.com/fight-details/fe3ff5b1d9135add
5899,544,Cub Swanson vs. Daniel Pineda,http://ufcstats.com/fight-details/022bdd58cc6e571d
5898,544,Rafael Fiziev vs. Renato Moicano,http://ufcstats.com/fight-details/cb7616f92a9a4e5b
5897,544,Gavin Tucker vs. Billy Quarantillo,http://ufcstats.com/fight-details/87d0b767742d3239
5896,544,Tecia Pennington vs. Sam Hughes,http://ufcstats.com/fight-details/5ddf45e816a50fac
5895,544,Chase Hooper vs. Peter Barrett,http://ufcstats.com/fight-details/33d52ac2d70b8415
5894,543,Marvin Vettori vs. Jack Hermansson,http://ufcstats.com/fight-details/2723f4d275d3f619
5893,543,Jamahal Hill vs. Ovince Saint Preux,http://ufcstats.com/fight-details/8d4a475e48722fea
5892,543,Gabriel Benitez vs. Justin Jaynes,http://ufcstats.com/fight-details/46860358da8b8d82
5891,543,Roman Dolidze vs. John Allan,http://ufcstats.com/fight-details/4478ee77a647ae9d
5890,543,Jordan Leavitt vs. Matt Wiman,http://ufcstats.com/fight-details/856fab879c68ded7
5889,543,Louis Smolka vs. Jose Quinonez,http://ufcstats.com/fight-details/771d8ce136a12a13
5888,543,Ilia Topuria vs. Damon Jackson,http://ufcstats.com/fight-details/b1be8b41b1a4fd85
5887,543,Jake Collier vs. Gian Villante,http://ufcstats.com/fight-details/c4d1c4b82cf34afb
5886,542,Anthony Smith vs. Devin Clark,http://ufcstats.com/fight-details/09a29fb09fe07559
5885,542,Miguel Baeza vs. Takashi Sato,http://ufcstats.com/fight-details/28b6ee9c3eb8b753
5884,542,Parker Porter vs. Josh Parisian,http://ufcstats.com/fight-details/32a7da2f34ae3803
5883,542,Bill Algeo vs. Spike Carlyle,http://ufcstats.com/fight-details/181c3312f14de5a8
5882,542,Norma Dumont vs. Ashlee Evans-Smith,http://ufcstats.com/fight-details/2a7909acde26a240
5881,542,Jonathan Pearce vs. Kai Kamaka,http://ufcstats.com/fight-details/4d56bcd82438e632
5880,542,Anderson Dos Santos vs. Martin Day,http://ufcstats.com/fight-details/0c27552ea7bc8c8a
5879,542,Gina Mazany vs. Rachael Ostovich,http://ufcstats.com/fight-details/711f00d287344c77
5878,542,Sumudaerji vs. Malcolm Gordon,http://ufcstats.com/fight-details/8868957c1735bcf0
5877,542,Nate Maness vs. Luke Sanders,http://ufcstats.com/fight-details/e64d80dcc6853ea0
5876,541,Deiveson Figueiredo vs. Alex Perez,http://ufcstats.com/fight-details/3c098e2946b4c824
5875,541,Valentina Shevchenko vs. Jennifer Maia,http://ufcstats.com/fight-details/c93eebe24aa0299d
5874,541,Tim Means vs. Mike Perry,http://ufcstats.com/fight-details/2b13651b97f57b6c
5873,541,Katlyn Cerminara vs. Cynthia Calvillo,http://ufcstats.com/fight-details/08ef2ed7393efd24
5872,541,Paul Craig vs. Mauricio Rua,http://ufcstats.com/fight-details/1671723154d8e324
5871,541,Brandon Moreno vs. Brandon Royval,http://ufcstats.com/fight-details/8d5ea3bf3be7cb91
5870,541,Joaquin Buckley vs. Jordan Wright,http://ufcstats.com/fight-details/6c1b38dd918793ff
5869,541,Antonina Shevchenko vs. Ariane da Silva,http://ufcstats.com/fight-details/a485281be8e9d2e2
5868,541,Nicolas Dalby vs. Daniel Rodriguez,http://ufcstats.com/fight-details/e22d5aab3d099c7c
5867,541,Alan Jouban vs. Jared Gooden,http://ufcstats.com/fight-details/a02764f92a84dd36
5866,541,Kyle Daukaus vs. Dustin Stoltzfus,http://ufcstats.com/fight-details/90eb22b9eb6ed2a8
5865,541,Sasha Palatnikov vs. Louis Cosce,http://ufcstats.com/fight-details/91afc389191d41fb
5864,540,Rafael Dos Anjos vs. Paul Felder,http://ufcstats.com/fight-details/80cb3cf9134b677c
5863,540,Khaos Williams vs. Abdul Razak Alhassan,http://ufcstats.com/fight-details/30eb24f7904c2128
5862,540,Ashley Yoder vs. Miranda Granger,http://ufcstats.com/fight-details/34db1e0e2499e7ae
5861,540,Sean Strickland vs. Brendan Allen,http://ufcstats.com/fight-details/fa6e8fa6c3f05e31
5860,540,Cory McKenna vs. Kay Hansen,http://ufcstats.com/fight-details/742dc4196d329db0
5859,540,Kanako Murata vs. Randa Markos,http://ufcstats.com/fight-details/470391c4067bf49b
5858,540,Tony Gravely vs. Geraldo de Freitas,http://ufcstats.com/fight-details/9e4dcac049327529
5857,540,Alex Morono vs. Rhys McKee,http://ufcstats.com/fight-details/d80fd2ec736f7df2
5856,540,Don'Tale Mayes vs. Roque Martinez,http://ufcstats.com/fight-details/f6472ca263a863d1
5855,539,Glover Teixeira vs. Thiago Santos,http://ufcstats.com/fight-details/923e151bd990961b
5854,539,Andrei Arlovski vs. Tanner Boser,http://ufcstats.com/fight-details/f0cf92b063735164
5853,539,Raoni Barcelos vs. Khalid Taha,http://ufcstats.com/fight-details/6ac3d588f9630f0a
5852,539,Giga Chikadze vs. Jamey Simmons,http://ufcstats.com/fight-details/0fed97329b78b887
5851,539,Yan Xiaonan vs. Claudia Gadelha,http://ufcstats.com/fight-details/b76590c02f86e705
5850,539,Trevin Giles vs. Bevon Lewis,http://ufcstats.com/fight-details/fea7dd5904ab4c91
5849,539,Alexandr Romanov vs. Marcos Rogerio de Lima,http://ufcstats.com/fight-details/2267d967d1daf08a
5848,539,Darren Elkins vs. Eduardo Garagorri,http://ufcstats.com/fight-details/69fa167ba5d0fd82
5847,539,Max Griffin vs. Ramiz Brahimaj,http://ufcstats.com/fight-details/55019da3a4bd5d54
5846,539,Gustavo Lopez vs. Anthony Birchak,http://ufcstats.com/fight-details/cb720b01fd6f9785
5845,538,Uriah Hall vs. Anderson Silva,http://ufcstats.com/fight-details/039c645e8f3ac00f
5844,538,Bryce Mitchell vs. Andre Fili,http://ufcstats.com/fight-details/83955de599b2d874
5843,538,Greg Hardy vs. Maurice Greene,http://ufcstats.com/fight-details/d763ad79532b27ff
5842,538,Kevin Holland vs. Charlie Ontiveros,http://ufcstats.com/fight-details/997dcf5fd2eb0f2f
5841,538,Thiago Moises vs. King Green,http://ufcstats.com/fight-details/6915d46b49999f60
5840,538,Alexander Hernandez vs. Chris Gruetzemacher,http://ufcstats.com/fight-details/95beb5ec32718faf
5839,538,Adrian Yanez vs. Victor Rodriguez,http://ufcstats.com/fight-details/4e566bd7094b49da
5838,538,Sean Strickland vs. Jack Marshman,http://ufcstats.com/fight-details/09f5fb0bec3c948a
5837,538,Jason Witt vs. Cole Williams,http://ufcstats.com/fight-details/696ff200d98fa878
5836,538,Dustin Jacoby vs. Justin Ledet,http://ufcstats.com/fight-details/783761d95060ffc4
5835,538,Miles Johns vs. Kevin Natividad,http://ufcstats.com/fight-details/7e6f12a95c14f9de
5834,537,Khabib Nurmagomedov vs. Justin Gaethje,http://ufcstats.com/fight-details/59eea37af7efb06c
5833,537,Robert Whittaker vs. Jared Cannonier,http://ufcstats.com/fight-details/51108eabae8391ca
5832,537,Alexander Volkov vs. Walt Harris,http://ufcstats.com/fight-details/ccfe7b0d29c5440c
5831,537,Phil Hawes vs. Jacob Malkoun,http://ufcstats.com/fight-details/a2620cbef573a837
5830,537,Lauren Murphy vs. Liliya Shakirova,http://ufcstats.com/fight-details/e8ef17c0babcfca5
5829,537,Magomed Ankalaev vs. Ion Cutelaba,http://ufcstats.com/fight-details/eedcb6c5d163e581
5828,537,Tai Tuivasa vs. Stefan Struve,http://ufcstats.com/fight-details/6eaa4981d0335c8a
5827,537,Casey Kenney vs. Nathaniel Wood,http://ufcstats.com/fight-details/de2069fea664c4b7
5826,537,Shavkat Rakhmonov vs. Alex Oliveira,http://ufcstats.com/fight-details/5b062be91c65fb73
5825,537,Da Woon Jung vs. Sam Alvey,http://ufcstats.com/fight-details/55c257629ecea80f
5824,537,Miranda Maverick vs. Liana Jojua,http://ufcstats.com/fight-details/47f9c14a7dca1ad7
5823,537,Joel Alvarez vs. Alexander Yakovlev,http://ufcstats.com/fight-details/2279d909f6e3e552
5822,536,Brian Ortega vs. Chan Sung Jung,http://ufcstats.com/fight-details/5a440bdee19efaab
5821,536,Jessica Andrade vs. Katlyn Cerminara,http://ufcstats.com/fight-details/e7a915f39ecf6db0
5820,536,Jimmy Crute vs. Modestas Bukauskas,http://ufcstats.com/fight-details/948da1b7ebbb06b3
5819,536,James Krause vs. Claudio Silva,http://ufcstats.com/fight-details/4eb5f99202f5fe97
5818,536,Jonathan Martinez vs. Thomas Almeida,http://ufcstats.com/fight-details/e4d0be5ae320c4ae
5817,536,Guram Kutateladze vs. Mateusz Gamrot,http://ufcstats.com/fight-details/e5279358b128c2ac
5816,536,Gillian Robertson vs. Poliana Botelho,http://ufcstats.com/fight-details/9b6135943a4c8fe7
5815,536,JunYong Park vs. John Phillips,http://ufcstats.com/fight-details/50e0bcba7551a25f
5814,536,Fares Ziam vs. Jamie Mullarkey,http://ufcstats.com/fight-details/2735a2ea77ddc0b5
5813,536,Maxim Grishin vs. Gadzhimurad Antigulov,http://ufcstats.com/fight-details/b3e12698e65cf8d0
5812,536,Said Nurmagomedov vs. Mark Striegl,http://ufcstats.com/fight-details/024a04f78b37b7d9
5811,535,Cory Sandhagen vs. Marlon Moraes,http://ufcstats.com/fight-details/727ecd251325b6a8
5810,535,Edson Barboza vs. Makwan Amirkhani,http://ufcstats.com/fight-details/db5802643b9fd7d4
5809,535,Marcin Tybura vs. Ben Rothwell,http://ufcstats.com/fight-details/1720a97a2fa261f8
5808,535,Dricus Du Plessis vs. Markus Perez,http://ufcstats.com/fight-details/e64075c104471ff0
5807,535,Tom Aspinall vs. Alan Baudot,http://ufcstats.com/fight-details/e4d831dc318e4e98
5806,535,Ilia Topuria vs. Youssef Zalal,http://ufcstats.com/fight-details/22fe6779c3fa649d
5805,535,Tom Breese vs. KB Bhullar,http://ufcstats.com/fight-details/7c4eb0b4845eb0ed
5804,535,Chris Daukaus vs. Rodrigo Nascimento,http://ufcstats.com/fight-details/1e525f9857019a2e
5803,535,Joaquin Buckley vs. Impa Kasanganay,http://ufcstats.com/fight-details/ee57cbd0b68c689d
5802,535,Tony Kelley vs. Ali AlQaisi,http://ufcstats.com/fight-details/dfb856d4c80bbf04
5801,535,Giga Chikadze vs. Omar Morales,http://ufcstats.com/fight-details/89dd4c256ca5d317
5800,535,Tracy Cortez vs. Stephanie Egger,http://ufcstats.com/fight-details/849cc2c331e9b24f
5799,535,Tagir Ulanbekov vs. Bruno Silva,http://ufcstats.com/fight-details/dbb5d682a2d7f584
5798,534,Holly Holm vs. Irene Aldana,http://ufcstats.com/fight-details/0005e00b07cee542
5797,534,Carlos Felipe vs. Yorgan De Castro,http://ufcstats.com/fight-details/ba6093c9136f99e9
5796,534,Germaine de Randamie vs. Julianna Pena,http://ufcstats.com/fight-details/81b16b26774be5d1
5795,534,Kyler Phillips vs. Cameron Else,http://ufcstats.com/fight-details/c00a8682fb5b71bd
5794,534,Dusko Todorovic vs. Dequan Townsend,http://ufcstats.com/fight-details/1e7caef3f6dfde10
5793,534,Carlos Condit vs. Court McGee,http://ufcstats.com/fight-details/24ff0bb908095565
5792,534,Charles Jourdain vs. Josh Culibao,http://ufcstats.com/fight-details/f4e262b04f4e94bd
5791,534,Nassourdine Imavov vs. Jordan Williams,http://ufcstats.com/fight-details/15a422574c3b89e1
5790,534,Loma Lookboonmee vs. Jinh Yu Frey,http://ufcstats.com/fight-details/87105c63df95f929
5789,534,Casey Kenney vs. Alatengheili,http://ufcstats.com/fight-details/ac6b2a5f24c2b8bd
5788,534,Luigi Vendramini vs. Jessin Ayari,http://ufcstats.com/fight-details/d866afa89d62a4ae
5787,533,Israel Adesanya vs. Paulo Costa,http://ufcstats.com/fight-details/fd76b75c28dc247a
5786,533,Jan Blachowicz vs. Dominick Reyes,http://ufcstats.com/fight-details/4c12c9085200121f
5785,533,Brandon Royval vs. Kai Kara-France,http://ufcstats.com/fight-details/9e674a02db6c03c8
5784,533,Ketlen Vieira vs. Sijara Eubanks,http://ufcstats.com/fight-details/e842c6f63fa2e27a
5783,533,Hakeem Dawodu vs. Zubaira Tukhugov,http://ufcstats.com/fight-details/5a00c73efbcf323e
5782,533,Brad Riddell vs. Alex Da Silva,http://ufcstats.com/fight-details/9f4d6d192ab4a027
5781,533,Jake Matthews vs. Diego Sanchez,http://ufcstats.com/fight-details/73dbbdfcf7f989c0
5780,533,Ludovit Klein vs. Shane Young,http://ufcstats.com/fight-details/eed8c9955cad1e30
5779,533,William Knight vs. Aleksa Camur,http://ufcstats.com/fight-details/5fb63c34935acce9
5778,533,Juan Espino vs. Jeff Hughes,http://ufcstats.com/fight-details/8e7b2d62f834b417
5777,533,Danilo Marques vs. Khadis Ibragimov,http://ufcstats.com/fight-details/e10481ee3fda7080
5776,532,Colby Covington vs. Tyron Woodley,http://ufcstats.com/fight-details/ca531425f5c042db
5775,532,Donald Cerrone vs. Niko Price,http://ufcstats.com/fight-details/c0568b225d5f0fe6
5774,532,Khamzat Chimaev vs. Gerald Meerschaert,http://ufcstats.com/fight-details/498766b46b8b4a7f
5773,532,Johnny Walker vs. Ryan Spann,http://ufcstats.com/fight-details/1a484c452623181e
5772,532,Mackenzie Dern vs. Randa Markos,http://ufcstats.com/fight-details/859ca56770ac7672
5771,532,Kevin Holland vs. Darren Stewart,http://ufcstats.com/fight-details/78c3ca588e55bf31
5770,532,David Dvorak vs. Jordan Espinosa,http://ufcstats.com/fight-details/36807d8a7ebc84a5
5769,532,Damon Jackson vs. Mirsad Bektic,http://ufcstats.com/fight-details/aa08ebe1a69c76ca
5768,532,Mayra Bueno Silva vs. Mara Romero Borella,http://ufcstats.com/fight-details/4f3cd94861c6a876
5767,532,Jessica-Rose Clark vs. Sarah Alpar,http://ufcstats.com/fight-details/bf614956b28f231c
5766,532,Darrick Minner vs. TJ Laramie,http://ufcstats.com/fight-details/36656dfa32341671
5765,532,Randy Costa vs. Journey Newson,http://ufcstats.com/fight-details/42ecb9a94bebc24d
5764,532,Andre Ewell vs. Irwin Rivera,http://ufcstats.com/fight-details/3a38b0b566f3045d
5763,532,Tyson Nam vs. Jerome Rivera,http://ufcstats.com/fight-details/579f3280456ad450
5762,531,Michelle Waterson-Gomez vs. Angela Hill,http://ufcstats.com/fight-details/0ffbf3096a13b47e
5761,531,Ottman Azaitar vs. Khama Worthy,http://ufcstats.com/fight-details/1ed8776f978a0155
5760,531,Roxanne Modafferi vs. Andrea Lee,http://ufcstats.com/fight-details/764012f51c7dc223
5759,531,Ed Herman vs. Mike Rodriguez,http://ufcstats.com/fight-details/3901d9cdbb0949bc
5758,531,King Green vs. Alan Patrick,http://ufcstats.com/fight-details/06910bddb0745856
5757,531,Billy Quarantillo vs. Kyle Nelson,http://ufcstats.com/fight-details/c58aaabf2c5635d7
5756,531,Sijara Eubanks vs. Julia Avila,http://ufcstats.com/fight-details/cf0e0f95524f187a
5755,531,Roosevelt Roberts vs. Kevin Croom,http://ufcstats.com/fight-details/e1bb0b615c02d715
5754,531,Alexandr Romanov vs. Roque Martinez,http://ufcstats.com/fight-details/2461756d8acd56d2
5753,531,Jalin Turner vs. Brok Weaver,http://ufcstats.com/fight-details/bcc9dca5136fc765
5752,531,Bryan Barberena vs. Anthony Ivy,http://ufcstats.com/fight-details/463fc1fd1f17befb
5751,531,Sabina Mazo vs. Justine Kish,http://ufcstats.com/fight-details/ed8fb10b596e6fa4
5750,530,Alistair Overeem vs. Augusto Sakai,http://ufcstats.com/fight-details/24341a8cf1152c5c
5749,530,Ovince Saint Preux vs. Alonzo Menifield,http://ufcstats.com/fight-details/0e809b7e37681783
5748,530,Michel Pereira vs. Zelim Imadaev,http://ufcstats.com/fight-details/0f279b25ccbecc76
5747,530,Andre Muniz vs. Bartosz Fabinski,http://ufcstats.com/fight-details/e8206c7380441fbb
5746,530,Brian Kelleher vs. Ray Rodriguez,http://ufcstats.com/fight-details/7595aabe89020780
5745,530,Viviane Araujo vs. Montana De La Rosa,http://ufcstats.com/fight-details/7930c605c6a6ec88
5744,530,Hunter Azure vs. Cole Smith,http://ufcstats.com/fight-details/7340b4cbdbac5863
5743,529,Aleksandar Rakic vs. Anthony Smith,http://ufcstats.com/fight-details/1ff4586752ee8a93
5742,529,Neil Magny vs. Robbie Lawler,http://ufcstats.com/fight-details/864cddd6e165ea2d
5741,529,Alexa Grasso vs. Ji Yeon Kim,http://ufcstats.com/fight-details/0a9f22de8600c762
5740,529,Ricardo Lamas vs. Bill Algeo,http://ufcstats.com/fight-details/3a8e4b830750e9d4
5739,529,Impa Kasanganay vs. Maki Pitolo,http://ufcstats.com/fight-details/eb9097be07a3c26a
5738,529,Zak Cummings vs. Alessio Di Chirico,http://ufcstats.com/fight-details/0a7517a16d2d9db6
5737,529,Alex Caceres vs. Austin Springer,http://ufcstats.com/fight-details/d43c007dab9c51b0
5736,529,Sean Brady vs. Christian Aguilera,http://ufcstats.com/fight-details/c5ba56d51f6b0171
5735,529,Polyana Viana vs. Emily Whitmire,http://ufcstats.com/fight-details/16358c536d739017
5734,529,Mallory Martin vs. Hannah Cifers,http://ufcstats.com/fight-details/e1e31a8dfa9c27f6
5733,528,Frankie Edgar vs. Pedro Munhoz,http://ufcstats.com/fight-details/dfe14e13aa727a0c
5732,528,Mike Rodriguez vs. Marcin Prachnio,http://ufcstats.com/fight-details/5d9a3bfdcd28abb8
5731,528,Joe Solecki vs. Austin Hubbard,http://ufcstats.com/fight-details/23e548f618dd0e5f
5730,528,Shana Dobson vs. Mariya Agapova,http://ufcstats.com/fight-details/37a6fc5e69a7932d
5729,528,Daniel Rodriguez vs. Dwight Grant,http://ufcstats.com/fight-details/cfa0dbc7534f3545
5728,528,Amanda Lemos vs. Mizuki,http://ufcstats.com/fight-details/0a3e48cdd97267f4
5727,528,Jordan Wright vs. Ike Villanueva,http://ufcstats.com/fight-details/0ccc86f7d0e84c3e
5726,528,Matthew Semelsberger vs. Carlton Minus,http://ufcstats.com/fight-details/949619e1b1de9e5f
5725,528,Timur Valiev vs. Trevin Jones,http://ufcstats.com/fight-details/7ada9af99946d456
5724,527,Stipe Miocic vs. Daniel Cormier,http://ufcstats.com/fight-details/3bdacc82209b33f5
5723,527,Marlon Vera vs. Sean O'Malley,http://ufcstats.com/fight-details/7200343d2e957cf3
5722,527,Jairzinho Rozenstruik vs. Junior Dos Santos,http://ufcstats.com/fight-details/dc24c4759651c6ad
5721,527,Daniel Pineda vs. Herbert Burns,http://ufcstats.com/fight-details/0d9e9127c62811f9
5720,527,Merab Dvalishvili vs. John Dodson,http://ufcstats.com/fight-details/57939328c1214107
5719,527,Vinc Pichel vs. Jim Miller,http://ufcstats.com/fight-details/054794810817c1cc
5718,527,Virna Jandiroba vs. Felice Herrig,http://ufcstats.com/fight-details/5081319e58f9759f
5717,527,Danny Chavez vs. TJ Brown,http://ufcstats.com/fight-details/3e4b8bd71e8bceb2
5716,527,Livinha Souza vs. Ashley Yoder,http://ufcstats.com/fight-details/745bdd823161da89
5715,527,Chris Daukaus vs. Parker Porter,http://ufcstats.com/fight-details/2e9ad55f2e2f7c56
5714,527,Kai Kamaka vs. Tony Kelley,http://ufcstats.com/fight-details/86deadaab9905a03
5713,526,Derrick Lewis vs. Aleksei Oleinik,http://ufcstats.com/fight-details/a2e34655a41ba45c
5712,526,Chris Weidman vs. Omari Akhmedov,http://ufcstats.com/fight-details/22e10b23784e5efc
5711,526,Darren Stewart vs. Maki Pitolo,http://ufcstats.com/fight-details/c2ddadfa1a1056be
5710,526,Yana Santos vs. Julija Stoliarenko,http://ufcstats.com/fight-details/ad62675e819e92fc
5709,526,Beneil Dariush vs. Scott Holtzman,http://ufcstats.com/fight-details/cfb189e326553f0a
5708,526,Tim Means vs. Laureano Staropoli,http://ufcstats.com/fight-details/6f1892ed71d943d7
5707,526,Kevin Holland vs. Joaquin Buckley,http://ufcstats.com/fight-details/05f6459d1f3ed13f
5706,526,Nasrat Haqparast vs. Alexander Munoz,http://ufcstats.com/fight-details/26173f6491300eaa
5705,526,Andrew Sanchez vs. Wellington Turman,http://ufcstats.com/fight-details/e8f4e8ff49678b44
5704,526,Gavin Tucker vs. Justin Jaynes,http://ufcstats.com/fight-details/1308213458d8596b
5703,526,Youssef Zalal vs. Peter Barrett,http://ufcstats.com/fight-details/e255fc129f225a55
5702,526,Irwin Rivera vs. Ali AlQaisi,http://ufcstats.com/fight-details/5c8d9d893d163d51
5701,525,Derek Brunson vs. Edmen Shahbazyan,http://ufcstats.com/fight-details/0b88d0c76f9cd7e4
5700,525,Jennifer Maia vs. Joanne Wood,http://ufcstats.com/fight-details/5885445f39dac389
5699,525,Vicente Luque vs. Randy Brown,http://ufcstats.com/fight-details/2fb1abeb337e0ccc
5698,525,King Green vs. Lando Vannata,http://ufcstats.com/fight-details/0b21755eb0897396
5697,525,Jonathan Martinez vs. Frankie Saenz,http://ufcstats.com/fight-details/94b48b98d0292720
5696,525,Nate Maness vs. Johnny Munoz,http://ufcstats.com/fight-details/6ba9f6a7a9361354
5695,525,Jamall Emmers vs. Vince Cachero,http://ufcstats.com/fight-details/76b9a338597fc604
5694,525,Chris Gutierrez vs. Cody Durden,http://ufcstats.com/fight-details/dcf161082c849205
5693,524,Robert Whittaker vs. Darren Till,http://ufcstats.com/fight-details/11f715fa5e825e51
5692,524,Mauricio Rua vs. Rogerio Nogueira,http://ufcstats.com/fight-details/a3820f1eb82f2ba6
5691,524,Fabricio Werdum vs. Alexander Gustafsson,http://ufcstats.com/fight-details/f786136e55007e17
5690,524,Carla Esparza vs. Marina Rodriguez,http://ufcstats.com/fight-details/5632f2364016e879
5689,524,Paul Craig vs. Gadzhimurad Antigulov,http://ufcstats.com/fight-details/74dae3d87a99cf5d
5688,524,Alex Oliveira vs. Peter Sobotta,http://ufcstats.com/fight-details/58e07add007685f8
5687,524,Khamzat Chimaev vs. Rhys McKee,http://ufcstats.com/fight-details/573d3a6984cbcd29
5686,524,Francisco Trinaldo vs. Jai Herbert,http://ufcstats.com/fight-details/3b209a2aee014ac2
5685,524,Nicolas Dalby vs. Jesse Ronson,http://ufcstats.com/fight-details/407e1c6850e7022c
5684,524,Tom Aspinall vs. Jake Collier,http://ufcstats.com/fight-details/6cfab1da57d260f4
5683,524,Movsar Evloev vs. Mike Grundy,http://ufcstats.com/fight-details/32b0e450b11b32fe
5682,524,Tanner Boser vs. Raphael Pessoa,http://ufcstats.com/fight-details/88d3b6b833e31712
5681,524,Pannie Kianzad vs. Bethe Correia,http://ufcstats.com/fight-details/54bbc7974df586a1
5680,524,Ramazan Emeev vs. Niklas Stolze,http://ufcstats.com/fight-details/87daaa6db4f6940c
5679,524,Nathaniel Wood vs. John Castaneda,http://ufcstats.com/fight-details/67db05bac9165722
5678,523,Deiveson Figueiredo vs. Joseph Benavidez,http://ufcstats.com/fight-details/4dc5039b21013b3a
5677,523,Jack Hermansson vs. Kelvin Gastelum,http://ufcstats.com/fight-details/fcfd2e6eed519cb9
5676,523,Rafael Fiziev vs. Marc Diakiese,http://ufcstats.com/fight-details/e5872dfa5b93fcbb
5675,523,Ariane da Silva vs. Luana Carolina,http://ufcstats.com/fight-details/c4c379b8f99fea88
5674,523,Askar Askarov vs. Alexandre Pantoja,http://ufcstats.com/fight-details/ba4485ce4e8e3fe1
5673,523,Roman Dolidze vs. Khadis Ibragimov,http://ufcstats.com/fight-details/e5a9f75b1117d848
5672,523,Grant Dawson vs. Nad Narimani,http://ufcstats.com/fight-details/bb881d4ee6dfbf86
5671,523,Joel Alvarez vs. Joe Duffy,http://ufcstats.com/fight-details/b76c0b0ed2926737
5670,523,Brett Johns vs. Montel Jackson,http://ufcstats.com/fight-details/b5f70d0c88f12645
5669,523,Amir Albazi vs. Malcolm Gordon,http://ufcstats.com/fight-details/b9b0da84b243213f
5668,523,Arman Tsarukyan vs. Davi Ramos,http://ufcstats.com/fight-details/ecb24300bb3bef8c
5667,523,Serghei Spivac vs. Carlos Felipe,http://ufcstats.com/fight-details/147e31abbe3927d0
5666,522,Calvin Kattar vs. Dan Ige,http://ufcstats.com/fight-details/abeaae1a64934178
5665,522,Tim Elliott vs. Ryan Benoit,http://ufcstats.com/fight-details/7dbf23cb872edc9c
5664,522,Jimmie Rivera vs. Cody Stamann,http://ufcstats.com/fight-details/d4c314616eac8f8b
5663,522,Taila Santos vs. Molly McCann,http://ufcstats.com/fight-details/15def71ff1679e06
5662,522,Mounir Lazzez vs. Abdul Razak Alhassan,http://ufcstats.com/fight-details/33d2a1dbb8a7fef5
5661,522,Khamzat Chimaev vs. John Phillips,http://ufcstats.com/fight-details/7fd810af30144119
5660,522,Lerone Murphy vs. Ricardo Ramos,http://ufcstats.com/fight-details/f3efc6121c5323ff
5659,522,Modestas Bukauskas vs. Andreas Michailidis,http://ufcstats.com/fight-details/0e969ae805006d1f
5658,522,Jared Gordon vs. Chris Fishgold,http://ufcstats.com/fight-details/819f51ef9d945a46
5657,522,Liana Jojua vs. Diana Belbita,http://ufcstats.com/fight-details/dccea04cc3567955
5656,522,Jack Shore vs. Aaron Phillips,http://ufcstats.com/fight-details/f3c42ce9fad55eb7
5655,521,Kamaru Usman vs. Jorge Masvidal,http://ufcstats.com/fight-details/d292243c6499b2fe
5654,521,Alexander Volkanovski vs. Max Holloway,http://ufcstats.com/fight-details/94b1596c6ff9a25d
5653,521,Petr Yan vs. Jose Aldo,http://ufcstats.com/fight-details/0f9be7ac405772f8
5652,521,Rose Namajunas vs. Jessica Andrade,http://ufcstats.com/fight-details/e16f42a666e163d8
5651,521,Amanda Ribas vs. Paige VanZant,http://ufcstats.com/fight-details/6e0c1faaf40caf9a
5650,521,Jiri Prochazka vs. Volkan Oezdemir,http://ufcstats.com/fight-details/cd8cdb539deaa47f
5649,521,Muslim Salikhov vs. Elizeu Zaleski dos Santos,http://ufcstats.com/fight-details/ce7cd2ec773bea7f
5648,521,Makwan Amirkhani vs. Danny Henry,http://ufcstats.com/fight-details/159646a9d2ae8ea5
5647,521,Leonardo Santos vs. Roman Bogatov,http://ufcstats.com/fight-details/7c76c752c7abf2e0
5646,521,Marcin Tybura vs. Maxim Grishin,http://ufcstats.com/fight-details/137646de0ffd9c35
5645,521,Raulian Paiva vs. Zhalgas Zhumagulov,http://ufcstats.com/fight-details/0e8d5c16eb9cb1cf
5644,521,Karol Rosa vs. Vanessa Melo,http://ufcstats.com/fight-details/08e48648e3504638
5643,521,Davey Grant vs. Martin Day,http://ufcstats.com/fight-details/5d6fb4acfe5cc8a1
5642,520,Dustin Poirier vs. Dan Hooker,http://ufcstats.com/fight-details/f8dd1e75978a3957
5641,520,Mike Perry vs. Mickey Gall,http://ufcstats.com/fight-details/f2d9814936a6eb35
5640,520,Maurice Greene vs. Gian Villante,http://ufcstats.com/fight-details/9ce56acac775d386
5639,520,Brendan Allen vs. Kyle Daukaus,http://ufcstats.com/fight-details/cfd47fddbb705f26
5638,520,Takashi Sato vs. Jason Witt,http://ufcstats.com/fight-details/67ed3ad521ef619c
5637,520,Julian Erosa vs. Sean Woodson,http://ufcstats.com/fight-details/8a8fea2c10512434
5636,520,Khama Worthy vs. Luis Pena,http://ufcstats.com/fight-details/9025e3c6b6d71253
5635,520,Tanner Boser vs. Philipe Lins,http://ufcstats.com/fight-details/75570ea2da94a4fb
5634,520,Kay Hansen vs. Jinh Yu Frey,http://ufcstats.com/fight-details/1b8d366ac0f110f3
5633,520,Youssef Zalal vs. Jordan Griffin,http://ufcstats.com/fight-details/0f369d09416b9e34
5632,519,Curtis Blaydes vs. Alexander Volkov,http://ufcstats.com/fight-details/0c3622569cd8062a
5631,519,Josh Emmett vs. Shane Burgos,http://ufcstats.com/fight-details/4f99b4a39925cb47
5630,519,Raquel Pennington vs. Marion Reneau,http://ufcstats.com/fight-details/8b9e9f283e76b429
5629,519,Belal Muhammad vs. Lyman Good,http://ufcstats.com/fight-details/f00921c62315be96
5628,519,Jim Miller vs. Roosevelt Roberts,http://ufcstats.com/fight-details/9b39e15b42422a08
5627,519,King Green vs. Clay Guida,http://ufcstats.com/fight-details/d851cbbbdfd05a49
5626,519,Tecia Pennington vs. Brianna Fortino,http://ufcstats.com/fight-details/1adee75d6c671cc8
5625,519,Marc-Andre Barriault vs. Oskar Piechota,http://ufcstats.com/fight-details/f044802db5688bbe
5624,519,Gillian Robertson vs. Cortney Casey,http://ufcstats.com/fight-details/90715135a543b6e3
5623,519,Justin Jaynes vs. Frank Camacho,http://ufcstats.com/fight-details/7f0175f71481b63d
5622,519,Lauren Murphy vs. Roxanne Modafferi,http://ufcstats.com/fight-details/088b47d890b389e9
5621,519,Austin Hubbard vs. Max Rohskopf,http://ufcstats.com/fight-details/d333a6c34ff16397
5620,518,Cynthia Calvillo vs. Jessica Eye,http://ufcstats.com/fight-details/b8b692aa2aae3310
5619,518,Marvin Vettori vs. Karl Roberson,http://ufcstats.com/fight-details/e857ca0bc3b9fdcd
5618,518,Charles Rosa vs. Kevin Aguilar,http://ufcstats.com/fight-details/1109a8f2adc81ce0
5617,518,Andre Fili vs. Charles Jourdain,http://ufcstats.com/fight-details/cab532b4544580bd
5616,518,Jordan Espinosa vs. Mark De La Rosa,http://ufcstats.com/fight-details/e36b8b88646f72f8
5615,518,Mariya Agapova vs. Hannah Cifers,http://ufcstats.com/fight-details/7606d2f8d8b0e889
5614,518,Merab Dvalishvili vs. Gustavo Lopez,http://ufcstats.com/fight-details/05061dd590c9eb34
5613,518,Julia Avila vs. Gina Mazany,http://ufcstats.com/fight-details/97125cd6a94b6394
5612,518,Tyson Nam vs. Zarrukh Adashev,http://ufcstats.com/fight-details/dfbb110855354039
5611,518,Christian Aguilera vs. Anthony Ivy,http://ufcstats.com/fight-details/58e72b1a38880ba9
5610,517,Amanda Nunes vs. Felicia Spencer,http://ufcstats.com/fight-details/dc38c78358e053c3
5609,517,Cody Garbrandt vs. Raphael Assuncao,http://ufcstats.com/fight-details/0ddf834a47533d15
5608,517,Aljamain Sterling vs. Cory Sandhagen,http://ufcstats.com/fight-details/c03b6b6ce5d03276
5607,517,Neil Magny vs. Anthony Rocco Martin,http://ufcstats.com/fight-details/8bede5047e97d602
5606,517,Sean O'Malley vs. Eddie Wineland,http://ufcstats.com/fight-details/58584ccd0f63e3f3
5605,517,Alex Caceres vs. Chase Hooper,http://ufcstats.com/fight-details/f2cd665eab69876a
5604,517,Ian Heinisch vs. Gerald Meerschaert,http://ufcstats.com/fight-details/6fe8bce03a46350b
5603,517,Cody Stamann vs. Brian Kelleher,http://ufcstats.com/fight-details/c6ca435e24c5f4e4
5602,517,Maki Pitolo vs. Charles Byrd,http://ufcstats.com/fight-details/1c7ea3928c7d0ad8
5601,517,Alex Perez vs. Jussier Formiga,http://ufcstats.com/fight-details/de4c4997f1429dd1
5600,517,Devin Clark vs. Alonzo Menifield,http://ufcstats.com/fight-details/5fdf6611815efdfb
5599,517,Herbert Burns vs. Evan Dunham,http://ufcstats.com/fight-details/20ba608a6e717f05
5598,516,Gilbert Burns vs. Tyron Woodley,http://ufcstats.com/fight-details/e9eab0fa03eecd9b
5597,516,Augusto Sakai vs. Blagoy Ivanov,http://ufcstats.com/fight-details/a6743d41b0b95271
5596,516,Billy Quarantillo vs. Spike Carlyle,http://ufcstats.com/fight-details/1e9a2b197ebff074
5595,516,Roosevelt Roberts vs. Brok Weaver,http://ufcstats.com/fight-details/03e5127d4832750c
5594,516,Mackenzie Dern vs. Hannah Cifers,http://ufcstats.com/fight-details/3640defb8294bd37
5593,516,Katlyn Cerminara vs. Antonina Shevchenko,http://ufcstats.com/fight-details/a41384da70013373
5592,516,Daniel Rodriguez vs. Gabe Green,http://ufcstats.com/fight-details/767819f321431bed
5591,516,Jamahal Hill vs. Klidson Abreu,http://ufcstats.com/fight-details/0fcf42b68f2f0fa3
5590,516,Brandon Royval vs. Tim Elliott,http://ufcstats.com/fight-details/0170db5fad04e4d0
5589,516,Casey Kenney vs. Louis Smolka,http://ufcstats.com/fight-details/57dec2b07b75dada
5588,516,Chris Gutierrez vs. Vince Morales,http://ufcstats.com/fight-details/2300ad7f87080ad7
5587,515,Alistair Overeem vs. Walt Harris,http://ufcstats.com/fight-details/ce0748519d5ea5c6
5586,515,Claudia Gadelha vs. Angela Hill,http://ufcstats.com/fight-details/27bfb9205119f23b
5585,515,Dan Ige vs. Edson Barboza,http://ufcstats.com/fight-details/58540b24ed77d31b
5584,515,Krzysztof Jotko vs. Eryk Anders,http://ufcstats.com/fight-details/821a1c6f5d7fab14
5583,515,Song Yadong vs. Marlon Vera,http://ufcstats.com/fight-details/81f2f2d4b0302590
5582,515,Miguel Baeza vs. Matt Brown,http://ufcstats.com/fight-details/adac148ee6fa3bf7
5581,515,Kevin Holland vs. Anthony Hernandez,http://ufcstats.com/fight-details/51461da4ba467901
5580,515,Giga Chikadze vs. Irwin Rivera,http://ufcstats.com/fight-details/b1e66cea3a4d4709
5579,515,Nate Landwehr vs. Darren Elkins,http://ufcstats.com/fight-details/f039c93516e48253
5578,515,Cortney Casey vs. Mara Romero Borella,http://ufcstats.com/fight-details/906283a2adcbc3e0
5577,515,Rodrigo Nascimento vs. Don'Tale Mayes,http://ufcstats.com/fight-details/ebe122e962d26fa4
5576,514,Glover Teixeira vs. Anthony Smith,http://ufcstats.com/fight-details/8539c4b795d33a92
5575,514,Ben Rothwell vs. Ovince Saint Preux,http://ufcstats.com/fight-details/394ae51820bedd4c
5574,514,Drew Dober vs. Alexander Hernandez,http://ufcstats.com/fight-details/46c050a827ee83d6
5573,514,Ricky Simon vs. Ray Borg,http://ufcstats.com/fight-details/3094e82731ec55e7
5572,514,Andrei Arlovski vs. Philipe Lins,http://ufcstats.com/fight-details/312946f6b72ebd51
5571,514,Thiago Moises vs. Michael Johnson,http://ufcstats.com/fight-details/87f58feac6b50367
5570,514,Sijara Eubanks vs. Sarah Moras,http://ufcstats.com/fight-details/fbbba3da4438cb04
5569,514,Omar Morales vs. Gabriel Benitez,http://ufcstats.com/fight-details/918103d82ecbed75
5568,514,Brian Kelleher vs. Hunter Azure,http://ufcstats.com/fight-details/3ce634d03af7e14c
5567,514,Chase Sherman vs. Ike Villanueva,http://ufcstats.com/fight-details/b2ca310c9d0037d3
5566,513,Justin Gaethje vs. Tony Ferguson,http://ufcstats.com/fight-details/d395828f5cb045a5
5565,513,Henry Cejudo vs. Dominick Cruz,http://ufcstats.com/fight-details/4e77cc2c8d604241
5564,513,Francis Ngannou vs. Jairzinho Rozenstruik,http://ufcstats.com/fight-details/fcfaa28ed6888088
5563,513,Calvin Kattar vs. Jeremy Stephens,http://ufcstats.com/fight-details/02f5621f480ad1d4
5562,513,Greg Hardy vs. Yorgan De Castro,http://ufcstats.com/fight-details/f0d4652f8edfbe6d
5561,513,Anthony Pettis vs. Donald Cerrone,http://ufcstats.com/fight-details/b9abcce29378e5cc
5560,513,Aleksei Oleinik vs. Fabricio Werdum,http://ufcstats.com/fight-details/593f3b051aa82b0f
5559,513,Carla Esparza vs. Michelle Waterson-Gomez,http://ufcstats.com/fight-details/f2520dd5457ab293
5558,513,Vicente Luque vs. Niko Price,http://ufcstats.com/fight-details/3f810c3433dddb80
5557,513,Bryce Mitchell vs. Charles Rosa,http://ufcstats.com/fight-details/08244974cf39ae38
5556,513,Ryan Spann vs. Sam Alvey,http://ufcstats.com/fight-details/b70dfff154b135bf
5555,512,Charles Oliveira vs. Kevin Lee,http://ufcstats.com/fight-details/e0b323dae5bf4c90
5554,512,Gilbert Burns vs. Demian Maia,http://ufcstats.com/fight-details/5cee1d8f1e43d6f5
5553,512,Renato Moicano vs. Damir Hadzovic,http://ufcstats.com/fight-details/c26a3f4c08333886
5552,512,Nikita Krylov vs. Johnny Walker,http://ufcstats.com/fight-details/5bba49d88db7430f
5551,512,Francisco Trinaldo vs. John Makdessi,http://ufcstats.com/fight-details/dc45c8d70e256749
5550,512,Brandon Moreno vs. Jussier Formiga,http://ufcstats.com/fight-details/b3c74554c871fbf8
5549,512,Amanda Ribas vs. Randa Markos,http://ufcstats.com/fight-details/ea303a8e6e31f264
5548,512,Elizeu Zaleski dos Santos vs. Aleksei Kunchenko,http://ufcstats.com/fight-details/9fc6aba53508dc48
5547,512,Rani Yahya vs. Enrique Barzola,http://ufcstats.com/fight-details/e2503ed6a1f9257d
5546,512,Maryna Moroz vs. Mayra Bueno Silva,http://ufcstats.com/fight-details/2a1826612a7d739c
5545,512,David Dvorak vs. Bruno Silva,http://ufcstats.com/fight-details/1a2d13834696c4ab
5544,512,Bea Malecki vs. Veronica Hardy,http://ufcstats.com/fight-details/ef526567c4dcf371
5543,511,Israel Adesanya vs. Yoel Romero,http://ufcstats.com/fight-details/b46f2f007b622bce
5542,511,Zhang Weili vs. Joanna Jedrzejczyk,http://ufcstats.com/fight-details/cf0a6466b762c668
5541,511,Beneil Dariush vs. Drakkar Klose,http://ufcstats.com/fight-details/891470d896b1de5a
5540,511,Neil Magny vs. Li Jingliang,http://ufcstats.com/fight-details/d66a8591af39ca7b
5539,511,Alex Oliveira vs. Max Griffin,http://ufcstats.com/fight-details/4d607b6ddc77a34c
5538,511,Sean O'Malley vs. Jose Quinonez,http://ufcstats.com/fight-details/cd258394e8d58d04
5537,511,Mark Madsen vs. Austin Hubbard,http://ufcstats.com/fight-details/60c441c5838dfac2
5536,511,Rodolfo Vieira vs. Saparbeg Safarov,http://ufcstats.com/fight-details/a70c43cafabc73c3
5535,511,Gerald Meerschaert vs. Deron Winn,http://ufcstats.com/fight-details/d671f436fab2a252
5534,511,Giga Chikadze vs. Jamall Emmers,http://ufcstats.com/fight-details/daa38964824f1b9f
5533,511,Batgerel Danaa vs. Guido Cannetti,http://ufcstats.com/fight-details/467e08195b29e857
5532,510,Deiveson Figueiredo vs. Joseph Benavidez,http://ufcstats.com/fight-details/e8219ea7da46f67f
5531,510,Felicia Spencer vs. Zarah Fairn,http://ufcstats.com/fight-details/8a85dffa80e6c7bd
5530,510,Magomed Ankalaev vs. Ion Cutelaba,http://ufcstats.com/fight-details/f5b49f4c5a27e53b
5529,510,Megan Anderson vs. Norma Dumont,http://ufcstats.com/fight-details/671f42536454e541
5528,510,Grant Dawson vs. Darrick Minner,http://ufcstats.com/fight-details/eba6055d217d5b99
5527,510,Kyler Phillips vs. Gabriel Silva,http://ufcstats.com/fight-details/0e3af9b5e1b3ae80
5526,510,Brendan Allen vs. Tom Breese,http://ufcstats.com/fight-details/d9a218ac3e148541
5525,510,Marcin Tybura vs. Serghei Spivac,http://ufcstats.com/fight-details/e30b9829e42aa4ca
5524,510,Luis Pena vs. Steve Garcia,http://ufcstats.com/fight-details/9d2f7d29bb9c9034
5523,510,Jordan Griffin vs. TJ Brown,http://ufcstats.com/fight-details/59861c3d19eb46ef
5522,510,Spike Carlyle vs. Aalon Cruz,http://ufcstats.com/fight-details/0bcb04163f8d8ead
5521,510,Sean Brady vs. Ismail Naurdiev,http://ufcstats.com/fight-details/533d0b5c0adfa15f
5520,509,Dan Hooker vs. Paul Felder,http://ufcstats.com/fight-details/5fceb95c29d929bc
5519,509,Jimmy Crute vs. Michal Oleksiejczuk,http://ufcstats.com/fight-details/2b417eb1ffa56ac1
5518,509,Yan Xiaonan vs. Karolina Kowalkiewicz,http://ufcstats.com/fight-details/060987bb3025a0a8
5517,509,Marcos Rogerio de Lima vs. Ben Sosoli,http://ufcstats.com/fight-details/9bc18b63b07bb328
5516,509,Brad Riddell vs. Magomed Mustafaev,http://ufcstats.com/fight-details/6d48f75153e4ad6b
5515,509,Zubaira Tukhugov vs. Kevin Aguilar,http://ufcstats.com/fight-details/f882cf76a8bce308
5514,509,Jalin Turner vs. Josh Culibao,http://ufcstats.com/fight-details/02bdb7a5b2986571
5513,509,Jake Matthews vs. Emil Meek,http://ufcstats.com/fight-details/3bd20b66b585d621
5512,509,Song Kenan vs. Callan Potter,http://ufcstats.com/fight-details/03c2707563915d7d
5511,509,Kai Kara-France vs. Tyson Nam,http://ufcstats.com/fight-details/ecc23234e820458d
5510,509,Angela Hill vs. Loma Lookboonmee,http://ufcstats.com/fight-details/af5b940f2c686524
5509,509,Priscila Cachoeira vs. Shana Dobson,http://ufcstats.com/fight-details/102fb91414fd24ab
5508,508,Jan Blachowicz vs. Corey Anderson,http://ufcstats.com/fight-details/801b3f24c670f19a
5507,508,Diego Sanchez vs. Michel Pereira,http://ufcstats.com/fight-details/a02ffaf1fe462d28
5506,508,Montana De La Rosa vs. Mara Romero Borella,http://ufcstats.com/fight-details/96919cf8d3e988ff
5505,508,Brok Weaver vs. Kazula Vargas,http://ufcstats.com/fight-details/9d98e1c0d62213cf
5504,508,Ray Borg vs. Rogerio Bontorin,http://ufcstats.com/fight-details/b41e3be867afd6fa
5503,508,Lando Vannata vs. Yancy Medeiros,http://ufcstats.com/fight-details/eab100e978c730c5
5502,508,Daniel Rodriguez vs. Tim Means,http://ufcstats.com/fight-details/2dc48a745d6c662b
5501,508,John Dodson vs. Nathaniel Wood,http://ufcstats.com/fight-details/08426f06239d903c
5500,508,Scott Holtzman vs. Jim Miller,http://ufcstats.com/fight-details/f3e2038bfb9b5d9d
5499,508,Devin Clark vs. Dequan Townsend,http://ufcstats.com/fight-details/94c0819fde11364d
5498,508,Merab Dvalishvili vs. Casey Kenney,http://ufcstats.com/fight-details/51218519be104794
5497,508,Macy Chiasson vs. Shanna Young,http://ufcstats.com/fight-details/d629aa5eb31a1e38
5496,508,Raulian Paiva vs. Mark De La Rosa,http://ufcstats.com/fight-details/8725dc88f2e0a6f3
5495,507,Jon Jones vs. Dominick Reyes,http://ufcstats.com/fight-details/fae99a4089f8abb0
5494,507,Valentina Shevchenko vs. Katlyn Cerminara,http://ufcstats.com/fight-details/05cceae674c81b86
5493,507,Justin Tafa vs. Juan Adams,http://ufcstats.com/fight-details/57961c6adebfb13d
5492,507,Dan Ige vs. Mirsad Bektic,http://ufcstats.com/fight-details/be822403f364fff3
5491,507,Derrick Lewis vs. Ilir Latifi,http://ufcstats.com/fight-details/cefb47bcc04f540e
5490,507,Trevin Giles vs. James Krause,http://ufcstats.com/fight-details/11f7bac5037a184c
5489,507,Lauren Murphy vs. Andrea Lee,http://ufcstats.com/fight-details/cb56e868deaddac4
5488,507,Khaos Williams vs. Alex Morono,http://ufcstats.com/fight-details/ed499508be1e5532
5487,507,Mario Bautista vs. Miles Johns,http://ufcstats.com/fight-details/d3f44fedc561d2d5
5486,507,Domingo Pilarte vs. Journey Newson,http://ufcstats.com/fight-details/5ab2a4fec735e0b2
5485,507,Andre Ewell vs. Jonathan Martinez,http://ufcstats.com/fight-details/326b843cb2b7fd94
5484,507,Youssef Zalal vs. Austin Lingo,http://ufcstats.com/fight-details/a6441acec6718f03
5483,506,Curtis Blaydes vs. Junior Dos Santos,http://ufcstats.com/fight-details/037d2f426c916ffc
5482,506,Michael Chiesa vs. Rafael Dos Anjos,http://ufcstats.com/fight-details/2ef54419defb2364
5481,506,Alex Perez vs. Jordan Espinosa,http://ufcstats.com/fight-details/7dcd5d8a44a284e5
5480,506,Angela Hill vs. Hannah Cifers,http://ufcstats.com/fight-details/b88b170a7fe40544
5479,506,Jamahal Hill vs. Darko Stosic,http://ufcstats.com/fight-details/6195d3e7c412c8a2
5478,506,Bevon Lewis vs. Dequan Townsend,http://ufcstats.com/fight-details/3fd3b871e83434c5
5477,506,Arnold Allen vs. Nik Lentz,http://ufcstats.com/fight-details/ed94cdc0f2b97e15
5476,506,Justine Kish vs. Lucie Pudilova,http://ufcstats.com/fight-details/151c2bd6dfefb4b5
5475,506,Montel Jackson vs. Felipe Colares,http://ufcstats.com/fight-details/737e2781e4a7db5c
5474,506,Sara McMann vs. Lina Lansberg,http://ufcstats.com/fight-details/79161bde28636128
5473,506,Brett Johns vs. Tony Gravely,http://ufcstats.com/fight-details/918c2efc59c1952e
5472,506,Herbert Burns vs. Nate Landwehr,http://ufcstats.com/fight-details/901dbd1e6463c4ba
5471,505,Conor McGregor vs. Donald Cerrone,http://ufcstats.com/fight-details/eed6c9aff2234b7a
5470,505,Holly Holm vs. Raquel Pennington,http://ufcstats.com/fight-details/36032308b7e86fd0
5469,505,Aleksei Oleinik vs. Maurice Greene,http://ufcstats.com/fight-details/702759500d47a059
5468,505,Brian Kelleher vs. Ode Osbourne,http://ufcstats.com/fight-details/4eff0432bd364a23
5467,505,Diego Ferreira vs. Anthony Pettis,http://ufcstats.com/fight-details/32a8f38bd1d46e3e
5466,505,Roxanne Modafferi vs. Maycee Barber,http://ufcstats.com/fight-details/760b5b16b4931a77
5465,505,Sodiq Yusuff vs. Andre Fili,http://ufcstats.com/fight-details/5868c154789648f0
5464,505,Askar Askarov vs. Tim Elliott,http://ufcstats.com/fight-details/ff467a5f06a91a0f
5463,505,Drew Dober vs. Nasrat Haqparast,http://ufcstats.com/fight-details/63dd38f0dcc2ee88
5462,505,Aleksa Camur vs. Justin Ledet,http://ufcstats.com/fight-details/6087c50c5f95a677
5461,505,Sabina Mazo vs. JJ Aldrich,http://ufcstats.com/fight-details/96fe84d051847591
5460,504,Chan Sung Jung vs. Frankie Edgar,http://ufcstats.com/fight-details/06f37329b223b451
5459,504,Volkan Oezdemir vs. Aleksandar Rakic,http://ufcstats.com/fight-details/2b8cae68963a40a9
5458,504,Charles Jourdain vs. Dooho Choi,http://ufcstats.com/fight-details/997ab1ea9fab5643
5457,504,Da Woon Jung vs. Mike Rodriguez,http://ufcstats.com/fight-details/47e49e04e32be7e9
5456,504,JunYong Park vs. Marc-Andre Barriault,http://ufcstats.com/fight-details/b3bd27affa038e9c
5455,504,Kyung Ho Kang vs. Pingyuan Liu,http://ufcstats.com/fight-details/f93f794247af708a
5454,504,Ciryl Gane vs. Tanner Boser,http://ufcstats.com/fight-details/3637e661b6854b49
5453,504,SeungWoo Choi vs. Suman Mokhtarian,http://ufcstats.com/fight-details/6ea23c2c30f85a89
5452,504,Omar Morales vs. Dong Hyun Ma,http://ufcstats.com/fight-details/9140e6fdeaa7cd3f
5451,504,Alexandre Pantoja vs. Matt Schnell,http://ufcstats.com/fight-details/5a5a65d8df176506
5450,504,Raoni Barcelos vs. Said Nurmagomedov,http://ufcstats.com/fight-details/75523d31940c9344
5449,504,Amanda Lemos vs. Miranda Granger,http://ufcstats.com/fight-details/60e1b3ac3182f5b3
5448,504,Alatengheili vs. Ryan Benoit,http://ufcstats.com/fight-details/15aa55a91cf848cf
5447,503,Kamaru Usman vs. Colby Covington,http://ufcstats.com/fight-details/82177c0f91d9618a
5446,503,Alexander Volkanovski vs. Max Holloway,http://ufcstats.com/fight-details/efc40ec41114d8fa
5445,503,Amanda Nunes vs. Germaine de Randamie,http://ufcstats.com/fight-details/36fcfd186a8d6df7
5444,503,Marlon Moraes vs. Jose Aldo,http://ufcstats.com/fight-details/b5ec939fd1edf048
5443,503,Petr Yan vs. Urijah Faber,http://ufcstats.com/fight-details/a0c82ba11a373008
5442,503,Geoff Neal vs. Mike Perry,http://ufcstats.com/fight-details/ad5ef8d8678ff97f
5441,503,Irene Aldana vs. Ketlen Vieira,http://ufcstats.com/fight-details/c4eaeec8ac778b27
5440,503,Omari Akhmedov vs. Ian Heinisch,http://ufcstats.com/fight-details/dd88960598219eba
5439,503,Matt Brown vs. Ben Saunders,http://ufcstats.com/fight-details/98dd88d83f57c17a
5438,503,Chase Hooper vs. Daniel Teymur,http://ufcstats.com/fight-details/d42410f6f1039ab5
5437,503,Brandon Moreno vs. Kai Kara-France,http://ufcstats.com/fight-details/1881b1e85cceee13
5436,503,Jessica Eye vs. Viviane Araujo,http://ufcstats.com/fight-details/35d0ef51fede263c
5435,503,Punahele Soriano vs. Oskar Piechota,http://ufcstats.com/fight-details/30523303e8d85c25
5434,502,Jairzinho Rozenstruik vs. Alistair Overeem,http://ufcstats.com/fight-details/e91f289f1b9f9519
5433,502,Marina Rodriguez vs. Cynthia Calvillo,http://ufcstats.com/fight-details/3b8cac9910af1c61
5432,502,Ben Rothwell vs. Stefan Struve,http://ufcstats.com/fight-details/bbc8e8a69e9bd106
5431,502,Aspen Ladd vs. Yana Santos,http://ufcstats.com/fight-details/b5365d22172e414b
5430,502,Cody Stamann vs. Song Yadong,http://ufcstats.com/fight-details/b87863a2de433824
5429,502,Rob Font vs. Ricky Simon,http://ufcstats.com/fight-details/b9ff9ebe19ae6358
5428,502,Tim Means vs. Thiago Alves,http://ufcstats.com/fight-details/57d04160f5438654
5427,502,Billy Quarantillo vs. Jacob Kilburn,http://ufcstats.com/fight-details/d9501c6985c1b38d
5426,502,Bryce Mitchell vs. Matt Sayles,http://ufcstats.com/fight-details/fa3f04be9344804b
5425,502,Joe Solecki vs. Matt Wiman,http://ufcstats.com/fight-details/a3f89ad71e1caa81
5424,502,Virna Jandiroba vs. Mallory Martin,http://ufcstats.com/fight-details/652a956adab8ad0e
5423,502,Makhmud Muradov vs. Trevor Smith,http://ufcstats.com/fight-details/81af3b60203d92df
5422,501,Jan Blachowicz vs. Jacare Souza,http://ufcstats.com/fight-details/c04274c8caa505dd
5421,501,Mauricio Rua vs. Paul Craig,http://ufcstats.com/fight-details/c63edd25d2201a46
5420,501,Charles Oliveira vs. Jared Gordon,http://ufcstats.com/fight-details/7afe2a15ae7359e9
5419,501,Andre Muniz vs. Antonio Arroyo,http://ufcstats.com/fight-details/57b111b54a2d2323
5418,501,Wellington Turman vs. Markus Perez,http://ufcstats.com/fight-details/9e1ecdb9a8856a8c
5417,501,James Krause vs. Sergio Moraes,http://ufcstats.com/fight-details/aa232e53d285cc6d
5416,501,Ricardo Ramos vs. Eduardo Garagorri,http://ufcstats.com/fight-details/094790e50afae55e
5415,501,Francisco Trinaldo vs. King Green,http://ufcstats.com/fight-details/22307b580e0c8d0d
5414,501,Randy Brown vs. Warlley Alves,http://ufcstats.com/fight-details/e6a0f19af995c432
5413,501,Douglas Silva de Andrade vs. Renan Barao,http://ufcstats.com/fight-details/80ce8f7d988d5e57
5412,501,Ariane da Silva vs. Isabela de Padua,http://ufcstats.com/fight-details/1800ffbb34ac7ed8
5411,501,Tracy Cortez vs. Vanessa Melo,http://ufcstats.com/fight-details/18e1b0df8da7010e
5410,500,Zabit Magomedsharipov vs. Calvin Kattar,http://ufcstats.com/fight-details/c3bb60dc82345a9f
5409,500,Alexander Volkov vs. Greg Hardy,http://ufcstats.com/fight-details/3cd1f2c31b4e325a
5408,500,Danny Roberts vs. Zelim Imadaev,http://ufcstats.com/fight-details/071a1cd551b7b4d5
5407,500,Ed Herman vs. Khadis Ibragimov,http://ufcstats.com/fight-details/408fc024d3e91b0e
5406,500,Anthony Rocco Martin vs. Ramazan Emeev,http://ufcstats.com/fight-details/1317d7cd79495a0e
5405,500,Shamil Gamzatov vs. Klidson Abreu,http://ufcstats.com/fight-details/f820c6292e19d854
5404,500,Magomed Ankalaev vs. Dalcha Lungiambula,http://ufcstats.com/fight-details/343749a2f7c5d78b
5403,500,Rustam Khabilov vs. Sergey Khandozhko,http://ufcstats.com/fight-details/c8dfcbee63266273
5402,500,Karl Roberson vs. Roman Kopylov,http://ufcstats.com/fight-details/495e64df4c4ce7a7
5401,500,David Zawada vs. Abubakar Nurmagomedov,http://ufcstats.com/fight-details/1af574c0814429ac
5400,500,Roosevelt Roberts vs. Alexander Yakovlev,http://ufcstats.com/fight-details/a7807ab56cb49cad
5399,500,Pannie Kianzad vs. Jessica-Rose Clark,http://ufcstats.com/fight-details/c814ef3b3a26e2fe
5398,500,Davey Grant vs. Grigory Popov,http://ufcstats.com/fight-details/f0418c2c989a5cde
5397,499,Jorge Masvidal vs. Nate Diaz,http://ufcstats.com/fight-details/ac0a63ad13897564
5396,499,Darren Till vs. Kelvin Gastelum,http://ufcstats.com/fight-details/7c40aa2cb6883a91
5395,499,Stephen Thompson vs. Vicente Luque,http://ufcstats.com/fight-details/28deed0ab55ca350
5394,499,Derrick Lewis vs. Blagoy Ivanov,http://ufcstats.com/fight-details/f870cacadb058733
5393,499,Kevin Lee vs. Gregor Gillespie,http://ufcstats.com/fight-details/d5955b81c26230ff
5392,499,Corey Anderson vs. Johnny Walker,http://ufcstats.com/fight-details/a2af14e9dba37b03
5391,499,Shane Burgos vs. Makwan Amirkhani,http://ufcstats.com/fight-details/216fddf542707629
5390,499,Edmen Shahbazyan vs. Brad Tavares,http://ufcstats.com/fight-details/a3e8ef1ce72a7d02
5389,499,Jairzinho Rozenstruik vs. Andrei Arlovski,http://ufcstats.com/fight-details/83f7c3b91a402306
5388,499,Katlyn Cerminara vs. Jennifer Maia,http://ufcstats.com/fight-details/515ecc54219bcc4c
5387,499,Lyman Good vs. Chance Rencountre,http://ufcstats.com/fight-details/a6c29d2cb319d923
5386,499,Hakeem Dawodu vs. Julio Arce,http://ufcstats.com/fight-details/d7cbe2f23d75afd1
5385,498,Demian Maia vs. Ben Askren,http://ufcstats.com/fight-details/241a0833e1c76804
5384,498,Stevie Ray vs. Michael Johnson,http://ufcstats.com/fight-details/3162ae3ccbf785ac
5383,498,Beneil Dariush vs. Frank Camacho,http://ufcstats.com/fight-details/b2d05ae88f820421
5382,498,Ciryl Gane vs. Don'Tale Mayes,http://ufcstats.com/fight-details/41b75c9222c33cdf
5381,498,Muslim Salikhov vs. Laureano Staropoli,http://ufcstats.com/fight-details/89266a872e1f92d9
5380,498,Randa Markos vs. Ashley Yoder,http://ufcstats.com/fight-details/1f9a6f2120835615
5379,498,Rafael Fiziev vs. Alex White,http://ufcstats.com/fight-details/1c91deb42b991d18
5378,498,Movsar Evloev vs. Enrique Barzola,http://ufcstats.com/fight-details/a4527094aa107b55
5377,498,Sergei Pavlovich vs. Maurice Greene,http://ufcstats.com/fight-details/cc477d322638ba30
5376,498,Loma Lookboonmee vs. Aleksandra Albu,http://ufcstats.com/fight-details/4ea4d0a73a90bfb0
5375,498,Raphael Pessoa vs. Jeff Hughes,http://ufcstats.com/fight-details/3d9aeef58dd0b51b
5374,497,Dominick Reyes vs. Chris Weidman,http://ufcstats.com/fight-details/0d1d7cfb2a48d5ec
5373,497,Yair Rodriguez vs. Jeremy Stephens,http://ufcstats.com/fight-details/d2dc6fb05ad78d80
5372,497,Greg Hardy vs. Ben Sosoli,http://ufcstats.com/fight-details/0019ec81fd706ade
5371,497,Joe Lauzon vs. Jonathan Pearce,http://ufcstats.com/fight-details/57d989702ae72dc1
5370,497,Maycee Barber vs. Gillian Robertson,http://ufcstats.com/fight-details/7510b0c96f5707ea
5369,497,Darren Stewart vs. Deron Winn,http://ufcstats.com/fight-details/93f3e9b9f093ad57
5368,497,Charles Rosa vs. Manny Bermudez,http://ufcstats.com/fight-details/076c98ac0561521f
5367,497,Molly McCann vs. Diana Belbita,http://ufcstats.com/fight-details/baf17e5e1fe1c744
5366,497,Sean Woodson vs. Kyle Bochniak,http://ufcstats.com/fight-details/9c3fb95a1558b38d
5365,497,Randy Costa vs. Boston Salmon,http://ufcstats.com/fight-details/38d6c2538ce6ec4c
5364,497,Sean Brady vs. Court McGee,http://ufcstats.com/fight-details/26d75187369ecf2c
5363,497,Brendan Allen vs. Kevin Holland,http://ufcstats.com/fight-details/74b44635535cb290
5362,497,Tanner Boser vs. Daniel Spitz,http://ufcstats.com/fight-details/1e3d3545b6dd13a7
5361,496,Joanna Jedrzejczyk vs. Michelle Waterson-Gomez,http://ufcstats.com/fight-details/f61f5adf7e0a80c4
5360,496,Cub Swanson vs. Kron Gracie,http://ufcstats.com/fight-details/707ba52845d399c9
5359,496,Niko Price vs. James Vick,http://ufcstats.com/fight-details/f3169b755afcdc5b
5358,496,Amanda Ribas vs. Mackenzie Dern,http://ufcstats.com/fight-details/2d7f29ec900a8948
5357,496,Matt Frevola vs. Luis Pena,http://ufcstats.com/fight-details/bed2710e06dabe6a
5356,496,Eryk Anders vs. Gerald Meerschaert,http://ufcstats.com/fight-details/834f67e96612cd6f
5355,496,Ryan Spann vs. Devin Clark,http://ufcstats.com/fight-details/25548d526c3a7587
5354,496,Mike Davis vs. Thomas Gifford,http://ufcstats.com/fight-details/6a0217099efee13f
5353,496,Alex Morono vs. Max Griffin,http://ufcstats.com/fight-details/c5b8a996eff18540
5352,496,Deiveson Figueiredo vs. Tim Elliott,http://ufcstats.com/fight-details/18dde81d45ac2232
5351,496,Marlon Vera vs. Andre Ewell,http://ufcstats.com/fight-details/70f01e9ff0b4e519
5350,496,Miguel Baeza vs. Hector Aldana,http://ufcstats.com/fight-details/1d26ceb1c995655e
5349,496,Marvin Vettori vs. Andrew Sanchez,http://ufcstats.com/fight-details/bac178dea57bd545
5348,496,JJ Aldrich vs. Lauren Mueller,http://ufcstats.com/fight-details/64bee58391921b4b
5347,495,Israel Adesanya vs. Robert Whittaker,http://ufcstats.com/fight-details/2556b7520536ce1d
5346,495,Dan Hooker vs. Al Iaquinta,http://ufcstats.com/fight-details/0697d5520b74a8df
5345,495,Serghei Spivac vs. Tai Tuivasa,http://ufcstats.com/fight-details/8cd7ca0e7b861b3d
5344,495,Dhiego Lima vs. Luke Jumeau,http://ufcstats.com/fight-details/fd0fd9a2d6ef8c4f
5343,495,Yorgan De Castro vs. Justin Tafa,http://ufcstats.com/fight-details/9dfac33cd3ae4afd
5342,495,Jake Matthews vs. Rostem Akman,http://ufcstats.com/fight-details/1cb7138b107b93b5
5341,495,Callan Potter vs. Maki Pitolo,http://ufcstats.com/fight-details/578987d534a0d205
5340,495,Brad Riddell vs. Jamie Mullarkey,http://ufcstats.com/fight-details/83d59f5e52e0ac46
5339,495,Megan Anderson vs. Zarah Fairn,http://ufcstats.com/fight-details/b8c21a311f3f7953
5338,495,Ji Yeon Kim vs. Nadia Kassem,http://ufcstats.com/fight-details/668d077ac9d7d3c9
5337,495,Khalid Taha vs. Bruno Silva,http://ufcstats.com/fight-details/57ff0eb2351979c4
5336,494,Jared Cannonier vs. Jack Hermansson,http://ufcstats.com/fight-details/476c31184332698e
5335,494,Mark Madsen vs. Danilo Belluardo,http://ufcstats.com/fight-details/975840814b233bcd
5334,494,Gilbert Burns vs. Gunnar Nelson,http://ufcstats.com/fight-details/7410ac7e4e5acb74
5333,494,Ion Cutelaba vs. Khalil Rountree Jr.,http://ufcstats.com/fight-details/b44531903be4729a
5332,494,Ovince Saint Preux vs. Michal Oleksiejczuk,http://ufcstats.com/fight-details/b6dad3a9bf911bfd
5331,494,Nicolas Dalby vs. Alex Oliveira,http://ufcstats.com/fight-details/9c7b6a20f35fb708
5330,494,John Phillips vs. Alen Amedovski,http://ufcstats.com/fight-details/9fa3623172adb4cd
5329,494,Makhmud Muradov vs. Alessio Di Chirico,http://ufcstats.com/fight-details/d5e927306f5d859b
5328,494,Ismail Naurdiev vs. Siyar Bahadurzada,http://ufcstats.com/fight-details/18d84b333b28de36
5327,494,Giga Chikadze vs. Brandon Davis,http://ufcstats.com/fight-details/688908886d8ac900
5326,494,Lina Lansberg vs. Macy Chiasson,http://ufcstats.com/fight-details/0a3df9b1918cfc2f
5325,494,Marc Diakiese vs. Lando Vannata,http://ufcstats.com/fight-details/951968aa52a84928
5324,494,Jack Shore vs. Nohelin Hernandez,http://ufcstats.com/fight-details/fc16ccf0994c6e50
5323,493,Yair Rodriguez vs. Jeremy Stephens,http://ufcstats.com/fight-details/62acea88e628c3ca
5322,493,Carla Esparza vs. Alexa Grasso,http://ufcstats.com/fight-details/b2cdb4c34f37ad37
5321,493,Brandon Moreno vs. Askar Askarov,http://ufcstats.com/fight-details/fd3e8f61d8fda839
5320,493,Irene Aldana vs. Vanessa Melo,http://ufcstats.com/fight-details/c163ed45c21c8548
5319,493,Steven Peterson vs. Martin Bravo,http://ufcstats.com/fight-details/49b2a6a93d529981
5318,493,Jose Quinonez vs. Carlos Huachin,http://ufcstats.com/fight-details/953c89aa931082e4
5317,493,Kyle Nelson vs. Marco Polo Reyes,http://ufcstats.com/fight-details/ad878cdd4fa36a3a
5316,493,Angela Hill vs. Ariane Carnelossi,http://ufcstats.com/fight-details/52311c2cd0c84d67
5315,493,Sergio Pettis vs. Tyson Nam,http://ufcstats.com/fight-details/d9c0351cd21e40e0
5314,493,Paul Craig vs. Vinicius Moreira,http://ufcstats.com/fight-details/8cf6b22995c9efb8
5313,493,Bethe Correia vs. Sijara Eubanks,http://ufcstats.com/fight-details/c2b842fae4e9f1dc
5312,493,Claudio Puelles vs. Marcos Mariano,http://ufcstats.com/fight-details/4f7ec66199bba232
5311,492,Justin Gaethje vs. Donald Cerrone,http://ufcstats.com/fight-details/490724f8b3658f67
5310,492,Glover Teixeira vs. Nikita Krylov,http://ufcstats.com/fight-details/36d90f1812f0d432
5309,492,Todd Duffee vs. Jeff Hughes,http://ufcstats.com/fight-details/8ae79d7967681db8
5308,492,Tristan Connelly vs. Michel Pereira,http://ufcstats.com/fight-details/dadaee9624256e07
5307,492,Uriah Hall vs. Antonio Carlos Junior,http://ufcstats.com/fight-details/ece3a7a9e930ef9d
5306,492,Misha Cirkunov vs. Jimmy Crute,http://ufcstats.com/fight-details/92b98afec5eb4e05
5305,492,Augusto Sakai vs. Marcin Tybura,http://ufcstats.com/fight-details/9d3a38cc18807e10
5304,492,Miles Johns vs. Cole Smith,http://ufcstats.com/fight-details/9de23eb1471e592b
5303,492,Hunter Azure vs. Brad Katona,http://ufcstats.com/fight-details/14176809bcdafd01
5302,492,Chas Skelly vs. Jordan Griffin,http://ufcstats.com/fight-details/462a95890423d3c6
5301,492,Louis Smolka vs. Ryan MacDonald,http://ufcstats.com/fight-details/241687ff5fe92331
5300,492,Austin Hubbard vs. Kyle Prepolec,http://ufcstats.com/fight-details/acf658afda38d8af
5299,491,Khabib Nurmagomedov vs. Dustin Poirier,http://ufcstats.com/fight-details/01a4827b3596d111
5298,491,Paul Felder vs. Edson Barboza,http://ufcstats.com/fight-details/357a34207d70da69
5297,491,Islam Makhachev vs. Davi Ramos,http://ufcstats.com/fight-details/849eb47d349f3fe4
5296,491,Curtis Blaydes vs. Shamil Abdurakhimov,http://ufcstats.com/fight-details/066756ea40b134a7
5295,491,Diego Ferreira vs. Mairbek Taisumov,http://ufcstats.com/fight-details/8accd04438b91262
5294,491,Joanne Wood vs. Andrea Lee,http://ufcstats.com/fight-details/77f123712368bcbc
5293,491,Zubaira Tukhugov vs. Lerone Murphy,http://ufcstats.com/fight-details/bef4df43d6052a02
5292,491,Sarah Moras vs. Liana Jojua,http://ufcstats.com/fight-details/8e1ae2ae6694b131
5291,491,Ottman Azaitar vs. Teemu Packalen,http://ufcstats.com/fight-details/2c7b788effdc1b4c
5290,491,Belal Muhammad vs. Takashi Sato,http://ufcstats.com/fight-details/18aff757c54687f1
5289,491,Muslim Salikhov vs. Nordine Taleb,http://ufcstats.com/fight-details/43496ff308e681a0
5288,491,Omari Akhmedov vs. Zak Cummings,http://ufcstats.com/fight-details/9a46f95c1c1e57f0
5287,491,Don Madge vs. Fares Ziam,http://ufcstats.com/fight-details/84d4b658851b7e0e
5286,490,Zhang Weili vs. Jessica Andrade,http://ufcstats.com/fight-details/357cf8a9b6737625
5285,490,Li Jingliang vs. Elizeu Zaleski dos Santos,http://ufcstats.com/fight-details/55480808b1fa1f9c
5284,490,Kai Kara-France vs. Mark De La Rosa,http://ufcstats.com/fight-details/b07188063c49b755
5283,490,Song Kenan vs. Derrick Krantz,http://ufcstats.com/fight-details/676561d9690ce31d
5282,490,Mizuki vs. Wu Yanan,http://ufcstats.com/fight-details/5f900e4437e079b3
5281,490,Anthony Hernandez vs. JunYong Park,http://ufcstats.com/fight-details/8182dbc752c71137
5280,490,Sumudaerji vs. Andre Soukhamthath,http://ufcstats.com/fight-details/09b91014bd88f815
5279,490,Da Woon Jung vs. Khadis Ibragimov,http://ufcstats.com/fight-details/5ff390f7bbf2bec8
5278,490,Damir Ismagulov vs. Thiago Moises,http://ufcstats.com/fight-details/060dfbc982c6c4ef
5277,490,Alatengheili vs. Batgerel Danaa,http://ufcstats.com/fight-details/2e001d8c2f6106fc
5276,490,Karol Rosa vs. Lara Procopio,http://ufcstats.com/fight-details/a072be4f806d360f
5275,489,Stipe Miocic vs. Daniel Cormier,http://ufcstats.com/fight-details/6921344f8e706d0f
5274,489,Nate Diaz vs. Anthony Pettis,http://ufcstats.com/fight-details/f2ce79565c0820dd
5273,489,Paulo Costa vs. Yoel Romero,http://ufcstats.com/fight-details/3e16a71836e85212
5272,489,Sodiq Yusuff vs. Gabriel Benitez,http://ufcstats.com/fight-details/ea43a5fe4ff9a3c4
5271,489,Derek Brunson vs. Ian Heinisch,http://ufcstats.com/fight-details/2eb56023c4a54504
5270,489,Khama Worthy vs. Devonte Smith,http://ufcstats.com/fight-details/2671de30a1736f51
5269,489,Cory Sandhagen vs. Raphael Assuncao,http://ufcstats.com/fight-details/fba7d6a42f137938
5268,489,Drakkar Klose vs. Christos Giagos,http://ufcstats.com/fight-details/25e1d17d072227c6
5267,489,Casey Kenney vs. Manny Bermudez,http://ufcstats.com/fight-details/29de6ddc42a2e674
5266,489,Hannah Cifers vs. Jodie Esquibel,http://ufcstats.com/fight-details/8ebd6e9d41a51e31
5265,489,Kyung Ho Kang vs. Brandon Davis,http://ufcstats.com/fight-details/445d0d44091b902a
5264,489,Sabina Mazo vs. Shana Dobson,http://ufcstats.com/fight-details/51f955029dbf6978
5263,488,Valentina Shevchenko vs. Liz Carmouche,http://ufcstats.com/fight-details/9d80bd1f92d23dfa
5262,488,Vicente Luque vs. Mike Perry,http://ufcstats.com/fight-details/7feadf01c5920285
5261,488,Eduardo Garagorri vs. Humberto Bandenay,http://ufcstats.com/fight-details/aef94727eb3897df
5260,488,Volkan Oezdemir vs. Ilir Latifi,http://ufcstats.com/fight-details/f7cce33f6563dd72
5259,488,Rodolfo Vieira vs. Oskar Piechota,http://ufcstats.com/fight-details/8da94b2c1c0443d4
5258,488,Enrique Barzola vs. Bobby Moffett,http://ufcstats.com/fight-details/4dd3035430a5ed43
5257,488,Gilbert Burns vs. Aleksei Kunchenko,http://ufcstats.com/fight-details/1019f2a9c012e949
5256,488,Ciryl Gane vs. Raphael Pessoa,http://ufcstats.com/fight-details/1d8a86d37c7ef3d3
5255,488,Marina Rodriguez vs. Tecia Pennington,http://ufcstats.com/fight-details/d93b589bcec80ffe
5254,488,Rogerio Bontorin vs. Raulian Paiva,http://ufcstats.com/fight-details/cb4dd24535ef2d94
5253,488,Chris Gutierrez vs. Geraldo de Freitas,http://ufcstats.com/fight-details/4c489b3c9d14cbc9
5252,488,Alex Da Silva vs. Kazula Vargas,http://ufcstats.com/fight-details/975159720cfd0103
5251,488,Veronica Hardy vs. Polyana Viana,http://ufcstats.com/fight-details/494042bf96730bc0
5250,487,Colby Covington vs. Robbie Lawler,http://ufcstats.com/fight-details/e139628170777bef
5249,487,Jim Miller vs. Clay Guida,http://ufcstats.com/fight-details/e96d929f8207a3e0
5248,487,Nasrat Haqparast vs. Joaquim Silva,http://ufcstats.com/fight-details/dbbd17b6995f014b
5247,487,Gerald Meerschaert vs. Trevin Giles,http://ufcstats.com/fight-details/dc49373c52eedaa3
5246,487,Scott Holtzman vs. Dong Hyun Ma,http://ufcstats.com/fight-details/1d9f862a47540785
5245,487,Kennedy Nzechukwu vs. Darko Stosic,http://ufcstats.com/fight-details/cd6b799ec79c489a
5244,487,Mickey Gall vs. Salim Touahri,http://ufcstats.com/fight-details/f4bd11655adeb078
5243,487,Antonina Shevchenko vs. Lucie Pudilova,http://ufcstats.com/fight-details/326de7f7ec9e7035
5242,487,Matt Schnell vs. Jordan Espinosa,http://ufcstats.com/fight-details/60162c95d921d1ae
5241,487,Lauren Murphy vs. Mara Romero Borella,http://ufcstats.com/fight-details/e3acb789f7dcd34c
5240,487,Claudio Silva vs. Cole Williams,http://ufcstats.com/fight-details/f6ab2eec90980ac0
5239,487,Miranda Granger vs. Hannah Goldy,http://ufcstats.com/fight-details/94560d1dc6248347
5238,486,Max Holloway vs. Frankie Edgar,http://ufcstats.com/fight-details/c4704eab5e2f51b8
5237,486,Cristiane Justino vs. Felicia Spencer,http://ufcstats.com/fight-details/240e9389cca3bd18
5236,486,Geoff Neal vs. Niko Price,http://ufcstats.com/fight-details/e186bd5e556f1b5e
5235,486,Arman Tsarukyan vs. Olivier Aubin-Mercier,http://ufcstats.com/fight-details/7ed98f8d1ffae082
5234,486,Krzysztof Jotko vs. Marc-Andre Barriault,http://ufcstats.com/fight-details/dbca9f6bb7290c0d
5233,486,Viviane Araujo vs. Alexis Davis,http://ufcstats.com/fight-details/dfa2fda311df08cf
5232,486,Hakeem Dawodu vs. Yoshinori Horie,http://ufcstats.com/fight-details/10b31e991c2d0d4e
5231,486,Gavin Tucker vs. SeungWoo Choi,http://ufcstats.com/fight-details/25c4013fc187762a
5230,486,Deiveson Figueiredo vs. Alexandre Pantoja,http://ufcstats.com/fight-details/bc1787883f9328be
5229,486,Gillian Robertson vs. Sarah Frota,http://ufcstats.com/fight-details/68c77a11b2d308dd
5228,486,Erik Koch vs. Kyle Stewart,http://ufcstats.com/fight-details/d47fd8fc3886f86c
5227,485,Leon Edwards vs. Rafael Dos Anjos,http://ufcstats.com/fight-details/816662e622987a14
5226,485,Walt Harris vs. Aleksei Oleinik,http://ufcstats.com/fight-details/15ce105716441c54
5225,485,Greg Hardy vs. Juan Adams,http://ufcstats.com/fight-details/88b1d4f951070f83
5224,485,Dan Hooker vs. James Vick,http://ufcstats.com/fight-details/9d6b46a3cf5ec494
5223,485,Alexander Hernandez vs. Francisco Trinaldo,http://ufcstats.com/fight-details/c92308bbd6107b11
5222,485,Andrei Arlovski vs. Ben Rothwell,http://ufcstats.com/fight-details/f065dc596a08a258
5221,485,Alex Caceres vs. Steven Peterson,http://ufcstats.com/fight-details/96d33e46267d4eaf
5220,485,Raquel Pennington vs. Irene Aldana,http://ufcstats.com/fight-details/017e0b7e864b0aa3
5219,485,Klidson Abreu vs. Sam Alvey,http://ufcstats.com/fight-details/f711b3ec6bc3c407
5218,485,Jennifer Maia vs. Roxanne Modafferi,http://ufcstats.com/fight-details/dd51d1aed9536da6
5217,485,Ray Borg vs. Gabriel Silva,http://ufcstats.com/fight-details/bc01ce748a5723df
5216,485,Mario Bautista vs. Jin Soo Son,http://ufcstats.com/fight-details/24bcade0007c2246
5215,485,Felipe Colares vs. Domingo Pilarte,http://ufcstats.com/fight-details/c5259566abc552b1
5214,484,Germaine de Randamie vs. Aspen Ladd,http://ufcstats.com/fight-details/edc87836fd998929
5213,484,Urijah Faber vs. Ricky Simon,http://ufcstats.com/fight-details/75b1533cc3cafae9
5212,484,Josh Emmett vs. Mirsad Bektic,http://ufcstats.com/fight-details/138cb102906573f2
5211,484,Karl Roberson vs. Wellington Turman,http://ufcstats.com/fight-details/a7cf716f5d73b558
5210,484,Marvin Vettori vs. Cezar Ferreira,http://ufcstats.com/fight-details/9b0de83b4e504bf6
5209,484,Mike Rodriguez vs. John Allan,http://ufcstats.com/fight-details/aa6a9aeeb45577d4
5208,484,Andre Fili vs. Sheymon Moraes,http://ufcstats.com/fight-details/b436dda934059631
5207,484,Julianna Pena vs. Nicco Montano,http://ufcstats.com/fight-details/60be02c5566c8348
5206,484,Ryan Hall vs. Darren Elkins,http://ufcstats.com/fight-details/37a8c442fb38db75
5205,484,Jonathan Martinez vs. Pingyuan Liu,http://ufcstats.com/fight-details/ad63c30e22e63344
5204,484,Brianna Fortino vs. Livinha Souza,http://ufcstats.com/fight-details/2d42ef44ad2470e1
5203,484,Benito Lopez vs. Vince Morales,http://ufcstats.com/fight-details/358468724d7d4322
5202,483,Jon Jones vs. Thiago Santos,http://ufcstats.com/fight-details/8fcdfee81cc604e3
5201,483,Amanda Nunes vs. Holly Holm,http://ufcstats.com/fight-details/69c06be4f87ccdab
5200,483,Jorge Masvidal vs. Ben Askren,http://ufcstats.com/fight-details/70af72a72b31fe4d
5199,483,Jan Blachowicz vs. Luke Rockhold,http://ufcstats.com/fight-details/531d9676d767da66
5198,483,Michael Chiesa vs. Diego Sanchez,http://ufcstats.com/fight-details/feaffeb1af7e82ef
5197,483,Arnold Allen vs. Gilbert Melendez,http://ufcstats.com/fight-details/c48af5eafb532d0a
5196,483,Marlon Vera vs. Nohelin Hernandez,http://ufcstats.com/fight-details/7dc551f8153bd053
5195,483,Claudia Gadelha vs. Randa Markos,http://ufcstats.com/fight-details/7fe0cec2b0f1c146
5194,483,Song Yadong vs. Alejandro Perez,http://ufcstats.com/fight-details/00f4b6184f6315d0
5193,483,Edmen Shahbazyan vs. Jack Marshman,http://ufcstats.com/fight-details/e9f00c16810e0e61
5192,483,Chance Rencountre vs. Ismail Naurdiev,http://ufcstats.com/fight-details/f6a03399c7a721cd
5191,483,Julia Avila vs. Pannie Kianzad,http://ufcstats.com/fight-details/934b44ddcb3d95e6
5190,482,Francis Ngannou vs. Junior Dos Santos,http://ufcstats.com/fight-details/4e71dbef18157288
5189,482,Joseph Benavidez vs. Jussier Formiga,http://ufcstats.com/fight-details/2418af6da44fd361
5188,482,Demian Maia vs. Anthony Rocco Martin,http://ufcstats.com/fight-details/5fcf65d4de66c970
5187,482,Vinc Pichel vs. Roosevelt Roberts,http://ufcstats.com/fight-details/2b01da1699f0305f
5186,482,Drew Dober vs. Marco Polo Reyes,http://ufcstats.com/fight-details/966bf043577f8b6a
5185,482,Alonzo Menifield vs. Paul Craig,http://ufcstats.com/fight-details/c770192a9f3261cd
5184,482,Ricardo Ramos vs. Journey Newson,http://ufcstats.com/fight-details/8f5d5dd10a167cc0
5183,482,Eryk Anders vs. Vinicius Moreira,http://ufcstats.com/fight-details/c0982b3919cc74f0
5182,482,Jared Gordon vs. Dan Moret,http://ufcstats.com/fight-details/3f8c6e31ebbe54bc
5181,482,Dalcha Lungiambula vs. Dequan Townsend,http://ufcstats.com/fight-details/7ce7075951c9aa31
5180,482,Amanda Ribas vs. Emily Whitmire,http://ufcstats.com/fight-details/e460bf4db340ca9e
5179,482,Maurice Greene vs. Junior Albini,http://ufcstats.com/fight-details/9ba051e0f5674108
5178,481,Chan Sung Jung vs. Renato Moicano,http://ufcstats.com/fight-details/aec1339028f3416c
5177,481,Randy Brown vs. Bryan Barberena,http://ufcstats.com/fight-details/4096b302747d47b3
5176,481,Andre Ewell vs. Anderson Dos Santos,http://ufcstats.com/fight-details/8f1b727757a60c07
5175,481,Andrea Lee vs. Montana De La Rosa,http://ufcstats.com/fight-details/13129c1f044fdd47
5174,481,Kevin Holland vs. Alessio Di Chirico,http://ufcstats.com/fight-details/b1da312483a974b3
5173,481,Dan Ige vs. Kevin Aguilar,http://ufcstats.com/fight-details/f047e3605f8852d8
5172,481,Ashley Yoder vs. Syuri Kondo,http://ufcstats.com/fight-details/6e9cf53cd87e1b7e
5171,481,Luis Pena vs. Matt Wiman,http://ufcstats.com/fight-details/ab4862ea4cbd0750
5170,481,Jairzinho Rozenstruik vs. Allen Crowder,http://ufcstats.com/fight-details/e4559c3cce6edec1
5169,481,Molly McCann vs. Ariane da Silva,http://ufcstats.com/fight-details/fa98e2b8dceca9bb
5168,481,Deron Winn vs. Eric Spicely,http://ufcstats.com/fight-details/f81f8cfe30e0a1e9
5167,480,Henry Cejudo vs. Marlon Moraes,http://ufcstats.com/fight-details/cf4199c8517bc1fd
5166,480,Valentina Shevchenko vs. Jessica Eye,http://ufcstats.com/fight-details/4127b45c3d546eef
5165,480,Tony Ferguson vs. Donald Cerrone,http://ufcstats.com/fight-details/323dc938d93a849b
5164,480,Petr Yan vs. Jimmie Rivera,http://ufcstats.com/fight-details/fe0c844a671dd6d8
5163,480,Blagoy Ivanov vs. Tai Tuivasa,http://ufcstats.com/fight-details/cd2ceb5530529c9f
5162,480,Tatiana Suarez vs. Nina Nunes,http://ufcstats.com/fight-details/56403d0fd259c5d9
5161,480,Aljamain Sterling vs. Pedro Munhoz,http://ufcstats.com/fight-details/17753b728e5404aa
5160,480,Alexa Grasso vs. Karolina Kowalkiewicz,http://ufcstats.com/fight-details/a4446299c1f85d74
5159,480,Calvin Kattar vs. Ricardo Lamas,http://ufcstats.com/fight-details/bf2a9732af50c84c
5158,480,Yan Xiaonan vs. Angela Hill,http://ufcstats.com/fight-details/97c76d44699f7c93
5157,480,Darren Stewart vs. Bevon Lewis,http://ufcstats.com/fight-details/a255ed658a2ac9bb
5156,480,Eddie Wineland vs. Grigory Popov,http://ufcstats.com/fight-details/aa430402314b4459
5155,480,Katlyn Cerminara vs. Joanne Wood,http://ufcstats.com/fight-details/82eb6fa58ae52428
5154,479,Anthony Smith vs. Alexander Gustafsson,http://ufcstats.com/fight-details/4f9939af9a1d40a3
5153,479,Aleksandar Rakic vs. Jimi Manuwa,http://ufcstats.com/fight-details/138c8807fef52564
5152,479,Makwan Amirkhani vs. Chris Fishgold,http://ufcstats.com/fight-details/2ca4a039c07acd38
5151,479,Christos Giagos vs. Damir Hadzovic,http://ufcstats.com/fight-details/a5acaa5f693529dd
5150,479,Daniel Teymur vs. Sung Bin Jo,http://ufcstats.com/fight-details/c53cb796b4a4cdb8
5149,479,Sergey Khandozhko vs. Rostem Akman,http://ufcstats.com/fight-details/93330422e1f2e0be
5148,479,Lina Lansberg vs. Tonya Evinger,http://ufcstats.com/fight-details/f993be991eea6016
5147,479,Leonardo Santos vs. Stevie Ray,http://ufcstats.com/fight-details/e1bd72aba46f46a1
5146,479,Frank Camacho vs. Nick Hein,http://ufcstats.com/fight-details/fedb6a1b15b05694
5145,479,Bea Malecki vs. Duda Santana,http://ufcstats.com/fight-details/b58972ad7dcf65e6
5144,479,Devin Clark vs. Darko Stosic,http://ufcstats.com/fight-details/a072481f307dc8aa
5143,479,Joel Alvarez vs. Danilo Belluardo,http://ufcstats.com/fight-details/a4e210bcdcc1bf5b
5142,478,Rafael Dos Anjos vs. Kevin Lee,http://ufcstats.com/fight-details/d401522de73b7bee
5141,478,Ian Heinisch vs. Antonio Carlos Junior,http://ufcstats.com/fight-details/9fb9af6599d67b1d
5140,478,Felicia Spencer vs. Megan Anderson,http://ufcstats.com/fight-details/4fe799b4fa1afb76
5139,478,Vicente Luque vs. Derrick Krantz,http://ufcstats.com/fight-details/083a6edd8bb21bc8
5138,478,Charles Oliveira vs. Nik Lentz,http://ufcstats.com/fight-details/5782666ca117fa5b
5137,478,Davi Ramos vs. Austin Hubbard,http://ufcstats.com/fight-details/65c1ca715dfdbe05
5136,478,Aspen Ladd vs. Sijara Eubanks,http://ufcstats.com/fight-details/1f5178fe56c5423f
5135,478,Desmond Green vs. Charles Jourdain,http://ufcstats.com/fight-details/031647c36d12788f
5134,478,Michel Pereira vs. Danny Roberts,http://ufcstats.com/fight-details/04c9ebe419195f8b
5133,478,Grant Dawson vs. Michael Trizano,http://ufcstats.com/fight-details/476a6245b43f3119
5132,478,Ed Herman vs. Patrick Cummins,http://ufcstats.com/fight-details/f27e8d63f526d326
5131,478,Zak Cummings vs. Trevin Giles,http://ufcstats.com/fight-details/35f80e003d16a439
5130,478,Julio Arce vs. Julian Erosa,http://ufcstats.com/fight-details/115fa6f5f3e51bbb
5129,477,Jessica Andrade vs. Rose Namajunas,http://ufcstats.com/fight-details/07c00213ec388e07
5128,477,Jared Cannonier vs. Anderson Silva,http://ufcstats.com/fight-details/a08dffad240dc3d4
5127,477,Alexander Volkanovski vs. Jose Aldo,http://ufcstats.com/fight-details/7b53967f282a0d0a
5126,477,Laureano Staropoli vs. Thiago Alves,http://ufcstats.com/fight-details/3d941525f5c623e3
5125,477,Irene Aldana vs. Bethe Correia,http://ufcstats.com/fight-details/8cf4836e2b43c241
5124,477,Ryan Spann vs. Rogerio Nogueira,http://ufcstats.com/fight-details/413a4c217ee0193f
5123,477,Thiago Moises vs. Kurt Holobaugh,http://ufcstats.com/fight-details/017c090e9e8d2957
5122,477,Warlley Alves vs. Sergio Moraes,http://ufcstats.com/fight-details/2b038a467a89c73c
5121,477,Clay Guida vs. BJ Penn,http://ufcstats.com/fight-details/0febad4c4a3d69fc
5120,477,Luana Carolina vs. Priscila Cachoeira,http://ufcstats.com/fight-details/707cb14717df5960
5119,477,Raoni Barcelos vs. Carlos Huachin,http://ufcstats.com/fight-details/1218cba28d4dce94
5118,477,Viviane Araujo vs. Talita Bernardo,http://ufcstats.com/fight-details/e4bbec619aa04dea
5117,476,Donald Cerrone vs. Al Iaquinta,http://ufcstats.com/fight-details/73eff675e2aae30c
5116,476,Derek Brunson vs. Elias Theodorou,http://ufcstats.com/fight-details/ad59540382d5b7f6
5115,476,Shane Burgos vs. Cub Swanson,http://ufcstats.com/fight-details/feaf740e3ae53b7c
5114,476,Merab Dvalishvili vs. Brad Katona,http://ufcstats.com/fight-details/e6b2d6d33968c66c
5113,476,Walt Harris vs. Serghei Spivac,http://ufcstats.com/fight-details/e939acbd9894c686
5112,476,Andrew Sanchez vs. Marc-Andre Barriault,http://ufcstats.com/fight-details/a6cc776330194937
5111,476,Macy Chiasson vs. Sarah Moras,http://ufcstats.com/fight-details/3011439ecaf74180
5110,476,Vince Morales vs. Aiemann Zahabi,http://ufcstats.com/fight-details/c936527df280b8b4
5109,476,Nordine Taleb vs. Kyle Prepolec,http://ufcstats.com/fight-details/003c84fc7c3fa028
5108,476,Matt Sayles vs. Kyle Nelson,http://ufcstats.com/fight-details/a3731057c8775716
5107,476,Arjan Bhullar vs. Juan Adams,http://ufcstats.com/fight-details/0bc354fbb6e99ab6
5106,476,Cole Smith vs. Mitch Gagnon,http://ufcstats.com/fight-details/16a05f3c4a765f65
5105,475,Jack Hermansson vs. Jacare Souza,http://ufcstats.com/fight-details/f0ca713121289d24
5104,475,Greg Hardy vs. Dmitrii Smoliakov,http://ufcstats.com/fight-details/c68e57c19c82d500
5103,475,Mike Perry vs. Alex Oliveira,http://ufcstats.com/fight-details/3286d8406eff5c85
5102,475,Glover Teixeira vs. Ion Cutelaba,http://ufcstats.com/fight-details/bda97d9a44a89d52
5101,475,Cory Sandhagen vs. John Lineker,http://ufcstats.com/fight-details/bcb697c4317f0997
5100,475,Roosevelt Roberts vs. Thomas Gifford,http://ufcstats.com/fight-details/721d870849de4a57
5099,475,Takashi Sato vs. Ben Saunders,http://ufcstats.com/fight-details/80e68a6453e15ab9
5098,475,Augusto Sakai vs. Andrei Arlovski,http://ufcstats.com/fight-details/3256d907f58af95e
5097,475,Carla Esparza vs. Virna Jandiroba,http://ufcstats.com/fight-details/f08ccad48500eb2b
5096,475,Gilbert Burns vs. Mike Davis,http://ufcstats.com/fight-details/c2bcdcc472228768
5095,475,Jim Miller vs. Jason Gonzalez,http://ufcstats.com/fight-details/3b6c18a966a2cea4
5094,475,Angela Hill vs. Jodie Esquibel,http://ufcstats.com/fight-details/c300085cc08357b5
5093,475,Dhiego Lima vs. Court McGee,http://ufcstats.com/fight-details/7c13de66ce543d84
5092,474,Alistair Overeem vs. Aleksei Oleinik,http://ufcstats.com/fight-details/470a3c1b89504258
5091,474,Islam Makhachev vs. Arman Tsarukyan,http://ufcstats.com/fight-details/103a7d8c4f17714b
5090,474,Sergei Pavlovich vs. Marcelo Golm,http://ufcstats.com/fight-details/2a2b00e9bfd089cc
5089,474,Roxanne Modafferi vs. Antonina Shevchenko,http://ufcstats.com/fight-details/a40c70d5a1a1be01
5088,474,Krzysztof Jotko vs. Alen Amedovski,http://ufcstats.com/fight-details/e458ace6a440b738
5087,474,Movsar Evloev vs. SeungWoo Choi,http://ufcstats.com/fight-details/1b4374c9d7e5139c
5086,474,Sultan Aliev vs. Keita Nakamura,http://ufcstats.com/fight-details/23ba354e606df0ac
5085,474,Alexander Yakovlev vs. Alex Da Silva,http://ufcstats.com/fight-details/d9a797f632686568
5084,474,Shamil Abdurakhimov vs. Marcin Tybura,http://ufcstats.com/fight-details/0bc7e4852f75a06d
5083,474,Michal Oleksiejczuk vs. Gadzhimurad Antigulov,http://ufcstats.com/fight-details/56f984ac83fb34cc
5082,474,Magomed Mustafaev vs. Rafael Fiziev,http://ufcstats.com/fight-details/75bc89630027c601
5081,473,Dustin Poirier vs. Max Holloway,http://ufcstats.com/fight-details/87126427cfcaee52
5080,473,Israel Adesanya vs. Kelvin Gastelum,http://ufcstats.com/fight-details/9bfda7c26578aaac
5079,473,Khalil Rountree Jr. vs. Eryk Anders,http://ufcstats.com/fight-details/e0d92694d8a2d38b
5078,473,Dwight Grant vs. Alan Jouban,http://ufcstats.com/fight-details/7dc87736c304b3dd
5077,473,Nikita Krylov vs. Ovince Saint Preux,http://ufcstats.com/fight-details/d22c19fd92426567
5076,473,Matt Frevola vs. Jalin Turner,http://ufcstats.com/fight-details/31b283a5559ad44d
5075,473,Alexandre Pantoja vs. Wilson Reis,http://ufcstats.com/fight-details/c6b040021b4ceb0f
5074,473,Max Griffin vs. Zelim Imadaev,http://ufcstats.com/fight-details/bf719cf83cab229b
5073,473,Khalid Taha vs. Boston Salmon,http://ufcstats.com/fight-details/2456c4550c26e5e8
5072,473,Belal Muhammad vs. Curtis Millender,http://ufcstats.com/fight-details/23fd92555246d61e
5071,473,Montel Jackson vs. Andre Soukhamthath,http://ufcstats.com/fight-details/8da5849a6e7307bf
5070,473,Poliana Botelho vs. Lauren Mueller,http://ufcstats.com/fight-details/75e580d5ea37c519
5069,473,Brandon Davis vs. Randy Costa,http://ufcstats.com/fight-details/79da0eacafb22f86
5068,472,Justin Gaethje vs. Edson Barboza,http://ufcstats.com/fight-details/b309cdde35310875
5067,472,Jack Hermansson vs. David Branch,http://ufcstats.com/fight-details/a0163cdde4ec785d
5066,472,Josh Emmett vs. Michael Johnson,http://ufcstats.com/fight-details/5c70b175f08ca141
5065,472,Michelle Waterson-Gomez vs. Karolina Kowalkiewicz,http://ufcstats.com/fight-details/b70e72f23446520a
5064,472,Paul Craig vs. Kennedy Nzechukwu,http://ufcstats.com/fight-details/1d8ee477e682a8fc
5063,472,Sodiq Yusuff vs. Sheymon Moraes,http://ufcstats.com/fight-details/818b55b087013e64
5062,472,Marina Rodriguez vs. Jessica Aguilar,http://ufcstats.com/fight-details/f5a038c18f7a44fc
5061,472,Desmond Green vs. Ross Pearson,http://ufcstats.com/fight-details/b7ff74563d034519
5060,472,Kevin Aguilar vs. Enrique Barzola,http://ufcstats.com/fight-details/6173056f0e080ca6
5059,472,Kevin Holland vs. Gerald Meerschaert,http://ufcstats.com/fight-details/7dc3ada8f2135477
5058,472,Casey Kenney vs. Ray Borg,http://ufcstats.com/fight-details/93a081342561d0c3
5057,472,Maryna Moroz vs. Sabina Mazo,http://ufcstats.com/fight-details/b695fc80bd538172
5056,472,Alex Perez vs. Mark De La Rosa,http://ufcstats.com/fight-details/3db15d45e8490c22
5055,471,Anthony Pettis vs. Stephen Thompson,http://ufcstats.com/fight-details/56ae02578b1163ee
5054,471,Curtis Blaydes vs. Justin Willis,http://ufcstats.com/fight-details/9532ebf4d9405e65
5053,471,John Makdessi vs. Jesus Pinedo,http://ufcstats.com/fight-details/ced0e31df74f27d6
5052,471,Jussier Formiga vs. Deiveson Figueiredo,http://ufcstats.com/fight-details/eb096b0196a7ff65
5051,471,Luis Pena vs. Steven Peterson,http://ufcstats.com/fight-details/3812b265afd78186
5050,471,Maycee Barber vs. JJ Aldrich,http://ufcstats.com/fight-details/55b53fdad307b708
5049,471,Bryce Mitchell vs. Bobby Moffett,http://ufcstats.com/fight-details/721b23d896a44e2e
5048,471,Marlon Vera vs. Frankie Saenz,http://ufcstats.com/fight-details/971b3d35c302cf8f
5047,471,Jennifer Maia vs. Alexis Davis,http://ufcstats.com/fight-details/8d70694ceeb0dc9a
5046,471,Randa Markos vs. Angela Hill,http://ufcstats.com/fight-details/0f9679fda36f7f41
5045,471,Chris Gutierrez vs. Ryan MacDonald,http://ufcstats.com/fight-details/0717bc30025f3656
5044,471,Jordan Espinosa vs. Eric Shelton,http://ufcstats.com/fight-details/469fba0129c95278
5043,470,Jorge Masvidal vs. Darren Till,http://ufcstats.com/fight-details/c6dd17ab89437805
5042,470,Leon Edwards vs. Gunnar Nelson,http://ufcstats.com/fight-details/e068f14acd47ed69
5041,470,Dominick Reyes vs. Volkan Oezdemir,http://ufcstats.com/fight-details/826fb989c0e6208e
5040,470,Nathaniel Wood vs. Jose Quinonez,http://ufcstats.com/fight-details/40687c9412e0c279
5039,470,Claudio Silva vs. Danny Roberts,http://ufcstats.com/fight-details/8a8190f3f71408a4
5038,470,Jack Marshman vs. John Phillips,http://ufcstats.com/fight-details/437c6e18f41287f1
5037,470,Arnold Allen vs. Jordan Rinaldi,http://ufcstats.com/fight-details/8cc4c597aecbfef5
5036,470,Marc Diakiese vs. Joe Duffy,http://ufcstats.com/fight-details/44ab00737c3fb890
5035,470,Saparbeg Safarov vs. Nicolae Negumereanu,http://ufcstats.com/fight-details/6ada4f4286e4261d
5034,470,Dan Ige vs. Danny Henry,http://ufcstats.com/fight-details/bcef35d6e0964f01
5033,470,Molly McCann vs. Priscila Cachoeira,http://ufcstats.com/fight-details/a2f4acc81f7886a2
5032,470,Mike Grundy vs. Nad Narimani,http://ufcstats.com/fight-details/9763e27bf80abe42
5031,469,Junior Dos Santos vs. Derrick Lewis,http://ufcstats.com/fight-details/1b1792afe4457e83
5030,469,Elizeu Zaleski dos Santos vs. Curtis Millender,http://ufcstats.com/fight-details/710c7f8c7dc2af46
5029,469,Niko Price vs. Tim Means,http://ufcstats.com/fight-details/aeb0322f619213b1
5028,469,Blagoy Ivanov vs. Ben Rothwell,http://ufcstats.com/fight-details/4b1606ab1893c242
5027,469,Beneil Dariush vs. Drew Dober,http://ufcstats.com/fight-details/9cfad21ef1911728
5026,469,Omari Akhmedov vs. Tim Boetsch,http://ufcstats.com/fight-details/aaad7e29825b3264
5025,469,Anthony Rocco Martin vs. Sergio Moraes,http://ufcstats.com/fight-details/51808d929c84b8ae
5024,469,Yana Santos vs. Marion Reneau,http://ufcstats.com/fight-details/fb34734f84d0a14d
5023,469,Grant Dawson vs. Julian Erosa,http://ufcstats.com/fight-details/ddcfa590f4644240
5022,469,Maurice Greene vs. Jeff Hughes,http://ufcstats.com/fight-details/b776b08e2cc6aa0c
5021,469,Matt Schnell vs. Louis Smolka,http://ufcstats.com/fight-details/858696528ab7035a
5020,469,Alex Morono vs. Zak Ottow,http://ufcstats.com/fight-details/583f2c3cd0e2385b
5019,469,Alex White vs. Dan Moret,http://ufcstats.com/fight-details/6c9bf1d285cf5dd4
5018,468,Jon Jones vs. Anthony Smith,http://ufcstats.com/fight-details/5b9f545890407976
5017,468,Kamaru Usman vs. Tyron Woodley,http://ufcstats.com/fight-details/851645c373f50e16
5016,468,Ben Askren vs. Robbie Lawler,http://ufcstats.com/fight-details/97dabff880f33202
5015,468,Zhang Weili vs. Tecia Pennington,http://ufcstats.com/fight-details/ec149b086b0e7fac
5014,468,Pedro Munhoz vs. Cody Garbrandt,http://ufcstats.com/fight-details/39fa341fb9161d6f
5013,468,Zabit Magomedsharipov vs. Jeremy Stephens,http://ufcstats.com/fight-details/bac3ac8d7330d05d
5012,468,Johnny Walker vs. Misha Cirkunov,http://ufcstats.com/fight-details/7adaf85915993137
5011,468,Cody Stamann vs. Alejandro Perez,http://ufcstats.com/fight-details/3744d4cdaa6b242b
5010,468,Diego Sanchez vs. Mickey Gall,http://ufcstats.com/fight-details/e3826e06d68ed4af
5009,468,Edmen Shahbazyan vs. Charles Byrd,http://ufcstats.com/fight-details/7a26c9407ef64e10
5008,468,Macy Chiasson vs. Gina Mazany,http://ufcstats.com/fight-details/8adc6266a7c2fd40
5007,468,Hannah Cifers vs. Polyana Viana,http://ufcstats.com/fight-details/0405e4446e8f239a
5006,467,Thiago Santos vs. Jan Blachowicz,http://ufcstats.com/fight-details/cb010b41cd20a1ed
5005,467,Stefan Struve vs. Marcos Rogerio de Lima,http://ufcstats.com/fight-details/4de28817db9fc9d8
5004,467,Michal Oleksiejczuk vs. Gian Villante,http://ufcstats.com/fight-details/34c649f3f43a919b
5003,467,Liz Carmouche vs. Lucie Pudilova,http://ufcstats.com/fight-details/1db00b3e736c22bf
5002,467,Petr Yan vs. John Dodson,http://ufcstats.com/fight-details/244aa8f002274344
5001,467,Magomed Ankalaev vs. Klidson Abreu,http://ufcstats.com/fight-details/14c505d7ad55883c
5000,467,Dwight Grant vs. Carlo Pedersoli Jr.,http://ufcstats.com/fight-details/fd438db3e60f062a
4999,467,Chris Fishgold vs. Daniel Teymur,http://ufcstats.com/fight-details/c827f5212a34bf2e
4998,467,Gillian Robertson vs. Veronica Hardy,http://ufcstats.com/fight-details/4e22e3cdb8757be1
4997,467,Damir Hadzovic vs. Marco Polo Reyes,http://ufcstats.com/fight-details/18d6df67968bf06b
4996,467,Ismail Naurdiev vs. Michel Prazeres,http://ufcstats.com/fight-details/c77486266b05f934
4995,467,Diego Ferreira vs. Rustam Khabilov,http://ufcstats.com/fight-details/9af62d6e404c1002
4994,467,Damir Ismagulov vs. Joel Alvarez,http://ufcstats.com/fight-details/e4b13f7f43018ec0
4993,466,Francis Ngannou vs. Cain Velasquez,http://ufcstats.com/fight-details/01983cba42704c49
4992,466,Paul Felder vs. James Vick,http://ufcstats.com/fight-details/a212e4c197983ad1
4991,466,Cynthia Calvillo vs. Cortney Casey,http://ufcstats.com/fight-details/354425c41008a01f
4990,466,Kron Gracie vs. Alex Caceres,http://ufcstats.com/fight-details/c8bc7e668ffffc7c
4989,466,Vicente Luque vs. Bryan Barberena,http://ufcstats.com/fight-details/1521f94cafdfd783
4988,466,Andre Fili vs. Myles Jury,http://ufcstats.com/fight-details/0a4247ba4ae1cca5
4987,466,Aljamain Sterling vs. Jimmie Rivera,http://ufcstats.com/fight-details/58e21d505c082a9e
4986,466,Manny Bermudez vs. Benito Lopez,http://ufcstats.com/fight-details/0d698108c5f5d1d6
4985,466,Andrea Lee vs. Ashlee Evans-Smith,http://ufcstats.com/fight-details/bdeca00572419011
4984,466,Nik Lentz vs. Scott Holtzman,http://ufcstats.com/fight-details/f96f719ad667dd96
4983,466,Luke Sanders vs. Renan Barao,http://ufcstats.com/fight-details/7fec3b1ec923ad24
4982,466,Emily Whitmire vs. Aleksandra Albu,http://ufcstats.com/fight-details/a9184def876faec6
4981,465,Israel Adesanya vs. Anderson Silva,http://ufcstats.com/fight-details/4eb91cfc892a108e
4980,465,Lando Vannata vs. Marcos Mariano,http://ufcstats.com/fight-details/aa71cf96ba4e5a36
4979,465,Ricky Simon vs. Rani Yahya,http://ufcstats.com/fight-details/069e3e704cbf6337
4978,465,Montana De La Rosa vs. Nadia Kassem,http://ufcstats.com/fight-details/fd1854062406d287
4977,465,Jimmy Crute vs. Sam Alvey,http://ufcstats.com/fight-details/e4862c4f20117cb8
4976,465,Devonte Smith vs. Dong Hyun Ma,http://ufcstats.com/fight-details/5ff8463edf8155c0
4975,465,Shane Young vs. Austin Arnett,http://ufcstats.com/fight-details/49f7186e1e3cf6c8
4974,465,Kai Kara-France vs. Raulian Paiva,http://ufcstats.com/fight-details/51db35a3cf225bda
4973,465,Kyung Ho Kang vs. Teruto Ishihara,http://ufcstats.com/fight-details/b247a1900cfae052
4972,465,Jalin Turner vs. Callan Potter,http://ufcstats.com/fight-details/11c0ef97497303ef
4971,465,Jonathan Martinez vs. Wulijiburen,http://ufcstats.com/fight-details/8e43d61ca6f2d904
4970,464,Marlon Moraes vs. Raphael Assuncao,http://ufcstats.com/fight-details/4e8b2357fea211e9
4969,464,Jose Aldo vs. Renato Moicano,http://ufcstats.com/fight-details/300f1489174a3ece
4968,464,Demian Maia vs. Lyman Good,http://ufcstats.com/fight-details/ce246b336b6bd638
4967,464,Charles Oliveira vs. David Teymur,http://ufcstats.com/fight-details/85036b967403cdab
4966,464,Johnny Walker vs. Justin Ledet,http://ufcstats.com/fight-details/44cfd4330eb6e2bf
4965,464,Livinha Souza vs. Sarah Frota,http://ufcstats.com/fight-details/53abea410a0541c8
4964,464,Markus Perez vs. Anthony Hernandez,http://ufcstats.com/fight-details/ebb685a81f65ce1b
4963,464,Mara Romero Borella vs. Taila Santos,http://ufcstats.com/fight-details/904e0e46392dff93
4962,464,Thiago Alves vs. Max Griffin,http://ufcstats.com/fight-details/59097097bc09cdef
4961,464,Jairzinho Rozenstruik vs. Junior Albini,http://ufcstats.com/fight-details/491b7d974254596d
4960,464,Geraldo de Freitas vs. Felipe Colares,http://ufcstats.com/fight-details/818456a713fdabe6
4959,464,Said Nurmagomedov vs. Ricardo Ramos,http://ufcstats.com/fight-details/9192053a3884aadf
4958,464,Rogerio Bontorin vs. Bibulatov Magomed,http://ufcstats.com/fight-details/8f8a6c578308d014
4957,463,Henry Cejudo vs. TJ Dillashaw,http://ufcstats.com/fight-details/85511ab7fd9ed061
4956,463,Allen Crowder vs. Greg Hardy,http://ufcstats.com/fight-details/8da2c348ba6001a0
4955,463,Gregor Gillespie vs. Yancy Medeiros,http://ufcstats.com/fight-details/0261adcfc6e49150
4954,463,Joseph Benavidez vs. Dustin Ortiz,http://ufcstats.com/fight-details/4738cd4cd8d33eeb
4953,463,Paige VanZant vs. Rachael Ostovich,http://ufcstats.com/fight-details/7ddd21d48e3b34b9
4952,463,Glover Teixeira vs. Karl Roberson,http://ufcstats.com/fight-details/5d1f24e034772338
4951,463,Donald Cerrone vs. Alexander Hernandez,http://ufcstats.com/fight-details/3dd0951b8855137d
4950,463,Joanne Wood vs. Ariane da Silva,http://ufcstats.com/fight-details/77c6a6f33289b872
4949,463,Alonzo Menifield vs. Vinicius Moreira,http://ufcstats.com/fight-details/8a9c8f1d53d8c664
4948,463,Cory Sandhagen vs. Mario Bautista,http://ufcstats.com/fight-details/efbab76bedbfb65d
4947,463,Dennis Bermudez vs. Te Edwards,http://ufcstats.com/fight-details/2ea1f463620bcd3d
4946,463,Geoff Neal vs. Belal Muhammad,http://ufcstats.com/fight-details/2cc1fe3570999428
4945,463,Chance Rencountre vs. Kyle Stewart,http://ufcstats.com/fight-details/e76227f395b94e47
4944,462,Jon Jones vs. Alexander Gustafsson,http://ufcstats.com/fight-details/ceaae1db8ccde29c
4943,462,Amanda Nunes vs. Cristiane Justino,http://ufcstats.com/fight-details/3278e45b30f7dd33
4942,462,Michael Chiesa vs. Carlos Condit,http://ufcstats.com/fight-details/1ca41d3b11d88b36
4941,462,Corey Anderson vs. Ilir Latifi,http://ufcstats.com/fight-details/9ee818e10dcf3b45
4940,462,Alexander Volkanovski vs. Chad Mendes,http://ufcstats.com/fight-details/a5ea53104392fa9f
4939,462,Andrei Arlovski vs. Walt Harris,http://ufcstats.com/fight-details/819af4bbad55324d
4938,462,Megan Anderson vs. Cat Zingano,http://ufcstats.com/fight-details/b0e16dd491bc4fea
4937,462,Petr Yan vs. Douglas Silva de Andrade,http://ufcstats.com/fight-details/498e7b0800af226c
4936,462,Ryan Hall vs. BJ Penn,http://ufcstats.com/fight-details/bd7a8c6c74655afc
4935,462,Nathaniel Wood vs. Andre Ewell,http://ufcstats.com/fight-details/61bf6748cf85eb84
4934,462,Uriah Hall vs. Bevon Lewis,http://ufcstats.com/fight-details/4de25b19c4dedb14
4933,462,Curtis Millender vs. Siyar Bahadurzada,http://ufcstats.com/fight-details/3f5a623cf360c494
4932,462,Montel Jackson vs. Brian Kelleher,http://ufcstats.com/fight-details/8ce926b4d38a55a0
4931,461,Al Iaquinta vs. Kevin Lee,http://ufcstats.com/fight-details/b9c82dfde8b66e37
4930,461,Edson Barboza vs. Dan Hooker,http://ufcstats.com/fight-details/920b6f739a36e721
4929,461,Rob Font vs. Sergio Pettis,http://ufcstats.com/fight-details/4da4c5ef6a4ffc5b
4928,461,Charles Oliveira vs. Jim Miller,http://ufcstats.com/fight-details/f3e289f1423c0e6f
4927,461,Zak Ottow vs. Dwight Grant,http://ufcstats.com/fight-details/c0ab927864bb6e98
4926,461,Drakkar Klose vs. King Green,http://ufcstats.com/fight-details/b69d3d55c84f5dd6
4925,461,Joaquim Silva vs. Jared Gordon,http://ufcstats.com/fight-details/92fd2127f46b0cb7
4924,461,Jack Hermansson vs. Gerald Meerschaert,http://ufcstats.com/fight-details/986f0b480389ad25
4923,461,Zak Cummings vs. Trevor Smith,http://ufcstats.com/fight-details/bf41783b9446891e
4922,461,Dan Ige vs. Jordan Griffin,http://ufcstats.com/fight-details/1b6e5363eb81c409
4921,461,Mike Rodriguez vs. Adam Milstead,http://ufcstats.com/fight-details/05f1e8ff81dbe05b
4920,461,Juan Adams vs. Chris de la Rocha,http://ufcstats.com/fight-details/c4f443509308dec6
4919,460,Max Holloway vs. Brian Ortega,http://ufcstats.com/fight-details/4e55251b7a0df0c2
4918,460,Valentina Shevchenko vs. Joanna Jedrzejczyk,http://ufcstats.com/fight-details/48a2a476d3b59866
4917,460,Gunnar Nelson vs. Alex Oliveira,http://ufcstats.com/fight-details/3a42dd84680f444b
4916,460,Hakeem Dawodu vs. Kyle Bochniak,http://ufcstats.com/fight-details/e0e22d7bc5a293e8
4915,460,Thiago Santos vs. Jimi Manuwa,http://ufcstats.com/fight-details/37a7dc68f3a0e65d
4914,460,Nina Nunes vs. Claudia Gadelha,http://ufcstats.com/fight-details/d5577e3272ef3032
4913,460,Gilbert Burns vs. Olivier Aubin-Mercier,http://ufcstats.com/fight-details/1fa8537d3992a09a
4912,460,Jessica Eye vs. Katlyn Cerminara,http://ufcstats.com/fight-details/00b1e95f6aea7027
4911,460,Elias Theodorou vs. Eryk Anders,http://ufcstats.com/fight-details/7d679c16024f6f38
4910,460,Brad Katona vs. Matthew Lopez,http://ufcstats.com/fight-details/41feee2c08af2235
4909,460,Dhiego Lima vs. Chad Laprise,http://ufcstats.com/fight-details/e909e34cdee01831
4908,460,Diego Ferreira vs. Kyle Nelson,http://ufcstats.com/fight-details/fdc97f9b88bdef7d
4907,460,Aleksandar Rakic vs. Devin Clark,http://ufcstats.com/fight-details/19d1ae54681bc722
4906,459,Junior Dos Santos vs. Tai Tuivasa,http://ufcstats.com/fight-details/b6bd31215bd7ec1f
4905,459,Mauricio Rua vs. Tyson Pedro,http://ufcstats.com/fight-details/20063242f6e40d31
4904,459,Justin Willis vs. Mark Hunt,http://ufcstats.com/fight-details/70feb2bfc12b97d4
4903,459,Anthony Rocco Martin vs. Jake Matthews,http://ufcstats.com/fight-details/60cc0ac9ace28324
4902,459,Sodiq Yusuff vs. Suman Mokhtarian,http://ufcstats.com/fight-details/0ac4f0c1b4d021f6
4901,459,Jimmy Crute vs. Paul Craig,http://ufcstats.com/fight-details/29f40d82bd128c65
4900,459,Aleksei Kunchenko vs. Yushin Okami,http://ufcstats.com/fight-details/73a299d44d2ef5cd
4899,459,Wilson Reis vs. Ben Nguyen,http://ufcstats.com/fight-details/fa9ec0b8c4b3a84a
4898,459,Keita Nakamura vs. Salim Touahri,http://ufcstats.com/fight-details/94dcbc64641cbb6e
4897,459,Kai Kara-France vs. Elias Garcia,http://ufcstats.com/fight-details/c65f4b4c0338d0c1
4896,459,Christos Giagos vs. Mizuto Hirota,http://ufcstats.com/fight-details/69279781a89c893e
4895,459,Damir Ismagulov vs. Alex Gorgees,http://ufcstats.com/fight-details/44c60f91b4f7b23d
4894,458,Kamaru Usman vs. Rafael Dos Anjos,http://ufcstats.com/fight-details/0d077813b6164fe1
4893,458,Juan Espino vs. Justin Frazier,http://ufcstats.com/fight-details/cc73c73e6e3412d4
4892,458,Macy Chiasson vs. Pannie Kianzad,http://ufcstats.com/fight-details/d99b2abf50e9a03e
4891,458,Pedro Munhoz vs. Bryan Caraway,http://ufcstats.com/fight-details/aa7d691fc6385acb
4890,458,Edmen Shahbazyan vs. Darren Stewart,http://ufcstats.com/fight-details/5b2835ac76f05993
4889,458,Antonina Shevchenko vs. Ji Yeon Kim,http://ufcstats.com/fight-details/c2fd3d874f558408
4888,458,Kevin Aguilar vs. Ricky Glenn,http://ufcstats.com/fight-details/4e6bbc5832e55f64
4887,458,Joseph Benavidez vs. Alex Perez,http://ufcstats.com/fight-details/1785c7fb722d3007
4886,458,Maurice Greene vs. Michel Batista,http://ufcstats.com/fight-details/86046081e767437e
4885,458,Leah Letson vs. Julija Stoliarenko,http://ufcstats.com/fight-details/6abf4f61a1e11d34
4884,458,Roosevelt Roberts vs. Darrell Horcher,http://ufcstats.com/fight-details/d2ef04d5f384c05a
4883,458,Tim Means vs. Ricky Rainey,http://ufcstats.com/fight-details/c7df07266a9597d9
4882,458,Raoni Barcelos vs. Chris Gutierrez,http://ufcstats.com/fight-details/e3f31cdd33b4ca92
4881,457,Francis Ngannou vs. Curtis Blaydes,http://ufcstats.com/fight-details/12e12307414dafc6
4880,457,Alistair Overeem vs. Sergei Pavlovich,http://ufcstats.com/fight-details/1c43b38c1f4bdbe2
4879,457,Song Yadong vs. Vince Morales,http://ufcstats.com/fight-details/d755a29a49c9ee09
4878,457,Li Jingliang vs. David Zawada,http://ufcstats.com/fight-details/21992c366d3b4602
4877,457,Alex Morono vs. Song Kenan,http://ufcstats.com/fight-details/9e1853861f58191f
4876,457,Wu Yanan vs. Lauren Mueller,http://ufcstats.com/fight-details/d1a93a55c8063ff3
4875,457,Rashad Coulter vs. Hu Yaozong,http://ufcstats.com/fight-details/438fbdd4cf27e324
4874,457,Zhang Weili vs. Jessica Aguilar,http://ufcstats.com/fight-details/a932059e61f4c25e
4873,457,Pingyuan Liu vs. Martin Day,http://ufcstats.com/fight-details/43af7c5772e8198f
4872,457,Yan Xiaonan vs. Syuri Kondo,http://ufcstats.com/fight-details/e8093d77f566fe51
4871,457,Kevin Holland vs. John Phillips,http://ufcstats.com/fight-details/02731f017c838ad4
4870,457,Louis Smolka vs. Sumudaerji,http://ufcstats.com/fight-details/8c109a0c53ed9618
4869,456,Santiago Ponzinibbio vs. Neil Magny,http://ufcstats.com/fight-details/7e695ad026b2ec66
4868,456,Ricardo Lamas vs. Darren Elkins,http://ufcstats.com/fight-details/f9ab603b763998f7
4867,456,Johnny Walker vs. Khalil Rountree Jr.,http://ufcstats.com/fight-details/51ce499611a5df68
4866,456,Ian Heinisch vs. Cezar Ferreira,http://ufcstats.com/fight-details/3bde8910fabf0dd3
4865,456,Marlon Vera vs. Guido Cannetti,http://ufcstats.com/fight-details/b9a3b520e68f8142
4864,456,Cynthia Calvillo vs. Poliana Botelho,http://ufcstats.com/fight-details/99bfad1679112591
4863,456,Michel Prazeres vs. Bartosz Fabinski,http://ufcstats.com/fight-details/410aca28fda60f76
4862,456,Alexandre Pantoja vs. Yuta Sasaki,http://ufcstats.com/fight-details/961f434fe238f40e
4861,456,Austin Arnett vs. Humberto Bandenay,http://ufcstats.com/fight-details/85f85003fadf7a7b
4860,456,Laureano Staropoli vs. Hector Aldana,http://ufcstats.com/fight-details/629c0eb319e01374
4859,456,Jesus Pinedo vs. Devin Powell,http://ufcstats.com/fight-details/9cd172df74575fd4
4858,456,Nad Narimani vs. Anderson Dos Santos,http://ufcstats.com/fight-details/c7bc8750e9503805
4857,455,Yair Rodriguez vs. Chan Sung Jung,http://ufcstats.com/fight-details/0ccd16201ac41ef8
4856,455,Donald Cerrone vs. Mike Perry,http://ufcstats.com/fight-details/46cfd4aaa02ce202
4855,455,Germaine de Randamie vs. Raquel Pennington,http://ufcstats.com/fight-details/0a667143584a2d96
4854,455,Beneil Dariush vs. Thiago Moises,http://ufcstats.com/fight-details/14cf0828d6e373ab
4853,455,Maycee Barber vs. Hannah Cifers,http://ufcstats.com/fight-details/17f69a241aa952fd
4852,455,Michael Trizano vs. Luis Pena,http://ufcstats.com/fight-details/2c84f2cb1bb23ab8
4851,455,Ashley Yoder vs. Amanda Cooper,http://ufcstats.com/fight-details/bd5efa4b53dc1642
4850,455,Chas Skelly vs. Bobby Moffett,http://ufcstats.com/fight-details/04d37c1c206c0efd
4849,455,Davi Ramos vs. John Gunther,http://ufcstats.com/fight-details/933cf2674503c63d
4848,455,Devonte Smith vs. Julian Erosa,http://ufcstats.com/fight-details/79fb77a0b0294aec
4847,455,Eric Shelton vs. Joseph Morales,http://ufcstats.com/fight-details/3210723fbb018fa7
4846,455,Mark De La Rosa vs. Joby Sanchez,http://ufcstats.com/fight-details/38abefbf24624a35
4845,454,Daniel Cormier vs. Derrick Lewis,http://ufcstats.com/fight-details/e9700d51ec2b940b
4844,454,Jacare Souza vs. Chris Weidman,http://ufcstats.com/fight-details/c037cdc1de53de8e
4843,454,Jared Cannonier vs. David Branch,http://ufcstats.com/fight-details/b4ec3e067604f90a
4842,454,Karl Roberson vs. Jack Marshman,http://ufcstats.com/fight-details/7aede55e4e47c698
4841,454,Israel Adesanya vs. Derek Brunson,http://ufcstats.com/fight-details/e4e1d12441b90866
4840,454,Jordan Rinaldi vs. Jason Knight,http://ufcstats.com/fight-details/78bb2b441917848c
4839,454,Sijara Eubanks vs. Roxanne Modafferi,http://ufcstats.com/fight-details/752f19e9c201ea57
4838,454,Sheymon Moraes vs. Julio Arce,http://ufcstats.com/fight-details/41be95916aef568f
4837,454,Lyman Good vs. Ben Saunders,http://ufcstats.com/fight-details/b8b2cdf962cc65a0
4836,454,Matt Frevola vs. Lando Vannata,http://ufcstats.com/fight-details/df9aa51f6ccdfe02
4835,454,Shane Burgos vs. Kurt Holobaugh,http://ufcstats.com/fight-details/3729ff914eaede07
4834,454,Marcos Rogerio de Lima vs. Adam Wieczorek,http://ufcstats.com/fight-details/33116969380185a9
4833,453,Anthony Smith vs. Volkan Oezdemir,http://ufcstats.com/fight-details/96b59d89ecac66d0
4832,453,Michael Johnson vs. Artem Lobov,http://ufcstats.com/fight-details/e202f273220aa533
4831,453,Misha Cirkunov vs. Patrick Cummins,http://ufcstats.com/fight-details/a9a770bac1261af9
4830,453,Andre Soukhamthath vs. Jonathan Martinez,http://ufcstats.com/fight-details/e1eeb61d0669ce45
4829,453,Gian Villante vs. Ed Herman,http://ufcstats.com/fight-details/53d6e37063f9c404
4828,453,Court McGee vs. Alex Garcia,http://ufcstats.com/fight-details/8a08b8043f83d245
4827,453,Sean Strickland vs. Nordine Taleb,http://ufcstats.com/fight-details/6fd7f6f1deaef4e8
4826,453,Nasrat Haqparast vs. Thibault Gouti,http://ufcstats.com/fight-details/3d7ea6012fd8f786
4825,453,Calvin Kattar vs. Chris Fishgold,http://ufcstats.com/fight-details/bd0622b184ab4f28
4824,453,Talita Bernardo vs. Sarah Moras,http://ufcstats.com/fight-details/8dcfa933877e3a0b
4823,453,Don Madge vs. Te Edwards,http://ufcstats.com/fight-details/9d204f44a9988b93
4822,453,Arjan Bhullar vs. Marcelo Golm,http://ufcstats.com/fight-details/4f42acd810ed5173
4821,453,Stevie Ray vs. Jessin Ayari,http://ufcstats.com/fight-details/53bb7c4a606d60c0
4820,452,Khabib Nurmagomedov vs. Conor McGregor,http://ufcstats.com/fight-details/3eea92e7f26fb05b
4819,452,Tony Ferguson vs. Anthony Pettis,http://ufcstats.com/fight-details/8f6dda53ea3b09c7
4818,452,Dominick Reyes vs. Ovince Saint Preux,http://ufcstats.com/fight-details/3c5442bb62ca1505
4817,452,Derrick Lewis vs. Alexander Volkov,http://ufcstats.com/fight-details/397ace87deeb8697
4816,452,Michelle Waterson-Gomez vs. Felice Herrig,http://ufcstats.com/fight-details/adee1fc200ed1a12
4815,452,Jussier Formiga vs. Sergio Pettis,http://ufcstats.com/fight-details/8f5482992dad74d2
4814,452,Vicente Luque vs. Jalin Turner,http://ufcstats.com/fight-details/48ea8a30f7b88cfc
4813,452,Aspen Ladd vs. Tonya Evinger,http://ufcstats.com/fight-details/e2e524bb5392a3ea
4812,452,Scott Holtzman vs. Alan Patrick,http://ufcstats.com/fight-details/c835ccffa472970e
4811,452,Yana Santos vs. Lina Lansberg,http://ufcstats.com/fight-details/21be9181725ab599
4810,452,Nik Lentz vs. Gray Maynard,http://ufcstats.com/fight-details/9bc042a700d9a531
4809,452,Anthony Rocco Martin vs. Ryan LaFlare,http://ufcstats.com/fight-details/68ba4aca75b02496
4808,451,Thiago Santos vs. Eryk Anders,http://ufcstats.com/fight-details/7cdda45e7d52bf40
4807,451,Alex Oliveira vs. Carlo Pedersoli Jr.,http://ufcstats.com/fight-details/a409a5381f082e8f
4806,451,Rogerio Nogueira vs. Sam Alvey,http://ufcstats.com/fight-details/1669773acd404217
4805,451,Andre Ewell vs. Renan Barao,http://ufcstats.com/fight-details/f4187c30c311eb93
4804,451,Randa Markos vs. Marina Rodriguez,http://ufcstats.com/fight-details/a7492cbfb9b5d4a3
4803,451,Charles Oliveira vs. Christos Giagos,http://ufcstats.com/fight-details/ba766bd03090dab9
4802,451,Francisco Trinaldo vs. Evan Dunham,http://ufcstats.com/fight-details/3d9398386c84109b
4801,451,Ryan Spann vs. Luis Henrique,http://ufcstats.com/fight-details/30eaf1650bc359b3
4800,451,Augusto Sakai vs. Chase Sherman,http://ufcstats.com/fight-details/d7c7b312279104d2
4799,451,Sergio Moraes vs. Ben Saunders,http://ufcstats.com/fight-details/b509c337d181c567
4798,451,Mayra Bueno Silva vs. Gillian Robertson,http://ufcstats.com/fight-details/0c618cd41b88c558
4797,451,Thales Leites vs. Hector Lombard,http://ufcstats.com/fight-details/c5479f20e4db357d
4796,451,Elizeu Zaleski dos Santos vs. Luigi Vendramini,http://ufcstats.com/fight-details/1c6d3ef6beb9966e
4795,451,Livinha Souza vs. Alex Chambers,http://ufcstats.com/fight-details/37ff18106c6e38fc
4794,450,Aleksei Oleinik vs. Mark Hunt,http://ufcstats.com/fight-details/eebb4dde70a67369
4793,450,Jan Blachowicz vs. Nikita Krylov,http://ufcstats.com/fight-details/880f2bb0a639a5a0
4792,450,Shamil Abdurakhimov vs. Andrei Arlovski,http://ufcstats.com/fight-details/a7e8416f0d57c8e0
4791,450,Aleksei Kunchenko vs. Thiago Alves,http://ufcstats.com/fight-details/dd0a3aedba5cee87
4790,450,Khalid Murtazaliev vs. CB Dollaway,http://ufcstats.com/fight-details/d40f865aa6be9cd0
4789,450,Petr Yan vs. Jin Soo Son,http://ufcstats.com/fight-details/c76fd2ddcbc4713d
4788,450,Rustam Khabilov vs. Kajan Johnson,http://ufcstats.com/fight-details/ba33d0868b25483b
4787,450,Mairbek Taisumov vs. Desmond Green,http://ufcstats.com/fight-details/f56c6646b54c0662
4786,450,Magomed Ankalaev vs. Marcin Prachnio,http://ufcstats.com/fight-details/1687e2cd061b7aec
4785,450,Jordan Johnson vs. Adam Yandiev,http://ufcstats.com/fight-details/ed72edc2ce0f3c5f
4784,450,Ramazan Emeev vs. Stefan Sekulic,http://ufcstats.com/fight-details/67f559403a6ec7cb
4783,450,Merab Dvalishvili vs. Terrion Ware,http://ufcstats.com/fight-details/6455d9c54d99b851
4782,449,Tyron Woodley vs. Darren Till,http://ufcstats.com/fight-details/b66ac52bfb217761
4781,449,Jessica Andrade vs. Karolina Kowalkiewicz,http://ufcstats.com/fight-details/dbf786f9808c6a08
4780,449,Zabit Magomedsharipov vs. Brandon Davis,http://ufcstats.com/fight-details/b2625001e0b89369
4779,449,Jimmie Rivera vs. John Dodson,http://ufcstats.com/fight-details/82342dc6be82778b
4778,449,Abdul Razak Alhassan vs. Niko Price,http://ufcstats.com/fight-details/f3bebb48771a414a
4777,449,Tatiana Suarez vs. Carla Esparza,http://ufcstats.com/fight-details/fd61e6146f3b2942
4776,449,Aljamain Sterling vs. Cody Stamann,http://ufcstats.com/fight-details/e65ffb177a2c7669
4775,449,Geoff Neal vs. Frank Camacho,http://ufcstats.com/fight-details/6caf9ebf42ddae2e
4774,449,Darren Stewart vs. Charles Byrd,http://ufcstats.com/fight-details/7658965c2a700b39
4773,449,Diego Sanchez vs. Craig White,http://ufcstats.com/fight-details/294a9e9780afa789
4772,449,Jim Miller vs. Alex White,http://ufcstats.com/fight-details/e40a5bd62ce710ac
4771,449,Irene Aldana vs. Lucie Pudilova,http://ufcstats.com/fight-details/a65909d4083c2088
4770,449,Jarred Brooks vs. Robert Sanchez,http://ufcstats.com/fight-details/9399c772adc7bcab
4769,448,Justin Gaethje vs. James Vick,http://ufcstats.com/fight-details/d6f6ac29008509db
4768,448,Michael Johnson vs. Andre Fili,http://ufcstats.com/fight-details/48a9d2a3967d13a4
4767,448,Cortney Casey vs. Angela Hill,http://ufcstats.com/fight-details/f20e742e6b0c0b3b
4766,448,Bryan Barberena vs. Jake Ellenberger,http://ufcstats.com/fight-details/aa91cb7567d6c48a
4765,448,Deiveson Figueiredo vs. John Moraga,http://ufcstats.com/fight-details/7fe1486a2c33bf91
4764,448,Eryk Anders vs. Tim Williams,http://ufcstats.com/fight-details/3b701c0a0525341b
4763,448,James Krause vs. Warlley Alves,http://ufcstats.com/fight-details/62fecd327391557e
4762,448,Cory Sandhagen vs. Iuri Alcantara,http://ufcstats.com/fight-details/3e0090669d51415f
4761,448,Andrew Sanchez vs. Markus Perez,http://ufcstats.com/fight-details/5e3779f7c1c39679
4760,448,Mickey Gall vs. George Sullivan,http://ufcstats.com/fight-details/67e1ec8ee2db3423
4759,448,Joanne Wood vs. Kalindra Faria,http://ufcstats.com/fight-details/9115354413739aa8
4758,448,Drew Dober vs. Jon Tuck,http://ufcstats.com/fight-details/047d6739aa1d5c1e
4757,448,Rani Yahya vs. Luke Sanders,http://ufcstats.com/fight-details/5362ea7c63432cf9
4756,447,TJ Dillashaw vs. Cody Garbrandt,http://ufcstats.com/fight-details/de32c5a78aaf89e9
4755,447,Henry Cejudo vs. Demetrious Johnson,http://ufcstats.com/fight-details/f2ca358ea9bec156
4754,447,Renato Moicano vs. Cub Swanson,http://ufcstats.com/fight-details/520f6379fefd8fda
4753,447,JJ Aldrich vs. Polyana Viana,http://ufcstats.com/fight-details/d2f6b87189908088
4752,447,Thiago Santos vs. Kevin Holland,http://ufcstats.com/fight-details/3b03f8d3a55f3cb2
4751,447,Pedro Munhoz vs. Brett Johns,http://ufcstats.com/fight-details/c8a9d3917d77ede2
4750,447,Ricky Simon vs. Montel Jackson,http://ufcstats.com/fight-details/e57a78a422439774
4749,447,Ricardo Ramos vs. Kyung Ho Kang,http://ufcstats.com/fight-details/65223fa6055df489
4748,447,Sheymon Moraes vs. Matt Sayles,http://ufcstats.com/fight-details/e85e83ab4e60e768
4747,447,Alex Perez vs. Jose Torres,http://ufcstats.com/fight-details/866729ea2ceddb25
4746,447,Zhang Weili vs. Danielle Taylor,http://ufcstats.com/fight-details/5d8a1daadda47ace
4745,447,Marlon Vera vs. Wulijiburen,http://ufcstats.com/fight-details/8e971c1ec4b981cc
4744,446,Dustin Poirier vs. Eddie Alvarez,http://ufcstats.com/fight-details/bd1fc4ff619f4e61
4743,446,Jose Aldo vs. Jeremy Stephens,http://ufcstats.com/fight-details/6b47093b62155478
4742,446,Joanna Jedrzejczyk vs. Tecia Pennington,http://ufcstats.com/fight-details/0b2ae6c368369d1b
4741,446,Alexander Hernandez vs. Olivier Aubin-Mercier,http://ufcstats.com/fight-details/ef2c7bfced561374
4740,446,Jordan Mein vs. Alex Morono,http://ufcstats.com/fight-details/77be83973766e104
4739,446,Hakeem Dawodu vs. Austin Arnett,http://ufcstats.com/fight-details/11c851a73ffb55ba
4738,446,Islam Makhachev vs. Kajan Johnson,http://ufcstats.com/fight-details/e54c16d867875738
4737,446,Ion Cutelaba vs. Gadzhimurad Antigulov,http://ufcstats.com/fight-details/95f37dc43e808ebf
4736,446,John Makdessi vs. Ross Pearson,http://ufcstats.com/fight-details/3249bbbb7ce837ef
4735,446,Katlyn Cerminara vs. Alexis Davis,http://ufcstats.com/fight-details/c4253cb471013765
4734,446,Dustin Ortiz vs. Matheus Nicolau,http://ufcstats.com/fight-details/09ab925c4cfe0cc5
4733,446,Nina Nunes vs. Randa Markos,http://ufcstats.com/fight-details/d441715577c5934c
4732,446,Devin Powell vs. Alvaro Herrera Mendoza,http://ufcstats.com/fight-details/62f564662f33692d
4731,445,Anthony Smith vs. Mauricio Rua,http://ufcstats.com/fight-details/62389e8fb68f93a4
4730,445,Corey Anderson vs. Glover Teixeira,http://ufcstats.com/fight-details/e0e19f79019d63d2
4729,445,Abu Azaitar vs. Vitor Miranda,http://ufcstats.com/fight-details/20bbf7e139c73e8d
4728,445,Marcin Tybura vs. Stefan Struve,http://ufcstats.com/fight-details/8784ae31153178cd
4727,445,Danny Roberts vs. David Zawada,http://ufcstats.com/fight-details/23e03d226eb7af80
4726,445,Nasrat Haqparast vs. Marc Diakiese,http://ufcstats.com/fight-details/4f16ef3e707447a0
4725,445,Damir Hadzovic vs. Nick Hein,http://ufcstats.com/fight-details/3ce7f58911773a56
4724,445,Bartosz Fabinski vs. Emil Meek,http://ufcstats.com/fight-details/e8190df7465ba2df
4723,445,Nad Narimani vs. Khalid Taha,http://ufcstats.com/fight-details/b71192c8fe23078c
4722,445,Aleksandar Rakic vs. Justin Ledet,http://ufcstats.com/fight-details/afb0d61f22e85d90
4721,445,Manny Bermudez vs. Davey Grant,http://ufcstats.com/fight-details/110a49a43aafe044
4720,445,Darko Stosic vs. Jeremy Kimball,http://ufcstats.com/fight-details/981ed463bf5d91a8
4719,445,Pingyuan Liu vs. Damian Stasiak,http://ufcstats.com/fight-details/43af04881587abbc
4718,444,Junior Dos Santos vs. Blagoy Ivanov,http://ufcstats.com/fight-details/35ebaf80f8730b14
4717,444,Sage Northcutt vs. Zak Ottow,http://ufcstats.com/fight-details/543de77637ad2a20
4716,444,Ricky Glenn vs. Dennis Bermudez,http://ufcstats.com/fight-details/786296db3c4749f1
4715,444,Niko Price vs. Randy Brown,http://ufcstats.com/fight-details/a3dd2249d046cf9d
4714,444,Chad Mendes vs. Myles Jury,http://ufcstats.com/fight-details/c3939438ae7934df
4713,444,Cat Zingano vs. Marion Reneau,http://ufcstats.com/fight-details/691c0d2f30e4de5a
4712,444,Alejandro Perez vs. Eddie Wineland,http://ufcstats.com/fight-details/b25eacaca1499e30
4711,444,Alexander Volkanovski vs. Darren Elkins,http://ufcstats.com/fight-details/67018331e90a9949
4710,444,Said Nurmagomedov vs. Justin Scoggins,http://ufcstats.com/fight-details/48d21357134ca51a
4709,444,Raoni Barcelos vs. Kurt Holobaugh,http://ufcstats.com/fight-details/66ba984cc547e31a
4708,444,Liz Carmouche vs. Jennifer Maia,http://ufcstats.com/fight-details/cda0d9b5ce9b9c12
4707,444,Mark De La Rosa vs. Elias Garcia,http://ufcstats.com/fight-details/c1677875a80c2584
4706,444,Jessica Aguilar vs. Jodie Esquibel,http://ufcstats.com/fight-details/7fe2b6a9fc4748fa
4705,443,Daniel Cormier vs. Stipe Miocic,http://ufcstats.com/fight-details/fccedc456048216b
4704,443,Derrick Lewis vs. Francis Ngannou,http://ufcstats.com/fight-details/9bd9a8127b55fbf7
4703,443,Mike Perry vs. Paul Felder,http://ufcstats.com/fight-details/7a3947a0e7bc3558
4702,443,Anthony Pettis vs. Michael Chiesa,http://ufcstats.com/fight-details/d3f26e0fbf694375
4701,443,Khalil Rountree Jr. vs. Gokhan Saki,http://ufcstats.com/fight-details/55bd050afe169b34
4700,443,Paulo Costa vs. Uriah Hall,http://ufcstats.com/fight-details/c9e4aa12aaa7309e
4699,443,Raphael Assuncao vs. Rob Font,http://ufcstats.com/fight-details/148c26038e80465b
4698,443,Drakkar Klose vs. Lando Vannata,http://ufcstats.com/fight-details/2817a6f9e09eb15f
4697,443,Curtis Millender vs. Max Griffin,http://ufcstats.com/fight-details/9589b41c4637b057
4696,443,Dan Hooker vs. Gilbert Burns,http://ufcstats.com/fight-details/bd97a96ac8203457
4695,443,Emily Whitmire vs. Jamie Moyle,http://ufcstats.com/fight-details/c931097a857ed60c
4694,442,Israel Adesanya vs. Brad Tavares,http://ufcstats.com/fight-details/247f9e56965a1c07
4693,442,Michael Trizano vs. Joe Giannetti,http://ufcstats.com/fight-details/1d8e2e8e3bd28cad
4692,442,Brad Katona vs. Jay Cucciniello,http://ufcstats.com/fight-details/1901d27ea35ae733
4691,442,Alex Caceres vs. Martin Bravo,http://ufcstats.com/fight-details/674f3fa16e717ff1
4690,442,Roxanne Modafferi vs. Barb Honchak,http://ufcstats.com/fight-details/7c2b219fe208c565
4689,442,Alessio Di Chirico vs. Julian Marquez,http://ufcstats.com/fight-details/760b90b0805e0fbf
4688,442,Montana De La Rosa vs. Rachael Ostovich,http://ufcstats.com/fight-details/b3caae587e956f54
4687,442,Luis Pena vs. Richie Smullen,http://ufcstats.com/fight-details/4caa0dcdaa253612
4686,442,John Gunther vs. Allan Zuniga,http://ufcstats.com/fight-details/9fc03704a10977b3
4685,442,Bryce Mitchell vs. Tyler Diamond,http://ufcstats.com/fight-details/ca3963b76a38c408
4684,442,Steven Peterson vs. Matt Bessette,http://ufcstats.com/fight-details/4d549f33c0711a7a
4683,442,Gerald Meerschaert vs. Oskar Piechota,http://ufcstats.com/fight-details/363b72bf7f75091c
4682,441,Leon Edwards vs. Donald Cerrone,http://ufcstats.com/fight-details/28c70663b99560a8
4681,441,Ovince Saint Preux vs. Tyson Pedro,http://ufcstats.com/fight-details/bb4755924dfafaea
4680,441,Jessica Eye vs. Jessica-Rose Clark,http://ufcstats.com/fight-details/2242e7df6f320ea6
4679,441,Li Jingliang vs. Daichi Abe,http://ufcstats.com/fight-details/484c48d3723e72cd
4678,441,Petr Yan vs. Teruto Ishihara,http://ufcstats.com/fight-details/8167bd097a16062f
4677,441,Song Yadong vs. Felipe Arantes,http://ufcstats.com/fight-details/c5c5f678558a0ba2
4676,441,Shane Young vs. Rolando Dy,http://ufcstats.com/fight-details/bb7408d59b7279f7
4675,441,Song Kenan vs. Hector Aldana,http://ufcstats.com/fight-details/b125025990755616
4674,441,Jake Matthews vs. Shinsho Anzai,http://ufcstats.com/fight-details/ab6cd718c5459eeb
4673,441,Yan Xiaonan vs. Viviane Pereira,http://ufcstats.com/fight-details/d80b0bea0e260b95
4672,441,Matt Schnell vs. Naoki Inoue,http://ufcstats.com/fight-details/d5176b45df32f67e
4671,441,Yuta Sasaki vs. Jenel Lausa,http://ufcstats.com/fight-details/26582aa0b79d2f20
4670,441,Ji Yeon Kim vs. Melinda Fabian,http://ufcstats.com/fight-details/3d12c63c47828937
4669,440,Robert Whittaker vs. Yoel Romero,http://ufcstats.com/fight-details/5a09fd7cb3db9705
4668,440,Colby Covington vs. Rafael Dos Anjos,http://ufcstats.com/fight-details/eb6f80ccaf2a3dbc
4667,440,Holly Holm vs. Megan Anderson,http://ufcstats.com/fight-details/051124b25d576906
4666,440,Tai Tuivasa vs. Andrei Arlovski,http://ufcstats.com/fight-details/319b09306094259b
4665,440,CM Punk vs. Mike Jackson,http://ufcstats.com/fight-details/64756e0f4b305da8
4664,440,Curtis Blaydes vs. Alistair Overeem,http://ufcstats.com/fight-details/7fd0f7b3866b2c75
4663,440,Claudia Gadelha vs. Carla Esparza,http://ufcstats.com/fight-details/c3425412e4f2f486
4662,440,Mirsad Bektic vs. Ricardo Lamas,http://ufcstats.com/fight-details/32990cbf8976d94b
4661,440,Chris de la Rocha vs. Rashad Coulter,http://ufcstats.com/fight-details/140e810f952714ea
4660,440,Anthony Smith vs. Rashad Evans,http://ufcstats.com/fight-details/8f9b16f170dbdbb6
4659,440,Sergio Pettis vs. Joseph Benavidez,http://ufcstats.com/fight-details/5e2f2f5d9a756de9
4658,440,Charles Oliveira vs. Clay Guida,http://ufcstats.com/fight-details/e82d734674ce4d46
4657,440,Dan Ige vs. Mike Santiago,http://ufcstats.com/fight-details/d3f5854d16fc31f9
4656,439,Marlon Moraes vs. Jimmie Rivera,http://ufcstats.com/fight-details/69b147aaaafeb47d
4655,439,Gregor Gillespie vs. Vinc Pichel,http://ufcstats.com/fight-details/921a8db065cd8cc5
4654,439,Walt Harris vs. Daniel Spitz,http://ufcstats.com/fight-details/f43f9861e73739c8
4653,439,Ben Saunders vs. Jake Ellenberger,http://ufcstats.com/fight-details/b7c7707ccea492c7
4652,439,Julio Arce vs. Daniel Teymur,http://ufcstats.com/fight-details/9cb4196446f3ce79
4651,439,Sam Alvey vs. Gian Villante,http://ufcstats.com/fight-details/194d73490eb731c6
4650,439,Sijara Eubanks vs. Lauren Murphy,http://ufcstats.com/fight-details/9fb0a4e18ddcd14c
4649,439,David Teymur vs. Nik Lentz,http://ufcstats.com/fight-details/a25633b1494f1360
4648,439,Belal Muhammad vs. Chance Rencountre,http://ufcstats.com/fight-details/026c4a26106cc158
4647,439,Desmond Green vs. Gleison Tibau,http://ufcstats.com/fight-details/19fc916df1f0e6ff
4646,439,Nathaniel Wood vs. Johnny Eduardo,http://ufcstats.com/fight-details/4b155647201d549e
4645,439,Jose Torres vs. Jarred Brooks,http://ufcstats.com/fight-details/7969abc596485189
4644,438,Darren Till vs. Stephen Thompson,http://ufcstats.com/fight-details/cd117bfce747184f
4643,438,Neil Magny vs. Craig White,http://ufcstats.com/fight-details/426ca5caeb857f1e
4642,438,Arnold Allen vs. Mads Burnell,http://ufcstats.com/fight-details/f6efb09c01e4cac6
4641,438,Makwan Amirkhani vs. Jason Knight,http://ufcstats.com/fight-details/52565f62fb3822db
4640,438,Claudio Silva vs. Nordine Taleb,http://ufcstats.com/fight-details/9dcf8ce308eaa050
4639,438,Darren Stewart vs. Eric Spicely,http://ufcstats.com/fight-details/20b5de395c0f1375
4638,438,Tom Breese vs. Daniel Kelly,http://ufcstats.com/fight-details/8b1dc96a00a8e881
4637,438,Lina Lansberg vs. Gina Mazany,http://ufcstats.com/fight-details/b3096e8dd4e90718
4636,438,Carlo Pedersoli Jr. vs. Brad Scott,http://ufcstats.com/fight-details/3e9ddcd30fdc5d85
4635,438,Gillian Robertson vs. Molly McCann,http://ufcstats.com/fight-details/326c3eaa1e9e3dc4
4634,438,Elias Theodorou vs. Trevor Smith,http://ufcstats.com/fight-details/f71d46f804307bd2
4633,437,Kamaru Usman vs. Demian Maia,http://ufcstats.com/fight-details/47f42aa7cf851a29
4632,437,Tatiana Suarez vs. Alexa Grasso,http://ufcstats.com/fight-details/24f2d2dd9fea5d79
4631,437,Dominick Reyes vs. Jared Cannonier,http://ufcstats.com/fight-details/1290d7eb0fefd3f3
4630,437,Guido Cannetti vs. Diego Rivas,http://ufcstats.com/fight-details/db8887f2085f7971
4629,437,Andrea Lee vs. Veronica Hardy,http://ufcstats.com/fight-details/6222cdc86b12d251
4628,437,Vicente Luque vs. Chad Laprise,http://ufcstats.com/fight-details/47c140debc977214
4627,437,Michel Prazeres vs. Zak Cummings,http://ufcstats.com/fight-details/df0d4130944776d9
4626,437,Alexandre Pantoja vs. Brandon Moreno,http://ufcstats.com/fight-details/49b47b5b5f15c7c0
4625,437,Poliana Botelho vs. Syuri Kondo,http://ufcstats.com/fight-details/c571ac76ca45c1cb
4624,437,Gabriel Benitez vs. Humberto Bandenay,http://ufcstats.com/fight-details/79c22394d9c2144d
4623,437,Enrique Barzola vs. Brandon Davis,http://ufcstats.com/fight-details/53febf2fb416f9de
4622,437,Frankie Saenz vs. Henry Briones,http://ufcstats.com/fight-details/e6fdf9e67f84a0e0
4621,437,Claudio Puelles vs. Felipe Silva,http://ufcstats.com/fight-details/866b2c2e354aa27b
4620,436,Amanda Nunes vs. Raquel Pennington,http://ufcstats.com/fight-details/3454f5c7203467aa
4619,436,Kelvin Gastelum vs. Jacare Souza,http://ufcstats.com/fight-details/d86e31793564cd31
4618,436,Mackenzie Dern vs. Amanda Cooper,http://ufcstats.com/fight-details/7ec70261afdecda8
4617,436,John Lineker vs. Brian Kelleher,http://ufcstats.com/fight-details/b152646345037056
4616,436,Lyoto Machida vs. Vitor Belfort,http://ufcstats.com/fight-details/7072a324a82c4297
4615,436,Cezar Ferreira vs. Karl Roberson,http://ufcstats.com/fight-details/c8fdd3f7178fbfa4
4614,436,Aleksei Oleinik vs. Junior Albini,http://ufcstats.com/fight-details/3dcb1a7b081afbe1
4613,436,Davi Ramos vs. Nick Hein,http://ufcstats.com/fight-details/5ea39e0fc3b64e83
4612,436,Elizeu Zaleski dos Santos vs. Sean Strickland,http://ufcstats.com/fight-details/6b325792b8fb1f46
4611,436,Warlley Alves vs. Sultan Aliev,http://ufcstats.com/fight-details/25da6035f591c245
4610,436,Jack Hermansson vs. Thales Leites,http://ufcstats.com/fight-details/014f7dc96c90c199
4609,436,Ramazan Emeev vs. Alberto Mina,http://ufcstats.com/fight-details/53d6a7634c7fc036
4608,436,Markus Perez vs. James Bochnovic,http://ufcstats.com/fight-details/5f1a828f8d4c3b01
4607,435,Kevin Lee vs. Edson Barboza,http://ufcstats.com/fight-details/dbb0ca0198ac514a
4606,435,Frankie Edgar vs. Cub Swanson,http://ufcstats.com/fight-details/6d8ce1abde550bc6
4605,435,Justin Willis vs. Chase Sherman,http://ufcstats.com/fight-details/bef2a2e68fb4dfa8
4604,435,David Branch vs. Thiago Santos,http://ufcstats.com/fight-details/62aab95c866a9c5b
4603,435,Aljamain Sterling vs. Brett Johns,http://ufcstats.com/fight-details/6dd0874dec826397
4602,435,Dan Hooker vs. Jim Miller,http://ufcstats.com/fight-details/0f88658e787815c8
4601,435,Ryan LaFlare vs. Alex Garcia,http://ufcstats.com/fight-details/ef86720364837f68
4600,435,Ricky Simon vs. Merab Dvalishvili,http://ufcstats.com/fight-details/a017d5806eaa6018
4599,435,Siyar Bahadurzada vs. Luan Chagas,http://ufcstats.com/fight-details/dbed6292db8b0212
4598,435,Corey Anderson vs. Patrick Cummins,http://ufcstats.com/fight-details/a22add1024153ddb
4597,435,Anthony Rocco Martin vs. Keita Nakamura,http://ufcstats.com/fight-details/d2b5ce5548b71668
4596,434,Dustin Poirier vs. Justin Gaethje,http://ufcstats.com/fight-details/bfae2fb50efbdb0f
4595,434,Alex Oliveira vs. Carlos Condit,http://ufcstats.com/fight-details/e18a8b333529cc09
4594,434,Israel Adesanya vs. Marvin Vettori,http://ufcstats.com/fight-details/b8b9a8e504d51ba5
4593,434,Michelle Waterson-Gomez vs. Cortney Casey,http://ufcstats.com/fight-details/57d05d28e3fbee4f
4592,434,Antonio Carlos Junior vs. Tim Boetsch,http://ufcstats.com/fight-details/5164f1c4103616fd
4591,434,Muslim Salikhov vs. Ricky Rainey,http://ufcstats.com/fight-details/17c53d93d549cb03
4590,434,John Moraga vs. Wilson Reis,http://ufcstats.com/fight-details/15aee8ad5d9e9d58
4589,434,Brad Tavares vs. Krzysztof Jotko,http://ufcstats.com/fight-details/01c9acf719298187
4588,434,Gilbert Burns vs. Dan Moret,http://ufcstats.com/fight-details/59363451049c929d
4587,434,Lauren Mueller vs. Shana Dobson,http://ufcstats.com/fight-details/85060e6e71ed14e4
4586,434,Yushin Okami vs. Dhiego Lima,http://ufcstats.com/fight-details/418a7100e490e791
4585,434,Adam Wieczorek vs. Arjan Bhullar,http://ufcstats.com/fight-details/47fc0736929125bd
4584,434,Alejandro Perez vs. Matthew Lopez,http://ufcstats.com/fight-details/bd1e01de1f24962b
4583,434,Luke Sanders vs. Patrick Williams,http://ufcstats.com/fight-details/4210f9b11debf1fc
4582,433,Khabib Nurmagomedov vs. Al Iaquinta,http://ufcstats.com/fight-details/eab7b76e177e1903
4581,433,Rose Namajunas vs. Joanna Jedrzejczyk,http://ufcstats.com/fight-details/829b3ee4145a1ae6
4580,433,Renato Moicano vs. Calvin Kattar,http://ufcstats.com/fight-details/95edc0b6438f2592
4579,433,Zabit Magomedsharipov vs. Kyle Bochniak,http://ufcstats.com/fight-details/6c5f7f98ec0b6f17
4578,433,Chris Gruetzemacher vs. Joe Lauzon,http://ufcstats.com/fight-details/bab65d16fa74fc5b
4577,433,Karolina Kowalkiewicz vs. Felice Herrig,http://ufcstats.com/fight-details/5315bd4542b21c4b
4576,433,Olivier Aubin-Mercier vs. Evan Dunham,http://ufcstats.com/fight-details/8803935990adafc1
4575,433,Ashlee Evans-Smith vs. Bec Rawlings,http://ufcstats.com/fight-details/28f7ba820350e3a3
4574,433,Devin Clark vs. Mike Rodriguez,http://ufcstats.com/fight-details/12563423bf15e75d
4573,432,Alexander Volkov vs. Fabricio Werdum,http://ufcstats.com/fight-details/e835e9a4564db497
4572,432,Jan Blachowicz vs. Jimi Manuwa,http://ufcstats.com/fight-details/5f19b0135414b454
4571,432,Tom Duquesnoy vs. Terrion Ware,http://ufcstats.com/fight-details/848e7af760788418
4570,432,Leon Edwards vs. Peter Sobotta,http://ufcstats.com/fight-details/e84fa12d87993ec5
4569,432,Charles Byrd vs. John Phillips,http://ufcstats.com/fight-details/f8ee14dbf966b9e6
4568,432,Danny Roberts vs. Oliver Enkamp,http://ufcstats.com/fight-details/288c942b0ad152a6
4567,432,Danny Henry vs. Hakeem Dawodu,http://ufcstats.com/fight-details/0b4583d204797d19
4566,432,Paul Craig vs. Magomed Ankalaev,http://ufcstats.com/fight-details/714d6fc1eaca9624
4565,432,Kajan Johnson vs. Stevie Ray,http://ufcstats.com/fight-details/fe9ee00fa47dd7b3
4564,432,Dmitry Sosnovskiy vs. Mark Godbeer,http://ufcstats.com/fight-details/2fd0c6d914b77205
4563,431,Cristiane Justino vs. Yana Santos,http://ufcstats.com/fight-details/4960379abe6ed525
4562,431,Brian Ortega vs. Frankie Edgar,http://ufcstats.com/fight-details/2361b51aa72e5551
4561,431,Sean O'Malley vs. Andre Soukhamthath,http://ufcstats.com/fight-details/efe055854f19a1d7
4560,431,Andrei Arlovski vs. Stefan Struve,http://ufcstats.com/fight-details/bfb7d17161aec938
4559,431,Ketlen Vieira vs. Cat Zingano,http://ufcstats.com/fight-details/1f52e665587dc645
4558,431,Mackenzie Dern vs. Ashley Yoder,http://ufcstats.com/fight-details/ead2ca0d2afb46be
4557,431,Alexander Hernandez vs. Beneil Dariush,http://ufcstats.com/fight-details/9e21a8dea9663e26
4556,431,John Dodson vs. Pedro Munhoz,http://ufcstats.com/fight-details/c73b81e7c1c1cccc
4555,431,CB Dollaway vs. Hector Lombard,http://ufcstats.com/fight-details/6c2f05c47f494e15
4554,431,Zak Ottow vs. Mike Pyle,http://ufcstats.com/fight-details/c6c975ca66a7f91a
4553,431,Cody Stamann vs. Bryan Caraway,http://ufcstats.com/fight-details/12a64dfb8147566b
4552,431,Jordan Johnson vs. Adam Milstead,http://ufcstats.com/fight-details/84f236d6c57d7cfb
4551,430,Jeremy Stephens vs. Josh Emmett,http://ufcstats.com/fight-details/519dcb290e6db845
4550,430,Jessica Andrade vs. Tecia Pennington,http://ufcstats.com/fight-details/4d9d371b8db6fb91
4549,430,Ilir Latifi vs. Ovince Saint Preux,http://ufcstats.com/fight-details/9c79433a4686f3fc
4548,430,Max Griffin vs. Mike Perry,http://ufcstats.com/fight-details/424a20da52b4f956
4547,430,Brian Kelleher vs. Renan Barao,http://ufcstats.com/fight-details/e22a887ce4ab30eb
4546,430,Marion Reneau vs. Sara McMann,http://ufcstats.com/fight-details/3cf4582b48302bb6
4545,430,Angela Hill vs. Maryna Moroz,http://ufcstats.com/fight-details/037c68d03c970609
4544,430,Alan Jouban vs. Ben Saunders,http://ufcstats.com/fight-details/093ebd3375591101
4543,430,Sam Alvey vs. Marcin Prachnio,http://ufcstats.com/fight-details/04970dfa4d531e39
4542,430,Rani Yahya vs. Russell Doane,http://ufcstats.com/fight-details/bf8f747e57d6d1c7
4541,430,Alex Perez vs. Eric Shelton,http://ufcstats.com/fight-details/0f2611c3ec4661dd
4540,430,Manny Bermudez vs. Albert Morales,http://ufcstats.com/fight-details/0328754c15ecd37c
4539,429,Donald Cerrone vs. Yancy Medeiros,http://ufcstats.com/fight-details/8f7a73d05387b159
4538,429,Derrick Lewis vs. Marcin Tybura,http://ufcstats.com/fight-details/f73dfeb48b09e6a6
4537,429,James Vick vs. Francisco Trinaldo,http://ufcstats.com/fight-details/6ae96d1de3bb0506
4536,429,Curtis Millender vs. Thiago Alves,http://ufcstats.com/fight-details/357a5bc5de4f545d
4535,429,Brandon Davis vs. Steven Peterson,http://ufcstats.com/fight-details/a8d189f56de9b451
4534,429,Sage Northcutt vs. Thibault Gouti,http://ufcstats.com/fight-details/aeac1209f15157ed
4533,429,Diego Ferreira vs. Jared Gordon,http://ufcstats.com/fight-details/07f234a488661125
4532,429,Geoff Neal vs. Brian Camozzi,http://ufcstats.com/fight-details/4335683beee93652
4531,429,Robert Sanchez vs. Joby Sanchez,http://ufcstats.com/fight-details/6f981a44898fb4ff
4530,429,Lucie Pudilova vs. Sarah Moras,http://ufcstats.com/fight-details/0bfb221a0944f8e0
4529,429,Alex Morono vs. Joshua Burkman,http://ufcstats.com/fight-details/5edd1cd479f3919e
4528,429,Oskar Piechota vs. Tim Williams,http://ufcstats.com/fight-details/d07dd6239afe1cb0
4527,428,Yoel Romero vs. Luke Rockhold,http://ufcstats.com/fight-details/9444cfe0c7c0f6a7
4526,428,Curtis Blaydes vs. Mark Hunt,http://ufcstats.com/fight-details/cd67f6ddb2920193
4525,428,Tai Tuivasa vs. Cyril Asker,http://ufcstats.com/fight-details/3112430100d2d0be
4524,428,Jake Matthews vs. Li Jingliang,http://ufcstats.com/fight-details/0d7dc1ed5eb995e4
4523,428,Tyson Pedro vs. Saparbeg Safarov,http://ufcstats.com/fight-details/b6e086dd8093355d
4522,428,Dong Hyun Ma vs. Damien Brown,http://ufcstats.com/fight-details/6cb9bc7c86ae43b9
4521,428,Israel Adesanya vs. Rob Wilkinson,http://ufcstats.com/fight-details/1cd5d5e271b646a3
4520,428,Alexander Volkanovski vs. Jeremy Kennedy,http://ufcstats.com/fight-details/f3a60ca18747aeac
4519,428,Jussier Formiga vs. Ben Nguyen,http://ufcstats.com/fight-details/f8fce67abe0ab922
4518,428,Ross Pearson vs. Mizuto Hirota,http://ufcstats.com/fight-details/e8f2902be7b350ad
4517,428,Jose Quinonez vs. Teruto Ishihara,http://ufcstats.com/fight-details/58286d3126cc5263
4516,428,Luke Jumeau vs. Daichi Abe,http://ufcstats.com/fight-details/194d3950076b2f83
4515,427,Lyoto Machida vs. Eryk Anders,http://ufcstats.com/fight-details/420dd305cd1d062f
4514,427,Valentina Shevchenko vs. Priscila Cachoeira,http://ufcstats.com/fight-details/10f5bb70feb1df53
4513,427,Michel Prazeres vs. Desmond Green,http://ufcstats.com/fight-details/ee1c1e9037fee21e
4512,427,Timothy Johnson vs. Marcelo Golm,http://ufcstats.com/fight-details/0da43c3ec0e11650
4511,427,Douglas Silva de Andrade vs. Marlon Vera,http://ufcstats.com/fight-details/a0ec4eac058e6050
4510,427,Thiago Santos vs. Anthony Smith,http://ufcstats.com/fight-details/bc767f1eb6176dfb
4509,427,Sergio Moraes vs. Tim Means,http://ufcstats.com/fight-details/eb0f7127f22457e9
4508,427,Alan Patrick vs. Damir Hadzovic,http://ufcstats.com/fight-details/59b384dcc3ab49b2
4507,427,Polyana Viana vs. Maia Stevenson,http://ufcstats.com/fight-details/7bfb92f7ea59dbbd
4506,427,Iuri Alcantara vs. Joe Soto,http://ufcstats.com/fight-details/fa77134e0d90da3b
4505,427,Deiveson Figueiredo vs. Joseph Morales,http://ufcstats.com/fight-details/1fd5bf36c42ff1a2
4504,426,Jacare Souza vs. Derek Brunson,http://ufcstats.com/fight-details/3a94bf34e62ae5fd
4503,426,Andre Fili vs. Dennis Bermudez,http://ufcstats.com/fight-details/27901ef9e82d5690
4502,426,Gregor Gillespie vs. Jordan Rinaldi,http://ufcstats.com/fight-details/d571486369996a39
4501,426,Drew Dober vs. Frank Camacho,http://ufcstats.com/fight-details/f23e2bed86b62462
4500,426,King Green vs. Erik Koch,http://ufcstats.com/fight-details/04a1c5b7993fe4d5
4499,426,Mirsad Bektic vs. Godofredo Pepey,http://ufcstats.com/fight-details/b8648b32caf36c5a
4498,426,Katlyn Cerminara vs. Mara Romero Borella,http://ufcstats.com/fight-details/c5f0c83e303d80bf
4497,426,Randa Markos vs. Juliana Lima,http://ufcstats.com/fight-details/5a096f2acb44c776
4496,426,Ji Yeon Kim vs. Justine Kish,http://ufcstats.com/fight-details/6e65bec924996b5a
4495,426,Vinc Pichel vs. Joaquim Silva,http://ufcstats.com/fight-details/ce4314886c57718b
4494,426,Niko Price vs. George Sullivan,http://ufcstats.com/fight-details/4fcbee643660d679
4493,426,Cory Sandhagen vs. Austin Arnett,http://ufcstats.com/fight-details/fa7cde1e2d3ae338
4492,425,Stipe Miocic vs. Francis Ngannou,http://ufcstats.com/fight-details/8238f9d2fd961757
4491,425,Daniel Cormier vs. Volkan Oezdemir,http://ufcstats.com/fight-details/9f96d11017f9c824
4490,425,Calvin Kattar vs. Shane Burgos,http://ufcstats.com/fight-details/5f617d6c19d3a281
4489,425,Gian Villante vs. Francimar Barroso,http://ufcstats.com/fight-details/5cf56c22cbc24758
4488,425,Rob Font vs. Thomas Almeida,http://ufcstats.com/fight-details/889207e3c622a5aa
4487,425,Kyle Bochniak vs. Brandon Davis,http://ufcstats.com/fight-details/ea66be2688f542be
4486,425,Abdul Razak Alhassan vs. Sabah Homasi,http://ufcstats.com/fight-details/f91709b071e8295a
4485,425,Dustin Ortiz vs. Alexandre Pantoja,http://ufcstats.com/fight-details/0990ac7065412e76
4484,425,Julio Arce vs. Dan Ige,http://ufcstats.com/fight-details/50385add37239184
4483,425,Enrique Barzola vs. Matt Bessette,http://ufcstats.com/fight-details/1b0fa021b1158121
4482,425,Islam Makhachev vs. Gleison Tibau,http://ufcstats.com/fight-details/b9726184624ac076
4481,424,Jeremy Stephens vs. Dooho Choi,http://ufcstats.com/fight-details/51e684bfce8d94aa
4480,424,Jessica-Rose Clark vs. Paige VanZant,http://ufcstats.com/fight-details/0820a29a03d58282
4479,424,Kamaru Usman vs. Emil Meek,http://ufcstats.com/fight-details/f767243bb48ab9d7
4478,424,Darren Elkins vs. Michael Johnson,http://ufcstats.com/fight-details/d85c76a61a820be9
4477,424,James Krause vs. Alex White,http://ufcstats.com/fight-details/3b1453df439a5024
4476,424,Marco Polo Reyes vs. Matt Frevola,http://ufcstats.com/fight-details/4843f369dc8b5de5
4475,424,Irene Aldana vs. Talita Bernardo,http://ufcstats.com/fight-details/738e0ccad2c9224b
4474,424,Kyung Ho Kang vs. Guido Cannetti,http://ufcstats.com/fight-details/1bf1a6fc9c9acc26
4473,424,Jessica Eye vs. Kalindra Faria,http://ufcstats.com/fight-details/f8bb0aed83bd8638
4472,424,JJ Aldrich vs. Danielle Taylor,http://ufcstats.com/fight-details/9f10afab94cafc45
4471,424,Mads Burnell vs. Mike Santiago,http://ufcstats.com/fight-details/c4ecf4b894ccbced
4470,423,Cristiane Justino vs. Holly Holm,http://ufcstats.com/fight-details/279b4190d9ef1379
4469,423,Khabib Nurmagomedov vs. Edson Barboza,http://ufcstats.com/fight-details/a88a4c126d585320
4468,423,Dan Hooker vs. Marc Diakiese,http://ufcstats.com/fight-details/3d76ed7e224e9c99
4467,423,Carla Esparza vs. Cynthia Calvillo,http://ufcstats.com/fight-details/f77e3c681fe1b04e
4466,423,Neil Magny vs. Carlos Condit,http://ufcstats.com/fight-details/c381ad2c0bf34dd9
4465,423,Khalil Rountree Jr. vs. Michal Oleksiejczuk,http://ufcstats.com/fight-details/e3a2bf2d9ee83318
4464,423,Myles Jury vs. Ricky Glenn,http://ufcstats.com/fight-details/147d2ab0230af48d
4463,423,Marvin Vettori vs. Omari Akhmedov,http://ufcstats.com/fight-details/0be6540982a5b0cd
4462,423,Matheus Nicolau vs. Louis Smolka,http://ufcstats.com/fight-details/7e9ed49a1831056f
4461,423,Tim Elliott vs. Mark De La Rosa,http://ufcstats.com/fight-details/8f40ac90544d0003
4460,422,Rafael Dos Anjos vs. Robbie Lawler,http://ufcstats.com/fight-details/d9375ede2ec2f924
4459,422,Josh Emmett vs. Ricardo Lamas,http://ufcstats.com/fight-details/6f350d91fb07a819
4458,422,Santiago Ponzinibbio vs. Mike Perry,http://ufcstats.com/fight-details/11b8d7e801713abc
4457,422,Glover Teixeira vs. Misha Cirkunov,http://ufcstats.com/fight-details/e83046dd074ec0fa
4456,422,Jan Blachowicz vs. Jared Cannonier,http://ufcstats.com/fight-details/01619207a811ef01
4455,422,Julian Marquez vs. Darren Stewart,http://ufcstats.com/fight-details/535b8e5494cbc580
4454,422,Chad Laprise vs. Galore Bofando,http://ufcstats.com/fight-details/5b8d693bd1780102
4453,422,Nordine Taleb vs. Danny Roberts,http://ufcstats.com/fight-details/71dc4379c738450f
4452,422,John Makdessi vs. Abel Trujillo,http://ufcstats.com/fight-details/9a1a57b0abcd4599
4451,422,Alessio Di Chirico vs. Oluwale Bamgbose,http://ufcstats.com/fight-details/1e3c67921162561d
4450,422,Jordan Mein vs. Erick Silva,http://ufcstats.com/fight-details/a6fbd8964400dd89
4449,421,Brian Ortega vs. Cub Swanson,http://ufcstats.com/fight-details/1d166488129030d0
4448,421,Gabriel Benitez vs. Jason Knight,http://ufcstats.com/fight-details/0a444f30cae13d8f
4447,421,Marlon Moraes vs. Aljamain Sterling,http://ufcstats.com/fight-details/1aaa1a9ceecd6063
4446,421,Scott Holtzman vs. Darrell Horcher,http://ufcstats.com/fight-details/6fe21a4cb2d839fd
4445,421,Eryk Anders vs. Markus Perez,http://ufcstats.com/fight-details/c9e19742c4146bff
4444,421,Benito Lopez vs. Albert Morales,http://ufcstats.com/fight-details/bc84680df666c96d
4443,421,Alexis Davis vs. Liz Carmouche,http://ufcstats.com/fight-details/10a1947cb3feabc1
4442,421,Andre Soukhamthath vs. Luke Sanders,http://ufcstats.com/fight-details/fbce8f52689bce87
4441,421,Alex Perez vs. Carls John De Tomas,http://ufcstats.com/fight-details/061081f46950fdb0
4440,421,Frankie Saenz vs. Merab Dvalishvili,http://ufcstats.com/fight-details/ab853176cfe20b01
4439,421,Alejandro Perez vs. Iuri Alcantara,http://ufcstats.com/fight-details/1ed266bed8005bbe
4438,421,Davi Ramos vs. Chris Gruetzemacher,http://ufcstats.com/fight-details/f9536ea60551b840
4437,421,Trevin Giles vs. Antonio Braga Neto,http://ufcstats.com/fight-details/7a57289563f9d974
4436,420,Max Holloway vs. Jose Aldo,http://ufcstats.com/fight-details/21f7fc538ea646e8
4435,420,Francis Ngannou vs. Alistair Overeem,http://ufcstats.com/fight-details/4712708adb1507aa
4434,420,Henry Cejudo vs. Sergio Pettis,http://ufcstats.com/fight-details/cc2809e10315a6b5
4433,420,Eddie Alvarez vs. Justin Gaethje,http://ufcstats.com/fight-details/23e5acd1549b538a
4432,420,Tecia Pennington vs. Michelle Waterson-Gomez,http://ufcstats.com/fight-details/ea674e0285fb77f5
4431,420,Paul Felder vs. Charles Oliveira,http://ufcstats.com/fight-details/c83487136636e9bf
4430,420,Yancy Medeiros vs. Alex Oliveira,http://ufcstats.com/fight-details/54c5284c1b792912
4429,420,David Teymur vs. Drakkar Klose,http://ufcstats.com/fight-details/676320a61f800f10
4428,420,Felice Herrig vs. Cortney Casey,http://ufcstats.com/fight-details/1a502852b706f674
4427,420,Amanda Cooper vs. Angela Magana,http://ufcstats.com/fight-details/6c25f8fd66f16d7e
4426,420,Abdul Razak Alhassan vs. Sabah Homasi,http://ufcstats.com/fight-details/6aea6d3e6944999c
4425,420,Dominick Reyes vs. Jeremy Kimball,http://ufcstats.com/fight-details/a3b7cbdb6d2607f4
4424,420,Justin Willis vs. Allen Crowder,http://ufcstats.com/fight-details/40d9b5b47acf260b
4423,419,Nicco Montano vs. Roxanne Modafferi,http://ufcstats.com/fight-details/2f1f16c86a8cc6e2
4422,419,Sean O'Malley vs. Terrion Ware,http://ufcstats.com/fight-details/c11b2cbe2460db0c
4421,419,Lauren Murphy vs. Barb Honchak,http://ufcstats.com/fight-details/dd0c8e9880c6fa24
4420,419,Gerald Meerschaert vs. Eric Spicely,http://ufcstats.com/fight-details/52db9c816eb99800
4419,419,DeAnna Bennett vs. Melinda Fabian,http://ufcstats.com/fight-details/c4785ee94698e532
4418,419,Brett Johns vs. Joe Soto,http://ufcstats.com/fight-details/37835a0f9bbb4d4e
4417,419,Montana De La Rosa vs. Christina Marks,http://ufcstats.com/fight-details/f9830f1c23ac92d0
4416,419,Ryan Janes vs. Andrew Sanchez,http://ufcstats.com/fight-details/b40bed83fc062380
4415,419,Rachael Ostovich vs. Karine Gevorgyan,http://ufcstats.com/fight-details/8b79a80f775d9f03
4414,419,Shana Dobson vs. Ariel Beck,http://ufcstats.com/fight-details/f0e0effb1b2de6ae
4413,419,Gillian Robertson vs. Emily Whitmire,http://ufcstats.com/fight-details/1eccf793b54b84f8
4412,418,Kelvin Gastelum vs. Michael Bisping,http://ufcstats.com/fight-details/32ad75f6c8ca7e9f
4411,418,Li Jingliang vs. Zak Ottow,http://ufcstats.com/fight-details/52bae6f01ea9f926
4410,418,Wang Guan vs. Alex Caceres,http://ufcstats.com/fight-details/62eaf9f2436bef25
4409,418,Alex Garcia vs. Muslim Salikhov,http://ufcstats.com/fight-details/9f428684f3db247f
4408,418,Zabit Magomedsharipov vs. Sheymon Moraes,http://ufcstats.com/fight-details/4ba97e13df33388b
4407,418,Song Kenan vs. Bobby Nash,http://ufcstats.com/fight-details/43ae6a9daa51ed93
4406,418,Yan Xiaonan vs. Kailin Curran,http://ufcstats.com/fight-details/47628ab025f19796
4405,418,Song Yadong vs. Bharat Kandare,http://ufcstats.com/fight-details/c8609059d2d87724
4404,418,Shamil Abdurakhimov vs. Chase Sherman,http://ufcstats.com/fight-details/4d5c3ddc740b89ca
4403,418,Gina Mazany vs. Wu Yanan,http://ufcstats.com/fight-details/e5fbb99bc3907516
4402,418,Rolando Dy vs. Wulijiburen,http://ufcstats.com/fight-details/903feee04bc91c59
4401,418,Cyril Asker vs. Hu Yaozong,http://ufcstats.com/fight-details/34c39a5a5917e0ec
4400,417,Fabricio Werdum vs. Marcin Tybura,http://ufcstats.com/fight-details/4b0aa5c67e69ce74
4399,417,Jessica-Rose Clark vs. Bec Rawlings,http://ufcstats.com/fight-details/2060e8172f820d80
4398,417,Belal Muhammad vs. Tim Means,http://ufcstats.com/fight-details/5ebe8d3849273776
4397,417,Jake Matthews vs. Bojan Velickovic,http://ufcstats.com/fight-details/344bfe9c1ff511bb
4396,417,Elias Theodorou vs. Daniel Kelly,http://ufcstats.com/fight-details/569e2c02f7699c0d
4395,417,Alexander Volkanovski vs. Shane Young,http://ufcstats.com/fight-details/097bc98e15722998
4394,417,Ryan Benoit vs. Ashkan Mokhtarian,http://ufcstats.com/fight-details/b90a5b9061ec54a5
4393,417,Nik Lentz vs. Will Brooks,http://ufcstats.com/fight-details/fd2c018aade60a14
4392,417,Tai Tuivasa vs. Rashad Coulter,http://ufcstats.com/fight-details/6971094300073d47
4391,417,Frank Camacho vs. Damien Brown,http://ufcstats.com/fight-details/823797bc6d532b52
4390,417,Nadia Kassem vs. Alex Chambers,http://ufcstats.com/fight-details/23b6ffc0223f8cce
4389,417,Eric Shelton vs. Jenel Lausa,http://ufcstats.com/fight-details/c06eaf92bdfde8e6
4388,417,Adam Wieczorek vs. Anthony Hamilton,http://ufcstats.com/fight-details/51ec53f442d2cc9b
4387,416,Dustin Poirier vs. Anthony Pettis,http://ufcstats.com/fight-details/b55605791a4d72b9
4386,416,Matt Brown vs. Diego Sanchez,http://ufcstats.com/fight-details/b6b5ec324449befd
4385,416,Andrei Arlovski vs. Junior Albini,http://ufcstats.com/fight-details/603354ffe9cc0755
4384,416,Cezar Ferreira vs. Nate Marquardt,http://ufcstats.com/fight-details/7ad85c84025c0db0
4383,416,Raphael Assuncao vs. Matthew Lopez,http://ufcstats.com/fight-details/151c597d2e609a4e
4382,416,Clay Guida vs. Joe Lauzon,http://ufcstats.com/fight-details/935f559ab0521c27
4381,416,Marlon Moraes vs. John Dodson,http://ufcstats.com/fight-details/5519d7fe2cee8353
4380,416,Tatiana Suarez vs. Viviane Pereira,http://ufcstats.com/fight-details/5db3e2fdd18129a4
4379,416,Sage Northcutt vs. Michel Quinones,http://ufcstats.com/fight-details/60de5efe5b439c8b
4378,416,Nina Nunes vs. Angela Hill,http://ufcstats.com/fight-details/7006a98fe9944571
4377,416,Sean Strickland vs. Court McGee,http://ufcstats.com/fight-details/d3c78cc516417797
4376,416,Jake Collier vs. Marcel Fortuna,http://ufcstats.com/fight-details/78e554aa129711ba
4375,416,Karl Roberson vs. Darren Stewart,http://ufcstats.com/fight-details/4b202bae6c87b98b
4374,415,Georges St-Pierre vs. Michael Bisping,http://ufcstats.com/fight-details/d361b51952944a26
4373,415,TJ Dillashaw vs. Cody Garbrandt,http://ufcstats.com/fight-details/b3a304eadb9f7fb4
4372,415,Rose Namajunas vs. Joanna Jedrzejczyk,http://ufcstats.com/fight-details/fc29884851f9cebb
4371,415,Stephen Thompson vs. Jorge Masvidal,http://ufcstats.com/fight-details/80572cac6ab57866
4370,415,Paulo Costa vs. Johny Hendricks,http://ufcstats.com/fight-details/0a46cb2887890502
4369,415,James Vick vs. Joe Duffy,http://ufcstats.com/fight-details/13635ba71963ad0c
4368,415,Mark Godbeer vs. Walt Harris,http://ufcstats.com/fight-details/8375f311e8c6c079
4367,415,Ovince Saint Preux vs. Corey Anderson,http://ufcstats.com/fight-details/5cab50839f4a0d94
4366,415,Randy Brown vs. Mickey Gall,http://ufcstats.com/fight-details/e686df21c24c6c03
4365,415,Curtis Blaydes vs. Aleksei Oleinik,http://ufcstats.com/fight-details/8c2fb17981464d8c
4364,415,Ricardo Ramos vs. Aiemann Zahabi,http://ufcstats.com/fight-details/56d8cc470841f454
4363,414,Derek Brunson vs. Lyoto Machida,http://ufcstats.com/fight-details/405c0b8d3960016d
4362,414,Colby Covington vs. Demian Maia,http://ufcstats.com/fight-details/7a5baef71925258c
4361,414,Pedro Munhoz vs. Rob Font,http://ufcstats.com/fight-details/0b557aeb2169b59f
4360,414,Francisco Trinaldo vs. Jim Miller,http://ufcstats.com/fight-details/bed03663bc577f02
4359,414,Thiago Santos vs. Jack Hermansson,http://ufcstats.com/fight-details/23ea24013d15c09c
4358,414,John Lineker vs. Marlon Vera,http://ufcstats.com/fight-details/d4eb3614c7734781
4357,414,Vicente Luque vs. Niko Price,http://ufcstats.com/fight-details/4838bf4ca76c1c6b
4356,414,Antonio Carlos Junior vs. Jack Marshman,http://ufcstats.com/fight-details/72d703db67371e1d
4355,414,Jared Gordon vs. Hacran Dias,http://ufcstats.com/fight-details/f9e07282f3444d09
4354,414,Elizeu Zaleski dos Santos vs. Max Griffin,http://ufcstats.com/fight-details/9dd9affa41eead4c
4353,414,Deiveson Figueiredo vs. Jarred Brooks,http://ufcstats.com/fight-details/e11e290d816c119b
4352,414,Marcelo Golm vs. Christian Colombo,http://ufcstats.com/fight-details/4ffd88b2f00f4250
4351,413,Darren Till vs. Donald Cerrone,http://ufcstats.com/fight-details/aa7b1fca60a21f3a
4350,413,Karolina Kowalkiewicz vs. Jodie Esquibel,http://ufcstats.com/fight-details/d71ad0033de24fff
4349,413,Jan Blachowicz vs. Devin Clark,http://ufcstats.com/fight-details/6a315ef5bf22af29
4348,413,Oskar Piechota vs. Jonathan Wilson,http://ufcstats.com/fight-details/fdfc700e56575d67
4347,413,Marcin Held vs. Nasrat Haqparast,http://ufcstats.com/fight-details/61070325bb440f58
4346,413,Brian Kelleher vs. Damian Stasiak,http://ufcstats.com/fight-details/4dcd6ff5e32a3779
4345,413,Ramazan Emeev vs. Sam Alvey,http://ufcstats.com/fight-details/9da4e06a403f0d27
4344,413,Andre Fili vs. Artem Lobov,http://ufcstats.com/fight-details/06287b822837a616
4343,413,Warlley Alves vs. Salim Touahri,http://ufcstats.com/fight-details/88f36fa2945ccac5
4342,413,Aspen Ladd vs. Lina Lansberg,http://ufcstats.com/fight-details/f3f252b9810cff0d
4341,413,Josh Emmett vs. Felipe Arantes,http://ufcstats.com/fight-details/8b10419db5bffe28
4340,412,Tony Ferguson vs. Kevin Lee,http://ufcstats.com/fight-details/03aec9073946907f
4339,412,Demetrious Johnson vs. Ray Borg,http://ufcstats.com/fight-details/d042d18ad568190a
4338,412,Fabricio Werdum vs. Walt Harris,http://ufcstats.com/fight-details/53ee6c3591483193
4337,412,Mara Romero Borella vs. Kalindra Faria,http://ufcstats.com/fight-details/1ff3dff34d0b60b8
4336,412,Beneil Dariush vs. Evan Dunham,http://ufcstats.com/fight-details/2fed4f1d91767eb1
4335,412,Cody Stamann vs. Tom Duquesnoy,http://ufcstats.com/fight-details/e08479759c296bb1
4334,412,Lando Vannata vs. King Green,http://ufcstats.com/fight-details/c46d51fb87a4f485
4333,412,Poliana Botelho vs. Pearl Gonzalez,http://ufcstats.com/fight-details/0f826e7bbb73b53f
4332,412,Matt Schnell vs. Marco Beltran,http://ufcstats.com/fight-details/d97970009fbfca30
4331,412,John Moraga vs. Bibulatov Magomed,http://ufcstats.com/fight-details/3f5f6c576046bf77
4330,412,Brad Tavares vs. Thales Leites,http://ufcstats.com/fight-details/2142ff2a46d22741
4329,411,Ovince Saint Preux vs. Yushin Okami,http://ufcstats.com/fight-details/d1bee15e60ee6721
4328,411,Jessica Andrade vs. Claudia Gadelha,http://ufcstats.com/fight-details/e8d59c27b467d716
4327,411,Dong Hyun Ma vs. Takanori Gomi,http://ufcstats.com/fight-details/ba27835ff05df0c9
4326,411,Gokhan Saki vs. Henrique da Silva,http://ufcstats.com/fight-details/690ab86bdd94149b
4325,411,Teruto Ishihara vs. Rolando Dy,http://ufcstats.com/fight-details/6be073563a421bca
4324,411,Jussier Formiga vs. Yuta Sasaki,http://ufcstats.com/fight-details/3b89556b3f177b7b
4323,411,Keita Nakamura vs. Alex Morono,http://ufcstats.com/fight-details/296cc69bcc3c1635
4322,411,Syuri Kondo vs. Chan-Mi Jeon,http://ufcstats.com/fight-details/37cdf5bd5c975a5d
4321,411,Shinsho Anzai vs. Luke Jumeau,http://ufcstats.com/fight-details/da7afd49fefe6a46
4320,411,Daichi Abe vs. Hyun Gyu Lim,http://ufcstats.com/fight-details/e0e4ce7595b5c26a
4319,410,Luke Rockhold vs. David Branch,http://ufcstats.com/fight-details/24438a644b975751
4318,410,Mike Perry vs. Alex Reyes,http://ufcstats.com/fight-details/3dd22a9a0ea68cc6
4317,410,Anthony Smith vs. Hector Lombard,http://ufcstats.com/fight-details/ff4cef86bef2d0aa
4316,410,Gregor Gillespie vs. Jason Gonzalez,http://ufcstats.com/fight-details/128e818254ebfabe
4315,410,Kamaru Usman vs. Sergio Moraes,http://ufcstats.com/fight-details/4c1fd940e1619e68
4314,410,Justin Ledet vs. Azunna Anyanwu,http://ufcstats.com/fight-details/7b80dd233e200dd2
4313,410,Olivier Aubin-Mercier vs. Anthony Rocco Martin,http://ufcstats.com/fight-details/52e4f12eaeffd142
4312,410,Daniel Spitz vs. Anthony Hamilton,http://ufcstats.com/fight-details/7864fc46de247f58
4311,410,Uriah Hall vs. Krzysztof Jotko,http://ufcstats.com/fight-details/7094c05bf73eee81
4310,410,Gilbert Burns vs. Jason Saggo,http://ufcstats.com/fight-details/2ec12d4bbc0752db
4309,409,Amanda Nunes vs. Valentina Shevchenko,http://ufcstats.com/fight-details/cb16346d93746ebc
4308,409,Rafael Dos Anjos vs. Neil Magny,http://ufcstats.com/fight-details/b6082b551288aa5a
4307,409,Henry Cejudo vs. Wilson Reis,http://ufcstats.com/fight-details/fdde8777c7ae9769
4306,409,Ilir Latifi vs. Tyson Pedro,http://ufcstats.com/fight-details/6afaf0ca45431a11
4305,409,Jeremy Stephens vs. Gilbert Melendez,http://ufcstats.com/fight-details/94c7e64ce88c9b9e
4304,409,Ketlen Vieira vs. Sara McMann,http://ufcstats.com/fight-details/92eb0a297c7ea197
4303,409,Sarah Moras vs. Ashlee Evans-Smith,http://ufcstats.com/fight-details/a773883743242df9
4302,409,Ricky Glenn vs. Gavin Tucker,http://ufcstats.com/fight-details/f597d2e69ab7c270
4301,409,Alex White vs. Mitch Clarke,http://ufcstats.com/fight-details/31c4518a1e71c050
4300,409,Arjan Bhullar vs. Luis Henrique,http://ufcstats.com/fight-details/7020840980f723b9
4299,409,Kajan Johnson vs. Adriano Martins,http://ufcstats.com/fight-details/cce5b9dfe84630fa
4298,408,Alexander Volkov vs. Stefan Struve,http://ufcstats.com/fight-details/cfc550960a7ec353
4297,408,Siyar Bahadurzada vs. Rob Wilkinson,http://ufcstats.com/fight-details/75a978e0ecce2536
4296,408,Marion Reneau vs. Talita Bernardo,http://ufcstats.com/fight-details/0ac25b4180406ca1
4295,408,Leon Edwards vs. Bryan Barberena,http://ufcstats.com/fight-details/7303ae36077411d9
4294,408,Darren Till vs. Bojan Velickovic,http://ufcstats.com/fight-details/b1f7bc82f7dce1b9
4293,408,Mairbek Taisumov vs. Felipe Silva,http://ufcstats.com/fight-details/b3bf1b6ad2d1a533
4292,408,Michel Prazeres vs. Mads Burnell,http://ufcstats.com/fight-details/5afbc04a153d7efd
4291,408,Rustam Khabilov vs. Desmond Green,http://ufcstats.com/fight-details/605c2ad801f594b3
4290,408,Aleksandar Rakic vs. Francimar Barroso,http://ufcstats.com/fight-details/89f83750703d5fd3
4289,408,Zabit Magomedsharipov vs. Mike Santiago,http://ufcstats.com/fight-details/ecbc282542a395c2
4288,408,Abdul-Kerim Edilov vs. Bojan Mihajlovic,http://ufcstats.com/fight-details/af5f287198f20eb4
4287,408,Thibault Gouti vs. Andrew Holbrook,http://ufcstats.com/fight-details/b7ab4cd6ce7a71dd
4286,407,Sergio Pettis vs. Brandon Moreno,http://ufcstats.com/fight-details/253e42894852b26a
4285,407,Alexa Grasso vs. Randa Markos,http://ufcstats.com/fight-details/d5598322f81db6c9
4284,407,Niko Price vs. Alan Jouban,http://ufcstats.com/fight-details/cd54325a9a538837
4283,407,Humberto Bandenay vs. Martin Bravo,http://ufcstats.com/fight-details/2f9b9ef5f6833aa1
4282,407,Sam Alvey vs. Rashad Evans,http://ufcstats.com/fight-details/c8f619a71b714ec7
4281,407,Alejandro Perez vs. Andre Soukhamthath,http://ufcstats.com/fight-details/48f7e64b548806cd
4280,407,Jack Hermansson vs. Brad Scott,http://ufcstats.com/fight-details/a3e4322f55454897
4279,407,Dustin Ortiz vs. Hector Sandoval,http://ufcstats.com/fight-details/02732ebb104793d2
4278,407,Rani Yahya vs. Henry Briones,http://ufcstats.com/fight-details/19348172178f42ed
4277,407,Jose Quinonez vs. Diego Rivas,http://ufcstats.com/fight-details/0b89c88d506da083
4276,407,Joseph Morales vs. Robert Sanchez,http://ufcstats.com/fight-details/a3723f0f672b0912
4275,407,Jordan Rinaldi vs. Alvaro Herrera Mendoza,http://ufcstats.com/fight-details/e02fca0d258283ce
4274,406,Daniel Cormier vs. Jon Jones,http://ufcstats.com/fight-details/5ab286735ccee803
4273,406,Tyron Woodley vs. Demian Maia,http://ufcstats.com/fight-details/30553d630491094a
4272,406,Cristiane Justino vs. Tonya Evinger,http://ufcstats.com/fight-details/79817ab0129c5598
4271,406,Robbie Lawler vs. Donald Cerrone,http://ufcstats.com/fight-details/b8c967c742d3c107
4270,406,Volkan Oezdemir vs. Jimi Manuwa,http://ufcstats.com/fight-details/49694c2d00c581ed
4269,406,Ricardo Lamas vs. Jason Knight,http://ufcstats.com/fight-details/dffad417175400ba
4268,406,Aljamain Sterling vs. Renan Barao,http://ufcstats.com/fight-details/ac9e19a4075f6557
4267,406,Brian Ortega vs. Renato Moicano,http://ufcstats.com/fight-details/4924d7a980f4cde2
4266,406,Calvin Kattar vs. Andre Fili,http://ufcstats.com/fight-details/3d95b4f94ccffa96
4265,406,Aleksandra Albu vs. Kailin Curran,http://ufcstats.com/fight-details/e80a8338d86e730b
4264,406,Jarred Brooks vs. Eric Shelton,http://ufcstats.com/fight-details/4f4806952ba2a72c
4263,406,Drew Dober vs. Joshua Burkman,http://ufcstats.com/fight-details/3636e085c098dbda
4262,405,Chris Weidman vs. Kelvin Gastelum,http://ufcstats.com/fight-details/5be97c1fa222093d
4261,405,Darren Elkins vs. Dennis Bermudez,http://ufcstats.com/fight-details/8028d5de087755dc
4260,405,Patrick Cummins vs. Gian Villante,http://ufcstats.com/fight-details/76d6789779d3721c
4259,405,Jimmie Rivera vs. Thomas Almeida,http://ufcstats.com/fight-details/7c23770c639dcd22
4258,405,Elizeu Zaleski dos Santos vs. Lyman Good,http://ufcstats.com/fight-details/657fd7ab7bdf9f15
4257,405,Eryk Anders vs. Rafael Natal,http://ufcstats.com/fight-details/7e2bc09d866b3bd7
4256,405,Alex Oliveira vs. Ryan LaFlare,http://ufcstats.com/fight-details/d0e5487f55c57ad2
4255,405,Chase Sherman vs. Damian Grabowski,http://ufcstats.com/fight-details/4f07c6724682cd00
4254,405,Jeremy Kennedy vs. Kyle Bochniak,http://ufcstats.com/fight-details/bcf842992f9accdc
4253,405,Marlon Vera vs. Brian Kelleher,http://ufcstats.com/fight-details/573908b71b361312
4252,405,Junior Albini vs. Timothy Johnson,http://ufcstats.com/fight-details/d83ae4a2e117b775
4251,405,Shane Burgos vs. Godofredo Pepey,http://ufcstats.com/fight-details/9f114a219523bf7d
4250,405,Chris Wade vs. Frankie Perez,http://ufcstats.com/fight-details/b2297232b9310ba5
4249,404,Santiago Ponzinibbio vs. Gunnar Nelson,http://ufcstats.com/fight-details/8417a20d56fe6776
4248,404,Cynthia Calvillo vs. Joanne Wood,http://ufcstats.com/fight-details/b7f6d05d3afbb266
4247,404,Paul Felder vs. Stevie Ray,http://ufcstats.com/fight-details/c62a90c19af6a0e2
4246,404,Jack Marshman vs. Ryan Janes,http://ufcstats.com/fight-details/86892d114b204bf3
4245,404,Khalil Rountree Jr. vs. Paul Craig,http://ufcstats.com/fight-details/0f8b2f7299b5e114
4244,404,Justin Willis vs. James Mulheron,http://ufcstats.com/fight-details/a77950d6a0a451f4
4243,404,Danny Roberts vs. Bobby Nash,http://ufcstats.com/fight-details/1ccde17f48fb709e
4242,404,Alexandre Pantoja vs. Neil Seery,http://ufcstats.com/fight-details/8fd14eb227688467
4241,404,Galore Bofando vs. Charlie Ward,http://ufcstats.com/fight-details/7e7fba47f511f8ad
4240,404,Danny Henry vs. Daniel Teymur,http://ufcstats.com/fight-details/a0909aab15ba53c5
4239,404,Brett Johns vs. Albert Morales,http://ufcstats.com/fight-details/2fef7ac78df0cccc
4238,404,Leslie Smith vs. Amanda Lemos,http://ufcstats.com/fight-details/d49d2c810583a56a
4237,403,Robert Whittaker vs. Yoel Romero,http://ufcstats.com/fight-details/06cd9812e2b9b747
4236,403,Alistair Overeem vs. Fabricio Werdum,http://ufcstats.com/fight-details/b67229e7675eed24
4235,403,Curtis Blaydes vs. Daniel Omielanczuk,http://ufcstats.com/fight-details/cf4c2b601c2228aa
4234,403,Anthony Pettis vs. Jim Miller,http://ufcstats.com/fight-details/1f49b59e4058568f
4233,403,Rob Font vs. Douglas Silva de Andrade,http://ufcstats.com/fight-details/a5a065cb6d33ba9e
4232,403,Aleksei Oleinik vs. Travis Browne,http://ufcstats.com/fight-details/00b801e7e1679f2f
4231,403,Chad Laprise vs. Brian Camozzi,http://ufcstats.com/fight-details/19eed5d9781b47ac
4230,403,Thiago Santos vs. Gerald Meerschaert,http://ufcstats.com/fight-details/323fb015ca2444e3
4229,403,Belal Muhammad vs. Jordan Mein,http://ufcstats.com/fight-details/9298175cb2ad7d41
4228,403,Cody Stamann vs. Terrion Ware,http://ufcstats.com/fight-details/1645ed92dcdc5c03
4227,403,Trevin Giles vs. James Bochnovic,http://ufcstats.com/fight-details/e1100fc357e61fba
4226,402,Justin Gaethje vs. Michael Johnson,http://ufcstats.com/fight-details/0d5356c506111a57
4225,402,Jesse Taylor vs. Dhiego Lima,http://ufcstats.com/fight-details/5934de85b9c53e7c
4224,402,Drakkar Klose vs. Marc Diakiese,http://ufcstats.com/fight-details/6f836a82a0530884
4223,402,Jared Cannonier vs. Nick Roehrick,http://ufcstats.com/fight-details/e97b609eefc5fd61
4222,402,Brad Tavares vs. Elias Theodorou,http://ufcstats.com/fight-details/6ec0a046de95fe16
4221,402,Jordan Johnson vs. Marcel Fortuna,http://ufcstats.com/fight-details/3e5a3ecd2b123fc2
4220,402,Angela Hill vs. Ashley Yoder,http://ufcstats.com/fight-details/c94c3e4bbed24421
4219,402,James Krause vs. Tom Gallicchio,http://ufcstats.com/fight-details/c7c7be3b0d65a7da
4218,402,CB Dollaway vs. Ed Herman,http://ufcstats.com/fight-details/7f3bd3b913df61f4
4217,402,Tecia Pennington vs. Juliana Lima,http://ufcstats.com/fight-details/f0ac3761d3fdda3e
4216,402,Gray Maynard vs. Teruto Ishihara,http://ufcstats.com/fight-details/88c2da7b33cca8d4
4215,401,Kevin Lee vs. Michael Chiesa,http://ufcstats.com/fight-details/7013a95ea4014606
4214,401,Tim Boetsch vs. Johny Hendricks,http://ufcstats.com/fight-details/0ad57af26ddc7930
4213,401,Felice Herrig vs. Justine Kish,http://ufcstats.com/fight-details/bd59c07a106d331b
4212,401,Dominick Reyes vs. Joachim Christensen,http://ufcstats.com/fight-details/ae5c7517d9f2516c
4211,401,Tim Means vs. Alex Garcia,http://ufcstats.com/fight-details/b53fd8bce62aa1c6
4210,401,Dennis Siver vs. BJ Penn,http://ufcstats.com/fight-details/3a4d2a933a3c7291
4209,401,Clay Guida vs. Erik Koch,http://ufcstats.com/fight-details/9a79a4b97a0f1e24
4208,401,Marvin Vettori vs. Vitor Miranda,http://ufcstats.com/fight-details/3d1f83264d87c529
4207,401,Carla Esparza vs. Maryna Moroz,http://ufcstats.com/fight-details/1bd52b0c01018f4a
4206,401,Darrell Horcher vs. Devin Powell,http://ufcstats.com/fight-details/f7ae397fefa57c70
4205,401,Jared Gordon vs. Michel Quinones,http://ufcstats.com/fight-details/1e75ee0da189857b
4204,401,Anthony Rocco Martin vs. Johnny Case,http://ufcstats.com/fight-details/eafda776967c6444
4203,401,Jeremy Kimball vs. Josh Stansbury,http://ufcstats.com/fight-details/aebdb007f8d1348a
4202,400,Holly Holm vs. Bethe Correia,http://ufcstats.com/fight-details/0096879f5708526b
4201,400,Marcin Tybura vs. Andrei Arlovski,http://ufcstats.com/fight-details/205ad947e8c94901
4200,400,Colby Covington vs. Dong Hyun Kim,http://ufcstats.com/fight-details/b6464850da8f3099
4199,400,Rafael Dos Anjos vs. Tarec Saffiedine,http://ufcstats.com/fight-details/a69a155a25b84679
4198,400,Jon Tuck vs. Takanori Gomi,http://ufcstats.com/fight-details/fc2585e234e49dee
4197,400,Walt Harris vs. Cyril Asker,http://ufcstats.com/fight-details/9072bf6135cad3e0
4196,400,Alex Caceres vs. Rolando Dy,http://ufcstats.com/fight-details/b66f4fa1b9b96b51
4195,400,Yuta Sasaki vs. Justin Scoggins,http://ufcstats.com/fight-details/a71e4206f87ae74c
4194,400,Li Jingliang vs. Frank Camacho,http://ufcstats.com/fight-details/8984ab656cb1818d
4193,400,Russell Doane vs. Kwan Ho Kwak,http://ufcstats.com/fight-details/361e67af5f462aea
4192,400,Naoki Inoue vs. Carls John De Tomas,http://ufcstats.com/fight-details/e7b5a8c97106ca60
4191,400,Lucie Pudilova vs. Ji Yeon Kim,http://ufcstats.com/fight-details/7d14f95d03afb359
4190,399,Mark Hunt vs. Derrick Lewis,http://ufcstats.com/fight-details/cd96998e837b0da1
4189,399,Derek Brunson vs. Daniel Kelly,http://ufcstats.com/fight-details/ad772f626b5dd31d
4188,399,Dan Hooker vs. Ross Pearson,http://ufcstats.com/fight-details/dc7ba55ca764cfbe
4187,399,Ion Cutelaba vs. Henrique da Silva,http://ufcstats.com/fight-details/4507354cd97f10e5
4186,399,Ben Nguyen vs. Tim Elliott,http://ufcstats.com/fight-details/2dfa31667cee74c3
4185,399,Alexander Volkanovski vs. Mizuto Hirota,http://ufcstats.com/fight-details/e4db3b1669d498c3
4184,399,Vinc Pichel vs. Damien Brown,http://ufcstats.com/fight-details/165d3a571fcc5e3c
4183,399,Luke Jumeau vs. Dominique Steele,http://ufcstats.com/fight-details/288b479c485c48b2
4182,399,John Moraga vs. Ashkan Mokhtarian,http://ufcstats.com/fight-details/11cb7d7d774d5e6a
4181,399,Zak Ottow vs. Kiichi Kunimoto,http://ufcstats.com/fight-details/1b1d1900b4051344
4180,399,JJ Aldrich vs. Chan-Mi Jeon,http://ufcstats.com/fight-details/bd4a648bebaefab3
4179,398,Max Holloway vs. Jose Aldo,http://ufcstats.com/fight-details/9ed0c3acc436eb56
4178,398,Claudia Gadelha vs. Karolina Kowalkiewicz,http://ufcstats.com/fight-details/5bfaa389a67139fd
4177,398,Vitor Belfort vs. Nate Marquardt,http://ufcstats.com/fight-details/823e9449bd47e408
4176,398,Paulo Costa vs. Oluwale Bamgbose,http://ufcstats.com/fight-details/6b581bb1bc9289ef
4175,398,Yancy Medeiros vs. Erick Silva,http://ufcstats.com/fight-details/6c9fdcb95393a49c
4174,398,Raphael Assuncao vs. Marlon Moraes,http://ufcstats.com/fight-details/228879162d8be605
4173,398,Antonio Carlos Junior vs. Eric Spicely,http://ufcstats.com/fight-details/3ad3acca165a5d90
4172,398,Matthew Lopez vs. Johnny Eduardo,http://ufcstats.com/fight-details/36f0c6d7126e09ee
4171,398,Brian Kelleher vs. Iuri Alcantara,http://ufcstats.com/fight-details/cb2844bb15d22cc6
4170,398,Viviane Pereira vs. Jamie Moyle,http://ufcstats.com/fight-details/2fd43be584ef522b
4169,398,Luan Chagas vs. Jim Wallhead,http://ufcstats.com/fight-details/88e0de323a83f241
4168,398,Deiveson Figueiredo vs. Marco Beltran,http://ufcstats.com/fight-details/6486579eee778b4d
4167,397,Alexander Gustafsson vs. Glover Teixeira,http://ufcstats.com/fight-details/923d5041c3b6d763
4166,397,Volkan Oezdemir vs. Misha Cirkunov,http://ufcstats.com/fight-details/79be3a6d483ad64a
4165,397,Peter Sobotta vs. Ben Saunders,http://ufcstats.com/fight-details/8cdc9c13d75adb28
4164,397,Omari Akhmedov vs. Abdul Razak Alhassan,http://ufcstats.com/fight-details/78e38f1ad43c3479
4163,397,Nordine Taleb vs. Oliver Enkamp,http://ufcstats.com/fight-details/33913e8e56c49a4c
4162,397,Jack Hermansson vs. Alex Nicholson,http://ufcstats.com/fight-details/2105210529457ffd
4161,397,Pedro Munhoz vs. Damian Stasiak,http://ufcstats.com/fight-details/9674c37e3a2bc399
4160,397,Trevor Smith vs. Chris Camozzi,http://ufcstats.com/fight-details/ac6cb989ccc38f73
4159,397,Joaquim Silva vs. Reza Madadi,http://ufcstats.com/fight-details/2c101a0bcf334d31
4158,397,Bojan Velickovic vs. Nicholas Musoke,http://ufcstats.com/fight-details/9c3f3bc7f7472e0c
4157,397,Darren Till vs. Jessin Ayari,http://ufcstats.com/fight-details/1ed9dbbe604654b9
4156,397,Damir Hadzovic vs. Marcin Held,http://ufcstats.com/fight-details/b166f1582946fbbc
4155,396,Stipe Miocic vs. Junior Dos Santos,http://ufcstats.com/fight-details/16a0352f3e19b931
4154,396,Joanna Jedrzejczyk vs. Jessica Andrade,http://ufcstats.com/fight-details/0fd8214ac276728e
4153,396,Demian Maia vs. Jorge Masvidal,http://ufcstats.com/fight-details/6e3139f066149a81
4152,396,Frankie Edgar vs. Yair Rodriguez,http://ufcstats.com/fight-details/39f746cee66e8771
4151,396,David Branch vs. Krzysztof Jotko,http://ufcstats.com/fight-details/362a5b3cd4a70330
4150,396,Eddie Alvarez vs. Dustin Poirier,http://ufcstats.com/fight-details/6fe9729cee57c680
4149,396,Jason Knight vs. Chas Skelly,http://ufcstats.com/fight-details/9882c1dac77c0367
4148,396,Chase Sherman vs. Rashad Coulter,http://ufcstats.com/fight-details/f26657d5018ee428
4147,396,James Vick vs. Marco Polo Reyes,http://ufcstats.com/fight-details/567cefcaba821205
4146,396,Cortney Casey vs. Jessica Aguilar,http://ufcstats.com/fight-details/af2ef75664656957
4145,396,Enrique Barzola vs. Gabriel Benitez,http://ufcstats.com/fight-details/7188621a628e718d
4144,396,Gadzhimurad Antigulov vs. Joachim Christensen,http://ufcstats.com/fight-details/14dbcdbe8e7251bf
4143,395,Cub Swanson vs. Artem Lobov,http://ufcstats.com/fight-details/b29ed164b3014a42
4142,395,Al Iaquinta vs. Diego Sanchez,http://ufcstats.com/fight-details/2310fbcb6fdf3b47
4141,395,Ovince Saint Preux vs. Marcos Rogerio de Lima,http://ufcstats.com/fight-details/53c96668bf850809
4140,395,John Dodson vs. Eddie Wineland,http://ufcstats.com/fight-details/8b97cd609c7152b7
4139,395,Stevie Ray vs. Joe Lauzon,http://ufcstats.com/fight-details/41385f4e63682b5b
4138,395,Mike Perry vs. Jake Ellenberger,http://ufcstats.com/fight-details/3905e5dc489811d6
4137,395,Thales Leites vs. Sam Alvey,http://ufcstats.com/fight-details/2d6182d1d398ed6a
4136,395,Brandon Moreno vs. Dustin Ortiz,http://ufcstats.com/fight-details/319f3fad278368e6
4135,395,Scott Holtzman vs. Michael McBride,http://ufcstats.com/fight-details/cf18911df2052826
4134,395,Danielle Taylor vs. Jessica Penne,http://ufcstats.com/fight-details/c0c587cb52de929b
4133,395,Alexis Davis vs. Cindy Dandois,http://ufcstats.com/fight-details/f313eae425b7c539
4132,395,Bryan Barberena vs. Joe Proctor,http://ufcstats.com/fight-details/7d4e11c2a9485320
4131,395,Hector Sandoval vs. Matt Schnell,http://ufcstats.com/fight-details/6ccfbe3a7c5aa55e
4130,394,Demetrious Johnson vs. Wilson Reis,http://ufcstats.com/fight-details/f63961f9d14bc33d
4129,394,Rose Namajunas vs. Michelle Waterson-Gomez,http://ufcstats.com/fight-details/e52318719d839d2d
4128,394,Robert Whittaker vs. Jacare Souza,http://ufcstats.com/fight-details/0459297e86a14981
4127,394,Renato Moicano vs. Jeremy Stephens,http://ufcstats.com/fight-details/d764ef3e078c96c8
4126,394,Alexander Volkov vs. Roy Nelson,http://ufcstats.com/fight-details/b0552b065ca7f401
4125,394,Tom Duquesnoy vs. Patrick Williams,http://ufcstats.com/fight-details/20be16a1db95156c
4124,394,Rashid Magomedov vs. King Green,http://ufcstats.com/fight-details/f24c296256faeff2
4123,394,Tim Elliott vs. Louis Smolka,http://ufcstats.com/fight-details/41cef92a01e7ff3c
4122,394,Aljamain Sterling vs. Augusto Mendes,http://ufcstats.com/fight-details/677e98ae5834ba70
4121,394,Devin Clark vs. Jake Collier,http://ufcstats.com/fight-details/4291b38643547fa7
4120,394,Anthony Smith vs. Andrew Sanchez,http://ufcstats.com/fight-details/0673d8ab0add7a05
4119,394,Zak Cummings vs. Nathan Coy,http://ufcstats.com/fight-details/2a0d4dd0997bd712
4118,394,Ketlen Vieira vs. Ashlee Evans-Smith,http://ufcstats.com/fight-details/94ce682e4a3e556a
4117,393,Daniel Cormier vs. Anthony Johnson,http://ufcstats.com/fight-details/ea8eaf881d38713e
4116,393,Gegard Mousasi vs. Chris Weidman,http://ufcstats.com/fight-details/87a969d51de6e179
4115,393,Cynthia Calvillo vs. Pearl Gonzalez,http://ufcstats.com/fight-details/687d973d71e068dc
4114,393,Thiago Alves vs. Patrick Cote,http://ufcstats.com/fight-details/a68672f66e12a3c2
4113,393,Charles Oliveira vs. Will Brooks,http://ufcstats.com/fight-details/56c7c59c9bb3b610
4112,393,Myles Jury vs. Mike de la Torre,http://ufcstats.com/fight-details/23ba0218f9f65e33
4111,393,Kamaru Usman vs. Sean Strickland,http://ufcstats.com/fight-details/b2c1f9bdd5d3073d
4110,393,Shane Burgos vs. Charles Rosa,http://ufcstats.com/fight-details/ddb015ac5c067aa9
4109,393,Patrick Cummins vs. Jan Blachowicz,http://ufcstats.com/fight-details/e7ad1c3a763c7cae
4108,393,Gregor Gillespie vs. Andrew Holbrook,http://ufcstats.com/fight-details/8b4eeaa048361ba3
4107,393,Desmond Green vs. Josh Emmett,http://ufcstats.com/fight-details/97b7638c592a95a9
4106,393,Katlyn Cerminara vs. Irene Aldana,http://ufcstats.com/fight-details/2464a75ee75dbf2f
4105,393,Bibulatov Magomed vs. Jenel Lausa,http://ufcstats.com/fight-details/c4da9ec26a924a7d
4104,392,Jimi Manuwa vs. Corey Anderson,http://ufcstats.com/fight-details/00be3852000f8fe9
4103,392,Gunnar Nelson vs. Alan Jouban,http://ufcstats.com/fight-details/7e6f91cbf8e93210
4102,392,Marlon Vera vs. Brad Pickett,http://ufcstats.com/fight-details/1e5c66d12761d4fe
4101,392,Arnold Allen vs. Makwan Amirkhani,http://ufcstats.com/fight-details/7ec86f2af631344f
4100,392,Joe Duffy vs. Reza Madadi,http://ufcstats.com/fight-details/55f727e00553035d
4099,392,Francimar Barroso vs. Darren Stewart,http://ufcstats.com/fight-details/c365a488a8de3c89
4098,392,Timothy Johnson vs. Daniel Omielanczuk,http://ufcstats.com/fight-details/f99ee57f75b20b69
4097,392,Leon Edwards vs. Vicente Luque,http://ufcstats.com/fight-details/88ce808e4e604180
4096,392,Marc Diakiese vs. Teemu Packalen,http://ufcstats.com/fight-details/eee7f546c126ee8b
4095,392,Brad Scott vs. Scott Askham,http://ufcstats.com/fight-details/794b63b4c1e1e789
4094,392,Lina Lansberg vs. Lucie Pudilova,http://ufcstats.com/fight-details/0bb419537705fb04
4093,391,Vitor Belfort vs. Kelvin Gastelum,http://ufcstats.com/fight-details/58450502a93454c8
4092,391,Mauricio Rua vs. Gian Villante,http://ufcstats.com/fight-details/34524408fb4d6752
4091,391,Edson Barboza vs. Beneil Dariush,http://ufcstats.com/fight-details/b47e4f0982938e5b
4090,391,Ray Borg vs. Jussier Formiga,http://ufcstats.com/fight-details/74d4e37b97866514
4089,391,Bethe Correia vs. Marion Reneau,http://ufcstats.com/fight-details/b03dd50785e761a0
4088,391,Alex Oliveira vs. Tim Means,http://ufcstats.com/fight-details/24f156a78bd32026
4087,391,Kevin Lee vs. Francisco Trinaldo,http://ufcstats.com/fight-details/76602c3658d70273
4086,391,Sergio Moraes vs. Davi Ramos,http://ufcstats.com/fight-details/f4f5049e789b7716
4085,391,Joe Soto vs. Rani Yahya,http://ufcstats.com/fight-details/dc169cc01d675125
4084,391,Michel Prazeres vs. Joshua Burkman,http://ufcstats.com/fight-details/12740c6b17779fe9
4083,391,Jeremy Kennedy vs. Rony Jason,http://ufcstats.com/fight-details/ebb94e00d6431e7a
4082,391,Paulo Costa vs. Garreth McLellan,http://ufcstats.com/fight-details/0ace7e71f5d66bc9
4081,390,Tyron Woodley vs. Stephen Thompson,http://ufcstats.com/fight-details/dfc8c5161ea0ccb5
4080,390,David Teymur vs. Lando Vannata,http://ufcstats.com/fight-details/7ac4b9823b1e139b
4079,390,Daniel Kelly vs. Rashad Evans,http://ufcstats.com/fight-details/e3ca9462ad0d7685
4078,390,Cynthia Calvillo vs. Amanda Cooper,http://ufcstats.com/fight-details/54f9e3e1fad7a589
4077,390,Alistair Overeem vs. Mark Hunt,http://ufcstats.com/fight-details/c79b862be039d9f0
4076,390,Marcin Tybura vs. Luis Henrique,http://ufcstats.com/fight-details/42ad1437a1280294
4075,390,Darren Elkins vs. Mirsad Bektic,http://ufcstats.com/fight-details/3b536afcc9098925
4074,390,Iuri Alcantara vs. Luke Sanders,http://ufcstats.com/fight-details/4804776154430aad
4073,390,Mark Godbeer vs. Daniel Spitz,http://ufcstats.com/fight-details/08b65f5009c34997
4072,390,Tyson Pedro vs. Paul Craig,http://ufcstats.com/fight-details/6db4d7827082d5b9
4071,390,Albert Morales vs. Andre Soukhamthath,http://ufcstats.com/fight-details/2d4743a82fc55642
4070,389,Derrick Lewis vs. Travis Browne,http://ufcstats.com/fight-details/ab14dbff9d2ae41a
4069,389,Johny Hendricks vs. Hector Lombard,http://ufcstats.com/fight-details/a5d24caed8afbeef
4068,389,Gavin Tucker vs. Sam Sicilia,http://ufcstats.com/fight-details/112e6a0ddce893e6
4067,389,Elias Theodorou vs. Cezar Ferreira,http://ufcstats.com/fight-details/16e28dd989ee1dea
4066,389,Sara McMann vs. Gina Mazany,http://ufcstats.com/fight-details/9c256e94c6b584b6
4065,389,Paul Felder vs. Alex Ricci,http://ufcstats.com/fight-details/f00ac5af033f44b4
4064,389,Santiago Ponzinibbio vs. Nordine Taleb,http://ufcstats.com/fight-details/1db121859d2fcda8
4063,389,Randa Markos vs. Carla Esparza,http://ufcstats.com/fight-details/e4c4c54a10e06973
4062,389,Aiemann Zahabi vs. Reginaldo Vieira,http://ufcstats.com/fight-details/ad9ecef413a5b48f
4061,389,Thiago Santos vs. Jack Marshman,http://ufcstats.com/fight-details/e59aabdfba9d6c45
4060,389,Gerald Meerschaert vs. Ryan Janes,http://ufcstats.com/fight-details/c1d86f1e6d41cd03
4059,388,Germaine de Randamie vs. Holly Holm,http://ufcstats.com/fight-details/252074c8554bf30d
4058,388,Anderson Silva vs. Derek Brunson,http://ufcstats.com/fight-details/d29750cee389a0b9
4057,388,Jacare Souza vs. Tim Boetsch,http://ufcstats.com/fight-details/ced241b99eab5f22
4056,388,Glover Teixeira vs. Jared Cannonier,http://ufcstats.com/fight-details/244357514dd89bd6
4055,388,Dustin Poirier vs. Jim Miller,http://ufcstats.com/fight-details/8b8f9485214f9e48
4054,388,Belal Muhammad vs. Randy Brown,http://ufcstats.com/fight-details/f680e6ebe3bdfe3e
4053,388,Wilson Reis vs. Yuta Sasaki,http://ufcstats.com/fight-details/febea68b205f6273
4052,388,Islam Makhachev vs. Nik Lentz,http://ufcstats.com/fight-details/ddd9e64d97b095f9
4051,388,Ricky Glenn vs. Phillipe Nover,http://ufcstats.com/fight-details/c4174e22cb22622c
4050,388,Ryan LaFlare vs. Roan Carneiro,http://ufcstats.com/fight-details/1f9ac1648b8e501e
4049,387,Chan Sung Jung vs. Dennis Bermudez,http://ufcstats.com/fight-details/8c220d4c96895a98
4048,387,Felice Herrig vs. Alexa Grasso,http://ufcstats.com/fight-details/4a2e7e2c8cfdaf5f
4047,387,James Vick vs. Abel Trujillo,http://ufcstats.com/fight-details/94cecf4bd29793e1
4046,387,Volkan Oezdemir vs. Ovince Saint Preux,http://ufcstats.com/fight-details/36220644401d85e1
4045,387,Marcel Fortuna vs. Anthony Hamilton,http://ufcstats.com/fight-details/49e344834626c144
4044,387,Jessica Andrade vs. Angela Hill,http://ufcstats.com/fight-details/451525a1abe30a91
4043,387,Adam Milstead vs. Curtis Blaydes,http://ufcstats.com/fight-details/74256b4e8d0b1de6
4042,387,Chas Skelly vs. Chris Gruetzemacher,http://ufcstats.com/fight-details/478221ad98336565
4041,387,Ricardo Ramos vs. Michinori Tanaka,http://ufcstats.com/fight-details/66ad9f88f063d2ef
4040,387,Tecia Pennington vs. Bec Rawlings,http://ufcstats.com/fight-details/ebe38ba75cbf2320
4039,387,Alex Morono vs. Niko Price,http://ufcstats.com/fight-details/48e51d4e7172048e
4038,387,Khalil Rountree Jr. vs. Daniel Jolly,http://ufcstats.com/fight-details/f3bb58f485dc2008
4037,386,Valentina Shevchenko vs. Julianna Pena,http://ufcstats.com/fight-details/ab79fe7b35ccc3dc
4036,386,Jorge Masvidal vs. Donald Cerrone,http://ufcstats.com/fight-details/b91756d955e14d2e
4035,386,Francis Ngannou vs. Andrei Arlovski,http://ufcstats.com/fight-details/a45596cda51a1816
4034,386,Jason Knight vs. Alex Caceres,http://ufcstats.com/fight-details/43682a646b9b956f
4033,386,Sam Alvey vs. Nate Marquardt,http://ufcstats.com/fight-details/3c8eb8ad5e98876f
4032,386,Raphael Assuncao vs. Aljamain Sterling,http://ufcstats.com/fight-details/637f561cd731fb44
4031,386,Li Jingliang vs. Bobby Nash,http://ufcstats.com/fight-details/c5865afc31cb6c59
4030,386,Jordan Johnson vs. Henrique da Silva,http://ufcstats.com/fight-details/1cd0ce0e2312ad52
4029,386,Eric Spicely vs. Alessio Di Chirico,http://ufcstats.com/fight-details/481aef2d2802ec68
4028,386,Marcos Rogerio de Lima vs. Jeremy Kimball,http://ufcstats.com/fight-details/99373dc33dfbf6e0
4027,386,Alexandre Pantoja vs. Eric Shelton,http://ufcstats.com/fight-details/0094d2ed98819f7a
4026,386,Jason Gonzalez vs. JC Cottrell,http://ufcstats.com/fight-details/6eb382e2c51fc4f5
4025,385,Yair Rodriguez vs. BJ Penn,http://ufcstats.com/fight-details/5742025a09190829
4024,385,Joe Lauzon vs. Marcin Held,http://ufcstats.com/fight-details/00720c46f864fe03
4023,385,Ben Saunders vs. Court McGee,http://ufcstats.com/fight-details/8edb831924d69dd9
4022,385,Sergio Pettis vs. John Moraga,http://ufcstats.com/fight-details/7685701c382cd49a
4021,385,Drakkar Klose vs. Devin Powell,http://ufcstats.com/fight-details/bbb67c2ac4453d64
4020,385,Augusto Mendes vs. Frankie Saenz,http://ufcstats.com/fight-details/b60bbec8ec98941b
4019,385,Aleksei Oleinik vs. Viktor Pesta,http://ufcstats.com/fight-details/1a81573425c585fb
4018,385,Anthony Rocco Martin vs. Alex White,http://ufcstats.com/fight-details/8156479490877d08
4017,385,Nina Nunes vs. Jocelyn Jones-Lybarger,http://ufcstats.com/fight-details/53c3565ee1d3411a
4016,385,Walt Harris vs. Chase Sherman,http://ufcstats.com/fight-details/3f7684492c9df05e
4015,385,Joachim Christensen vs. Bojan Mihajlovic,http://ufcstats.com/fight-details/ae803440d778a12b
4014,385,Cyril Asker vs. Dmitrii Smoliakov,http://ufcstats.com/fight-details/c1356395d6b055d7
4013,384,Amanda Nunes vs. Ronda Rousey,http://ufcstats.com/fight-details/0aad210fbaa1db6c
4012,384,Cody Garbrandt vs. Dominick Cruz,http://ufcstats.com/fight-details/25e6b11e1cf45b83
4011,384,TJ Dillashaw vs. John Lineker,http://ufcstats.com/fight-details/7f663d67422c1b24
4010,384,Dong Hyun Kim vs. Tarec Saffiedine,http://ufcstats.com/fight-details/3d07a533feca7458
4009,384,Ray Borg vs. Louis Smolka,http://ufcstats.com/fight-details/ab847a4cf397d7d5
4008,384,Neil Magny vs. Johny Hendricks,http://ufcstats.com/fight-details/abf0f8234f6be37e
4007,384,Antonio Carlos Junior vs. Marvin Vettori,http://ufcstats.com/fight-details/78736e322574e500
4006,384,Alex Garcia vs. Mike Pyle,http://ufcstats.com/fight-details/31acf87e89a4a401
4005,384,Niko Price vs. Brandon Thatch,http://ufcstats.com/fight-details/d8c7497043e7e5bd
4004,384,Alex Oliveira vs. Tim Means,http://ufcstats.com/fight-details/9d4b2767f6630fc9
4003,383,Michelle Waterson-Gomez vs. Paige VanZant,http://ufcstats.com/fight-details/5840527835a8ffb2
4002,383,Mickey Gall vs. Sage Northcutt,http://ufcstats.com/fight-details/23bc29f1b6baacad
4001,383,Urijah Faber vs. Brad Pickett,http://ufcstats.com/fight-details/2cdf841a057d9039
4000,383,Alan Jouban vs. Mike Perry,http://ufcstats.com/fight-details/473b9b56cdaedba3
3999,383,Paul Craig vs. Henrique da Silva,http://ufcstats.com/fight-details/01f396a7372dc8ff
3998,383,Mizuto Hirota vs. Cole Miller,http://ufcstats.com/fight-details/4b35edc671de861f
3997,383,Colby Covington vs. Bryan Barberena,http://ufcstats.com/fight-details/677588ea237aa5c0
3996,383,Alex Morono vs. James Moontasri,http://ufcstats.com/fight-details/30f6cf4253b13b76
3995,383,Josh Emmett vs. Scott Holtzman,http://ufcstats.com/fight-details/7979888b1fb5eb39
3994,383,Leslie Smith vs. Irene Aldana,http://ufcstats.com/fight-details/d77ace7aadb2383e
3993,383,Eddie Wineland vs. Takeya Mizugaki,http://ufcstats.com/fight-details/ca6d4239726931f9
3992,383,Hector Sandoval vs. Fredy Serrano,http://ufcstats.com/fight-details/88c712be47805d63
3991,383,Sultan Aliev vs. Bojan Velickovic,http://ufcstats.com/fight-details/1ca4274019680d23
3990,382,Max Holloway vs. Anthony Pettis,http://ufcstats.com/fight-details/977a758d869f9e7a
3989,382,Donald Cerrone vs. Matt Brown,http://ufcstats.com/fight-details/96404a3b32791c8d
3988,382,Cub Swanson vs. Dooho Choi,http://ufcstats.com/fight-details/5f0aa841c21f7d30
3987,382,Kelvin Gastelum vs. Tim Kennedy,http://ufcstats.com/fight-details/07b98dbf5d2c62a2
3986,382,Emil Meek vs. Jordan Mein,http://ufcstats.com/fight-details/761a215d51a0442e
3985,382,Misha Cirkunov vs. Nikita Krylov,http://ufcstats.com/fight-details/0af90a49f0ca1879
3984,382,Olivier Aubin-Mercier vs. Drew Dober,http://ufcstats.com/fight-details/04f27a78e4ffce47
3983,382,Viviane Pereira vs. Valerie Letourneau,http://ufcstats.com/fight-details/ca9804845b010845
3982,382,Matthew Lopez vs. Mitch Gagnon,http://ufcstats.com/fight-details/b121f30d7fc9ea6c
3981,382,Lando Vannata vs. John Makdessi,http://ufcstats.com/fight-details/071d488ec8ccf254
3980,382,Rustam Khabilov vs. Jason Saggo,http://ufcstats.com/fight-details/8b983e834df0c6c4
3979,382,Dustin Ortiz vs. Zach Makovsky,http://ufcstats.com/fight-details/d573e571d8349b5d
3978,381,Derrick Lewis vs. Shamil Abdurakhimov,http://ufcstats.com/fight-details/cb1e57b5f8c92922
3977,381,Francis Ngannou vs. Anthony Hamilton,http://ufcstats.com/fight-details/0769ab47fcf0bf6b
3976,381,Corey Anderson vs. Sean O'Connell,http://ufcstats.com/fight-details/14e7bb7a9d49450d
3975,381,Gian Villante vs. Saparbeg Safarov,http://ufcstats.com/fight-details/25cd989ac5569629
3974,381,Justine Kish vs. Ashley Yoder,http://ufcstats.com/fight-details/9555d8941df4a998
3973,381,Randy Brown vs. Brian Camozzi,http://ufcstats.com/fight-details/02e3699be1d8daa2
3972,381,Gerald Meerschaert vs. Joseph Gigliotti,http://ufcstats.com/fight-details/85feac6924abb35b
3971,381,Andrew Sanchez vs. Trevor Smith,http://ufcstats.com/fight-details/0b26d635106aea1c
3970,381,Shane Burgos vs. Tiago dos Santos e Silva,http://ufcstats.com/fight-details/4bf0be780f2d09be
3969,381,Marc Diakiese vs. Frankie Perez,http://ufcstats.com/fight-details/a71febed166b7d42
3968,381,Ryan Janes vs. Keith Berish,http://ufcstats.com/fight-details/770312f3ca8506b6
3967,381,Juliana Lima vs. JJ Aldrich,http://ufcstats.com/fight-details/87b6c507a7684ec2
3966,380,Demetrious Johnson vs. Tim Elliott,http://ufcstats.com/fight-details/02822c35ffef5a50
3965,380,Joseph Benavidez vs. Henry Cejudo,http://ufcstats.com/fight-details/5e1370a92ce8abb0
3964,380,Jorge Masvidal vs. Jake Ellenberger,http://ufcstats.com/fight-details/27ff7028ec8c2161
3963,380,Jared Cannonier vs. Ion Cutelaba,http://ufcstats.com/fight-details/9cad47cdd6351e50
3962,380,Sara McMann vs. Alexis Davis,http://ufcstats.com/fight-details/a716172939767cab
3961,380,Brandon Moreno vs. Ryan Benoit,http://ufcstats.com/fight-details/36830f6eb3c847f5
3960,380,Ryan Hall vs. Gray Maynard,http://ufcstats.com/fight-details/019983faebec6d64
3959,380,Rob Font vs. Matt Schnell,http://ufcstats.com/fight-details/63b35df1276b3d64
3958,380,Dong Hyun Ma vs. Brendan O'Reilly,http://ufcstats.com/fight-details/c5d48ca7c22f857e
3957,380,Jamie Moyle vs. Kailin Curran,http://ufcstats.com/fight-details/5ae45d20a60dc109
3956,380,Anthony Smith vs. Elvis Mutapcic,http://ufcstats.com/fight-details/163fbb2185730846
3955,380,Devin Clark vs. Josh Stansbury,http://ufcstats.com/fight-details/fe132ef2ab8ae9d2
3954,379,Robert Whittaker vs. Derek Brunson,http://ufcstats.com/fight-details/6d04fbef6b8e4551
3953,379,Andrew Holbrook vs. Jake Matthews,http://ufcstats.com/fight-details/0d33d43bee65d98f
3952,379,Omari Akhmedov vs. Kyle Noke,http://ufcstats.com/fight-details/450760216f5643ca
3951,379,Alexander Volkanovski vs. Yusuke Kasuya,http://ufcstats.com/fight-details/2cab927474cb6e62
3950,379,Tyson Pedro vs. Khalil Rountree Jr.,http://ufcstats.com/fight-details/d1c519260c0ddf3a
3949,379,Danielle Taylor vs. Seo Hee Ham,http://ufcstats.com/fight-details/314aea77cd24210f
3948,379,Daniel Kelly vs. Chris Camozzi,http://ufcstats.com/fight-details/71854cfe738d6ee1
3947,379,Damien Brown vs. Jon Tuck,http://ufcstats.com/fight-details/64bc223daa594bcc
3946,379,Jonathan Meunier vs. Richard Walsh,http://ufcstats.com/fight-details/2c0a58ef0324e18b
3945,379,Ben Nguyen vs. Geane Herrera,http://ufcstats.com/fight-details/291d91378a96d1e8
3944,379,Jason Knight vs. Dan Hooker,http://ufcstats.com/fight-details/4f60a7e7b848bc6d
3943,379,Marlon Vera vs. Guangyou Ning,http://ufcstats.com/fight-details/2e209dc450b7ebe3
3942,379,Jenel Lausa vs. Yao Zhikui,http://ufcstats.com/fight-details/0da0dc2c7eb29f58
3941,378,Ryan Bader vs. Rogerio Nogueira,http://ufcstats.com/fight-details/106088694fa0c682
3940,378,Thomas Almeida vs. Albert Morales,http://ufcstats.com/fight-details/ac656cebef8cf0a4
3939,378,Claudia Gadelha vs. Cortney Casey,http://ufcstats.com/fight-details/4c05732d411d6412
3938,378,Krzysztof Jotko vs. Thales Leites,http://ufcstats.com/fight-details/3e1bd51261cb61df
3937,378,Kamaru Usman vs. Warlley Alves,http://ufcstats.com/fight-details/939cc30f07131724
3936,378,Sergio Moraes vs. Zak Ottow,http://ufcstats.com/fight-details/edcf1d6a1bd8acc7
3935,378,Cezar Ferreira vs. Jack Hermansson,http://ufcstats.com/fight-details/13d2b7aef67cb6ea
3934,378,Gadzhimurad Antigulov vs. Marcos Rogerio de Lima,http://ufcstats.com/fight-details/a5e240bcd7731725
3933,378,Johnny Eduardo vs. Manvel Gamburyan,http://ufcstats.com/fight-details/02b39d683f027517
3932,378,Luis Henrique vs. Christian Colombo,http://ufcstats.com/fight-details/9e75fbe17a35f272
3931,378,Pedro Munhoz vs. Justin Scoggins,http://ufcstats.com/fight-details/30a2c7e5b90e6d74
3930,378,Francimar Barroso vs. Darren Stewart,http://ufcstats.com/fight-details/934c967872f28b13
3929,377,Gegard Mousasi vs. Uriah Hall,http://ufcstats.com/fight-details/b5268a0c2df32a24
3928,377,Stevie Ray vs. Ross Pearson,http://ufcstats.com/fight-details/6b5fe10e6e7d160a
3927,377,Alexander Volkov vs. Timothy Johnson,http://ufcstats.com/fight-details/689116759885e4a5
3926,377,Artem Lobov vs. Teruto Ishihara,http://ufcstats.com/fight-details/e4795ab9bdd6fb38
3925,377,Jack Marshman vs. Magnus Cedenblad,http://ufcstats.com/fight-details/f1afa75c8d492550
3924,377,Kyoji Horiguchi vs. Ali Bagautinov,http://ufcstats.com/fight-details/ad0bac98558900af
3923,377,Kevin Lee vs. Magomed Mustafaev,http://ufcstats.com/fight-details/dad034faf3d62cb9
3922,377,Amanda Cooper vs. Anna Elmose,http://ufcstats.com/fight-details/24411c5356903d11
3921,377,Justin Ledet vs. Mark Godbeer,http://ufcstats.com/fight-details/8eaa23d64c20b0f1
3920,377,Zak Cummings vs. Alexander Yakovlev,http://ufcstats.com/fight-details/1b52e24d09700dd9
3919,377,Marion Reneau vs. Milana Dudieva,http://ufcstats.com/fight-details/7fce3efc5d2add6e
3918,377,Brett Johns vs. Kwan Ho Kwak,http://ufcstats.com/fight-details/a337e11f80a75b7d
3917,377,Abdul Razak Alhassan vs. Charlie Ward,http://ufcstats.com/fight-details/bd6909a463a1de2b
3916,376,Conor McGregor vs. Eddie Alvarez,http://ufcstats.com/fight-details/1d7015553debd1c8
3915,376,Tyron Woodley vs. Stephen Thompson,http://ufcstats.com/fight-details/b80ef7cdc36ab48b
3914,376,Joanna Jedrzejczyk vs. Karolina Kowalkiewicz,http://ufcstats.com/fight-details/4403857f545ede75
3913,376,Yoel Romero vs. Chris Weidman,http://ufcstats.com/fight-details/f37d18b5c35145bf
3912,376,Raquel Pennington vs. Miesha Tate,http://ufcstats.com/fight-details/9ebfd601c43b89b3
3911,376,Frankie Edgar vs. Jeremy Stephens,http://ufcstats.com/fight-details/9c4cbd0546d03f6b
3910,376,Khabib Nurmagomedov vs. Michael Johnson,http://ufcstats.com/fight-details/c26806c2d554e50c
3909,376,Tim Boetsch vs. Rafael Natal,http://ufcstats.com/fight-details/8172d8d996335d0a
3908,376,Vicente Luque vs. Belal Muhammad,http://ufcstats.com/fight-details/14477908199435e1
3907,376,Jim Miller vs. Thiago Alves,http://ufcstats.com/fight-details/ef80a6eea892c296
3906,376,Liz Carmouche vs. Katlyn Cerminara,http://ufcstats.com/fight-details/706228ddb6076b3f
3905,375,Tony Ferguson vs. Rafael Dos Anjos,http://ufcstats.com/fight-details/9220acccebf14a46
3904,375,Diego Sanchez vs. Marcin Held,http://ufcstats.com/fight-details/c5a8e0098d1024ce
3903,375,Ricardo Lamas vs. Charles Oliveira,http://ufcstats.com/fight-details/e322eae035f7c00f
3902,375,Martin Bravo vs. Claudio Puelles,http://ufcstats.com/fight-details/43a941e005a2d463
3901,375,Beneil Dariush vs. Rashid Magomedov,http://ufcstats.com/fight-details/00494c77d2a88f8c
3900,375,Alexa Grasso vs. Heather Clark,http://ufcstats.com/fight-details/52943c821416dc38
3899,375,Erik Perez vs. Felipe Arantes,http://ufcstats.com/fight-details/51010081d59b4687
3898,375,Joe Soto vs. Marco Beltran,http://ufcstats.com/fight-details/588a39cab19065bc
3897,375,Max Griffin vs. Erick Montano,http://ufcstats.com/fight-details/23c6a428df1569bc
3896,375,Douglas Silva de Andrade vs. Henry Briones,http://ufcstats.com/fight-details/29df50b2ea446361
3895,375,Sam Alvey vs. Alex Nicholson,http://ufcstats.com/fight-details/2c39797c6574ff29
3894,375,Marco Polo Reyes vs. Jason Novelli,http://ufcstats.com/fight-details/c1e039419a671b9e
3893,375,Enrique Barzola vs. Chris Avila,http://ufcstats.com/fight-details/4fa26e1e88583ab5
3892,374,Michael Bisping vs. Dan Henderson,http://ufcstats.com/fight-details/eaa63c8fb9379426
3891,374,Gegard Mousasi vs. Vitor Belfort,http://ufcstats.com/fight-details/ebc7ec239faf7b0b
3890,374,Jimi Manuwa vs. Ovince Saint Preux,http://ufcstats.com/fight-details/451d7d8c2a6bacb3
3889,374,Stefan Struve vs. Daniel Omielanczuk,http://ufcstats.com/fight-details/17067cf55726c673
3888,374,Mirsad Bektic vs. Russell Doane,http://ufcstats.com/fight-details/23253ebb1d86d8b4
3887,374,Iuri Alcantara vs. Brad Pickett,http://ufcstats.com/fight-details/2f9a8807807b80d6
3886,374,Damian Stasiak vs. Davey Grant,http://ufcstats.com/fight-details/3be121d4f5460893
3885,374,Leon Edwards vs. Albert Tumenov,http://ufcstats.com/fight-details/47dfd70b5780d68a
3884,374,Marc Diakiese vs. Lukasz Sajewski,http://ufcstats.com/fight-details/8794b5f9a591daf6
3883,374,Mike Perry vs. Danny Roberts,http://ufcstats.com/fight-details/85bec51d0bdf511f
3882,374,Leonardo Santos vs. Adriano Martins,http://ufcstats.com/fight-details/87b61c1d72232a84
3881,373,John Lineker vs. John Dodson,http://ufcstats.com/fight-details/8793208907eca67f
3880,373,Alex Oliveira vs. Will Brooks,http://ufcstats.com/fight-details/3a8cc4cda195d758
3879,373,Zak Ottow vs. Joshua Burkman,http://ufcstats.com/fight-details/21b361d723fcf3cd
3878,373,Brandon Moreno vs. Louis Smolka,http://ufcstats.com/fight-details/b43dfe6743160a66
3877,373,Henrique da Silva vs. Joachim Christensen,http://ufcstats.com/fight-details/a27a9b7b8194e8fc
3876,373,Andre Fili vs. Hacran Dias,http://ufcstats.com/fight-details/11b369120409d2aa
3875,373,Shamil Abdurakhimov vs. Walt Harris,http://ufcstats.com/fight-details/412735f3e0b66ea6
3874,373,Elizeu Zaleski dos Santos vs. Keita Nakamura,http://ufcstats.com/fight-details/958f6e5b79ff8c33
3873,373,Nate Marquardt vs. Tamdan McCrory,http://ufcstats.com/fight-details/ba7250ef080d1603
3872,373,Ion Cutelaba vs. Jonathan Wilson,http://ufcstats.com/fight-details/1cca8ba792f1e1d9
3871,373,Curtis Blaydes vs. Cody East,http://ufcstats.com/fight-details/4efbd869aa0211d2
3870,373,Ketlen Vieira vs. Kelly Faszholz,http://ufcstats.com/fight-details/98e3b4d05ecc36a2
3869,372,Cristiane Justino vs. Lina Lansberg,http://ufcstats.com/fight-details/76c5f66afe6ab192
3868,372,Renan Barao vs. Phillipe Nover,http://ufcstats.com/fight-details/50935ae1627fc89b
3867,372,Roy Nelson vs. Antonio Silva,http://ufcstats.com/fight-details/5c5ed0416e881faf
3866,372,Francisco Trinaldo vs. Paul Felder,http://ufcstats.com/fight-details/845907142e023077
3865,372,Eric Spicely vs. Thiago Santos,http://ufcstats.com/fight-details/66b8f3426f36fdf7
3864,372,Godofredo Pepey vs. Mike de la Torre,http://ufcstats.com/fight-details/c29b63d6cd2ba413
3863,372,Michel Prazeres vs. Gilbert Burns,http://ufcstats.com/fight-details/6f2a4a2f769eb9e3
3862,372,Rani Yahya vs. Michinori Tanaka,http://ufcstats.com/fight-details/0408a452fb5c3e14
3861,372,Jussier Formiga vs. Dustin Ortiz,http://ufcstats.com/fight-details/39c16381a9722735
3860,372,Erick Silva vs. Luan Chagas,http://ufcstats.com/fight-details/0e9b7e682e0a79f1
3859,372,Alan Patrick vs. Stevie Ray,http://ufcstats.com/fight-details/1afa8d6ae4d8a5b2
3858,372,Vicente Luque vs. Hector Urbina,http://ufcstats.com/fight-details/5948876f1d80c21a
3857,372,Gregor Gillespie vs. Glaico Franca Moreira,http://ufcstats.com/fight-details/fae3f395669b7285
3856,371,Michael Johnson vs. Dustin Poirier,http://ufcstats.com/fight-details/692241119228cc82
3855,371,Derek Brunson vs. Uriah Hall,http://ufcstats.com/fight-details/f4cdc944e27c2cd2
3854,371,Evan Dunham vs. Ricky Glenn,http://ufcstats.com/fight-details/0596fc5eba5c1fe0
3853,371,Roan Carneiro vs. Kenny Robertson,http://ufcstats.com/fight-details/054f1423ba7c121e
3852,371,Islam Makhachev vs. Chris Wade,http://ufcstats.com/fight-details/144b0c1dd6c909f3
3851,371,Chas Skelly vs. Maximo Blanco,http://ufcstats.com/fight-details/00b7497b02b3b2bb
3850,371,Gabriel Benitez vs. Sam Sicilia,http://ufcstats.com/fight-details/4f6f7f1ad8954bb6
3849,371,Belal Muhammad vs. Augusto Montano,http://ufcstats.com/fight-details/4df1d3183929d021
3848,371,Antonio Carlos Junior vs. Leonardo Guimaraes,http://ufcstats.com/fight-details/c87d2569da8d4305
3847,371,Jose Quinonez vs. Joey Gomez,http://ufcstats.com/fight-details/187681b2843174b5
3846,371,Randy Brown vs. Erick Montano,http://ufcstats.com/fight-details/30b33d032605c885
3845,371,Alejandro Perez vs. Albert Morales,http://ufcstats.com/fight-details/96adba2273a13f46
3844,370,Stipe Miocic vs. Alistair Overeem,http://ufcstats.com/fight-details/19df0d0cb1269fa7
3843,370,Fabricio Werdum vs. Travis Browne,http://ufcstats.com/fight-details/409bcfacb259999a
3842,370,Mickey Gall vs. CM Punk,http://ufcstats.com/fight-details/26e6a2705a1e9e72
3841,370,Jimmie Rivera vs. Urijah Faber,http://ufcstats.com/fight-details/971d9fa5947a4bb7
3840,370,Jessica Andrade vs. Joanne Wood,http://ufcstats.com/fight-details/52bc6927e80aca5d
3839,370,Bethe Correia vs. Jessica Eye,http://ufcstats.com/fight-details/e9ffcf05270a320a
3838,370,Brad Tavares vs. Caio Magalhaes,http://ufcstats.com/fight-details/c8ca99d1adc5448d
3837,370,Nik Lentz vs. Michael McBride,http://ufcstats.com/fight-details/9b1386a28b81bcd5
3836,370,Drew Dober vs. Jason Gonzalez,http://ufcstats.com/fight-details/5d5abb5dade718de
3835,370,Yancy Medeiros vs. Sean Spencer,http://ufcstats.com/fight-details/1c85f793ea4f9caa
3834,369,Josh Barnett vs. Andrei Arlovski,http://ufcstats.com/fight-details/a3b972117a3998ee
3833,369,Alexander Gustafsson vs. Jan Blachowicz,http://ufcstats.com/fight-details/0549b655619774c5
3832,369,Ryan Bader vs. Ilir Latifi,http://ufcstats.com/fight-details/5237736e6b37c609
3831,369,Nick Hein vs. Tae Hyun Bang,http://ufcstats.com/fight-details/31dd8b5d6444f19b
3830,369,Jessin Ayari vs. Jim Wallhead,http://ufcstats.com/fight-details/d6389fa434e86916
3829,369,Peter Sobotta vs. Nicolas Dalby,http://ufcstats.com/fight-details/69ecd4aa5a550f7b
3828,369,Ashlee Evans-Smith vs. Veronica Hardy,http://ufcstats.com/fight-details/bd887c173d3050bf
3827,369,Taylor Lapilus vs. Leandro Issa,http://ufcstats.com/fight-details/f24144fbe9e32c10
3826,369,Jarjis Danho vs. Christian Colombo,http://ufcstats.com/fight-details/ddb4376695f115b9
3825,369,Jack Hermansson vs. Scott Askham,http://ufcstats.com/fight-details/d38cd293a0c3fdfd
3824,369,Rustam Khabilov vs. Leandro Silva,http://ufcstats.com/fight-details/c5c1deb1607f69b4
3823,368,Demian Maia vs. Carlos Condit,http://ufcstats.com/fight-details/f19d1c8ca5660240
3822,368,Anthony Pettis vs. Charles Oliveira,http://ufcstats.com/fight-details/51d3be5e8aee5cd9
3821,368,Paige VanZant vs. Bec Rawlings,http://ufcstats.com/fight-details/0bf8bb9b4ef329f9
3820,368,Jim Miller vs. Joe Lauzon,http://ufcstats.com/fight-details/e15b393a27c07043
3819,368,Sam Alvey vs. Kevin Casey,http://ufcstats.com/fight-details/70ab91b37be75408
3818,368,Kyle Bochniak vs. Enrique Barzola,http://ufcstats.com/fight-details/df33799f117000cb
3817,368,Alessio Di Chirico vs. Garreth McLellan,http://ufcstats.com/fight-details/f8df4cb5f22656c0
3816,368,Felipe Silva vs. Shane Campbell,http://ufcstats.com/fight-details/c64537874352793a
3815,368,Chad Laprise vs. Thibault Gouti,http://ufcstats.com/fight-details/00742aea8da72a35
3814,368,Jeremy Kennedy vs. Alex Ricci,http://ufcstats.com/fight-details/f7114bf73eec4022
3813,367,Conor McGregor vs. Nate Diaz,http://ufcstats.com/fight-details/648396cc751c730d
3812,367,Anthony Johnson vs. Glover Teixeira,http://ufcstats.com/fight-details/c0329bd8d3b302c6
3811,367,Donald Cerrone vs. Rick Story,http://ufcstats.com/fight-details/781f9a642e7a9278
3810,367,Mike Perry vs. Hyun Gyu Lim,http://ufcstats.com/fight-details/70f08a4771138817
3809,367,Tim Means vs. Sabah Homasi,http://ufcstats.com/fight-details/a69a6da9560ed62c
3808,367,Cody Garbrandt vs. Takeya Mizugaki,http://ufcstats.com/fight-details/dbc72a4092a0b296
3807,367,Raquel Pennington vs. Elizabeth Phillips,http://ufcstats.com/fight-details/6b6680338558bd46
3806,367,Artem Lobov vs. Chris Avila,http://ufcstats.com/fight-details/d101d2ed58a7cf84
3805,367,Cortney Casey vs. Randa Markos,http://ufcstats.com/fight-details/ec381753e852cb63
3804,367,Lorenz Larkin vs. Neil Magny,http://ufcstats.com/fight-details/ec067e9c9efd7aa1
3803,367,Colby Covington vs. Max Griffin,http://ufcstats.com/fight-details/0294253e4a5b4725
3802,367,Marvin Vettori vs. Alberto Uda,http://ufcstats.com/fight-details/41eb39f532e148d9
3801,366,Yair Rodriguez vs. Alex Caceres,http://ufcstats.com/fight-details/570f3407722cc512
3800,366,Dennis Bermudez vs. Rony Jason,http://ufcstats.com/fight-details/0344687c9852b1d2
3799,366,Thales Leites vs. Chris Camozzi,http://ufcstats.com/fight-details/78410b48feaba213
3798,366,Santiago Ponzinibbio vs. Zak Cummings,http://ufcstats.com/fight-details/787d94246afe18a3
3797,366,Trevor Smith vs. Joseph Gigliotti,http://ufcstats.com/fight-details/e35d878ba90d9769
3796,366,Maryna Moroz vs. Danielle Taylor,http://ufcstats.com/fight-details/58c73a9562adcfe5
3795,366,Court McGee vs. Dominique Steele,http://ufcstats.com/fight-details/4a46b63c19cfa932
3794,366,Marcin Tybura vs. Viktor Pesta,http://ufcstats.com/fight-details/3fe9e895b2a45049
3793,366,David Teymur vs. Jason Novelli,http://ufcstats.com/fight-details/cb76509b5c2f2a90
3792,366,Teruto Ishihara vs. Horacio Gutierrez,http://ufcstats.com/fight-details/34644c44229e41a1
3791,366,Cub Swanson vs. Tatsuya Kawajiri,http://ufcstats.com/fight-details/537c77f3b75a75ae
3790,366,Justin Ledet vs. Chase Sherman,http://ufcstats.com/fight-details/02f4277726712796
3789,365,Tyron Woodley vs. Robbie Lawler,http://ufcstats.com/fight-details/c67e5fec8e1876f0
3788,365,Karolina Kowalkiewicz vs. Rose Namajunas,http://ufcstats.com/fight-details/7f3763caa99a3486
3787,365,Jake Ellenberger vs. Matt Brown,http://ufcstats.com/fight-details/82d057278298846f
3786,365,Erik Perez vs. Francisco Rivera,http://ufcstats.com/fight-details/3cf1d67a20ae1c18
3785,365,Ryan Benoit vs. Fredy Serrano,http://ufcstats.com/fight-details/c8f946610906bffe
3784,365,Nikita Krylov vs. Ed Herman,http://ufcstats.com/fight-details/ae6fb7829db7ecc7
3783,365,Jorge Masvidal vs. Ross Pearson,http://ufcstats.com/fight-details/806ee07a1a7042b8
3782,365,Anthony Hamilton vs. Damian Grabowski,http://ufcstats.com/fight-details/8495283a56311b4d
3781,365,Wilson Reis vs. Hector Sandoval,http://ufcstats.com/fight-details/8b61a3acdfb007d9
3780,365,Michael Graves vs. Bojan Velickovic,http://ufcstats.com/fight-details/855338a9a68e4c9f
3779,365,Damien Brown vs. Cesar Arzamendia,http://ufcstats.com/fight-details/09c092dc766fa3f9
3778,364,Valentina Shevchenko vs. Holly Holm,http://ufcstats.com/fight-details/9e90800495c1d607
3777,364,Edson Barboza vs. Gilbert Melendez,http://ufcstats.com/fight-details/b1dee00c3052e65e
3776,364,Francis Ngannou vs. Bojan Mihajlovic,http://ufcstats.com/fight-details/9d2f46b677246e41
3775,364,Felice Herrig vs. Kailin Curran,http://ufcstats.com/fight-details/5a09a7a3f2792d1a
3774,364,Eddie Wineland vs. Frankie Saenz,http://ufcstats.com/fight-details/8167500af262bba5
3773,364,Darren Elkins vs. Godofredo Pepey,http://ufcstats.com/fight-details/1eb0491642f276ed
3772,364,Kamaru Usman vs. Alexander Yakovlev,http://ufcstats.com/fight-details/e09d17f97d6fc6b8
3771,364,Michel Prazeres vs. JC Cottrell,http://ufcstats.com/fight-details/adb86e0206cba97d
3770,364,Alex Oliveira vs. James Moontasri,http://ufcstats.com/fight-details/3aace29fcc65ec51
3769,364,Jason Knight vs. Jim Alers,http://ufcstats.com/fight-details/435c93cb89016fd1
3768,364,Luis Henrique vs. Dmitrii Smoliakov,http://ufcstats.com/fight-details/43fbc59edc7dfa9f
3767,363,John Lineker vs. Michael McDonald,http://ufcstats.com/fight-details/08c6b88ac22717ed
3766,363,Tony Ferguson vs. Lando Vannata,http://ufcstats.com/fight-details/824fb74f5fc34218
3765,363,Tim Boetsch vs. Josh Samman,http://ufcstats.com/fight-details/0f73ee9121ec7539
3764,363,Daniel Omielanczuk vs. Aleksei Oleinik,http://ufcstats.com/fight-details/0fed8d8499eae01a
3763,363,Keita Nakamura vs. Kyle Noke,http://ufcstats.com/fight-details/bb0770ead53940f5
3762,363,Louis Smolka vs. Ben Nguyen,http://ufcstats.com/fight-details/a2fe63d064567d14
3761,363,Katlyn Cerminara vs. Lauren Murphy,http://ufcstats.com/fight-details/ee46c069ebe691ff
3760,363,Sam Alvey vs. Eric Spicely,http://ufcstats.com/fight-details/2ef96a4eb306fbb4
3759,363,Cortney Casey vs. Cristina Stanciu,http://ufcstats.com/fight-details/2d205cc1da2e7930
3758,363,Scott Holtzman vs. Cody Pfister,http://ufcstats.com/fight-details/5b6451f3f83c719c
3757,363,Rani Yahya vs. Matthew Lopez,http://ufcstats.com/fight-details/df661c70c40adf84
3756,363,Alex Nicholson vs. Devin Clark,http://ufcstats.com/fight-details/0864112e968630ea
3755,362,Amanda Nunes vs. Miesha Tate,http://ufcstats.com/fight-details/135760b07e1fb79b
3754,362,Brock Lesnar vs. Mark Hunt,http://ufcstats.com/fight-details/83414cc83ec3f2ac
3753,362,Daniel Cormier vs. Anderson Silva,http://ufcstats.com/fight-details/424221c96ee13ceb
3752,362,Jose Aldo vs. Frankie Edgar,http://ufcstats.com/fight-details/84c5035830ebb421
3751,362,Cain Velasquez vs. Travis Browne,http://ufcstats.com/fight-details/1a66e67add5d55ef
3750,362,Julianna Pena vs. Cat Zingano,http://ufcstats.com/fight-details/96c93167c982c467
3749,362,Kelvin Gastelum vs. Johny Hendricks,http://ufcstats.com/fight-details/8c2e4d3cc4b9e93a
3748,362,TJ Dillashaw vs. Raphael Assuncao,http://ufcstats.com/fight-details/c1f74805a4ff9396
3747,362,Sage Northcutt vs. Enrique Marin,http://ufcstats.com/fight-details/d1aaef0d7f0c8e8b
3746,362,Joe Lauzon vs. Diego Sanchez,http://ufcstats.com/fight-details/9d7a798f0c20c04a
3745,362,Gegard Mousasi vs. Thiago Santos,http://ufcstats.com/fight-details/7679c5ee3514e119
3744,362,Jim Miller vs. Takanori Gomi,http://ufcstats.com/fight-details/433e3fd8782b6e0e
3743,361,Joanna Jedrzejczyk vs. Claudia Gadelha,http://ufcstats.com/fight-details/6ab9d2d334f613c8
3742,361,Andrew Sanchez vs. Khalil Rountree Jr.,http://ufcstats.com/fight-details/9fc85aef42733a16
3741,361,Tatiana Suarez vs. Amanda Cooper,http://ufcstats.com/fight-details/f8b9b5ee3d4a8ac3
3740,361,Will Brooks vs. Ross Pearson,http://ufcstats.com/fight-details/1299f04f429bcc0e
3739,361,Dooho Choi vs. Thiago Tavares,http://ufcstats.com/fight-details/febbd4eb209b4579
3738,361,Joaquim Silva vs. Andrew Holbrook,http://ufcstats.com/fight-details/6c4b3cca92fcb9c7
3737,361,Gray Maynard vs. Fernando Bruno,http://ufcstats.com/fight-details/36388dce4a8cc18f
3736,361,Matheus Nicolau vs. John Moraga,http://ufcstats.com/fight-details/9275134accfb1adc
3735,361,Josh Stansbury vs. Cory Hendricks,http://ufcstats.com/fight-details/f990e8b2a08053db
3734,361,Cezar Ferreira vs. Anthony Smith,http://ufcstats.com/fight-details/0c703bf17c04fee4
3733,361,Kevin Lee vs. Jake Matthews,http://ufcstats.com/fight-details/b319a24919106555
3732,361,Li Jingliang vs. Anton Zafir,http://ufcstats.com/fight-details/b3b5bd50fa34342c
3731,360,Eddie Alvarez vs. Rafael Dos Anjos,http://ufcstats.com/fight-details/bb9020ac324fb706
3730,360,Derrick Lewis vs. Roy Nelson,http://ufcstats.com/fight-details/9a984ea967886979
3729,360,Alan Jouban vs. Belal Muhammad,http://ufcstats.com/fight-details/420f4e4dc341eb57
3728,360,Joe Duffy vs. Mitch Clarke,http://ufcstats.com/fight-details/d39010c3511fb972
3727,360,Alberto Mina vs. Mike Pyle,http://ufcstats.com/fight-details/d18b33bdd37f4683
3726,360,John Makdessi vs. Mehdi Baghdad,http://ufcstats.com/fight-details/5e13fbe15c887a33
3725,360,Anthony Birchak vs. Dileno Lopes,http://ufcstats.com/fight-details/95a0d706e1f4cfa2
3724,360,Pedro Munhoz vs. Russell Doane,http://ufcstats.com/fight-details/a815119606930378
3723,360,Felipe Arantes vs. Jerrod Sanders,http://ufcstats.com/fight-details/509519d82e906c0f
3722,360,Gilbert Burns vs. Lukasz Sajewski,http://ufcstats.com/fight-details/e71a155192ff2f6c
3721,360,Marco Beltran vs. Reginaldo Vieira,http://ufcstats.com/fight-details/5cf03fdfe557803f
3720,360,Vicente Luque vs. Alvaro Herrera Mendoza,http://ufcstats.com/fight-details/caf3ca7fc0195412
3719,359,Stephen Thompson vs. Rory MacDonald,http://ufcstats.com/fight-details/75e21e2f5f3be42e
3718,359,Donald Cerrone vs. Patrick Cote,http://ufcstats.com/fight-details/4b8c8ae61251ff83
3717,359,Steve Bosse vs. Sean O'Connell,http://ufcstats.com/fight-details/ad61d042c43451a8
3716,359,Olivier Aubin-Mercier vs. Thibault Gouti,http://ufcstats.com/fight-details/c69c5830064fd591
3715,359,Joanne Wood vs. Valerie Letourneau,http://ufcstats.com/fight-details/fe6da751f2a4859a
3714,359,Jason Saggo vs. Leandro Silva,http://ufcstats.com/fight-details/2e11087e1a4f066b
3713,359,Misha Cirkunov vs. Ion Cutelaba,http://ufcstats.com/fight-details/911e151d1907197d
3712,359,Krzysztof Jotko vs. Tamdan McCrory,http://ufcstats.com/fight-details/68a93f8eb34f3251
3711,359,Joe Soto vs. Chris Beal,http://ufcstats.com/fight-details/4cf7792aef993be1
3710,359,Elias Theodorou vs. Sam Alvey,http://ufcstats.com/fight-details/b2039609019496d9
3709,359,Randa Markos vs. Jocelyn Jones-Lybarger,http://ufcstats.com/fight-details/afd53c8033f6ee82
3708,359,Colby Covington vs. Jonathan Meunier,http://ufcstats.com/fight-details/315b6e91a0239148
3707,359,Ali Bagautinov vs. Geane Herrera,http://ufcstats.com/fight-details/f8b32aeb9b628d89
3706,358,Michael Bisping vs. Luke Rockhold,http://ufcstats.com/fight-details/812ff38f0ed409ca
3705,358,Dominick Cruz vs. Urijah Faber,http://ufcstats.com/fight-details/9c884cbc3791bf60
3704,358,Max Holloway vs. Ricardo Lamas,http://ufcstats.com/fight-details/345b1bc51f0f5e86
3703,358,Dan Henderson vs. Hector Lombard,http://ufcstats.com/fight-details/c33cc8b85b9a202c
3702,358,Dustin Poirier vs. King Green,http://ufcstats.com/fight-details/e86a77b69d50a834
3701,358,Brian Ortega vs. Clay Guida,http://ufcstats.com/fight-details/db1be0ca226d3a2f
3700,358,Beneil Dariush vs. James Vick,http://ufcstats.com/fight-details/2c65d5d20cc893e4
3699,358,Jessica Andrade vs. Jessica Penne,http://ufcstats.com/fight-details/e06f96f3484ad74a
3698,358,Alex Caceres vs. Cole Miller,http://ufcstats.com/fight-details/5b55a8e33199d71e
3697,358,Sean Strickland vs. Tom Breese,http://ufcstats.com/fight-details/3e020d62796a7ce3
3696,358,Henrique da Silva vs. Jonathan Wilson,http://ufcstats.com/fight-details/5e794b8ef52c88cb
3695,358,Kevin Casey vs. Elvis Mutapcic,http://ufcstats.com/fight-details/e640fd983577d349
3694,358,Marco Polo Reyes vs. Dong Hyun Ma,http://ufcstats.com/fight-details/1cbb930fb77a3781
3693,357,Cody Garbrandt vs. Thomas Almeida,http://ufcstats.com/fight-details/8d9b460143ae19bc
3692,357,Jeremy Stephens vs. Renan Barao,http://ufcstats.com/fight-details/b2c3f1783a0c8530
3691,357,Rick Story vs. Tarec Saffiedine,http://ufcstats.com/fight-details/a78ccbb549d36ddd
3690,357,Chris Camozzi vs. Vitor Miranda,http://ufcstats.com/fight-details/313801a4262f1ea5
3689,357,Lorenz Larkin vs. Jorge Masvidal,http://ufcstats.com/fight-details/8d975de5d033ccde
3688,357,Paul Felder vs. Joshua Burkman,http://ufcstats.com/fight-details/6387fdb44c61ccdb
3687,357,Sara McMann vs. Jessica Eye,http://ufcstats.com/fight-details/934718256f4d082c
3686,357,Abel Trujillo vs. Jordan Rinaldi,http://ufcstats.com/fight-details/f457d55f78d581f9
3685,357,Jake Collier vs. Alberto Uda,http://ufcstats.com/fight-details/09b8253a30360429
3684,357,Erik Koch vs. Shane Campbell,http://ufcstats.com/fight-details/5724a9cf463c8390
3683,357,Bryan Caraway vs. Aljamain Sterling,http://ufcstats.com/fight-details/6e093a1d4286dad6
3682,357,Adam Milstead vs. Chris de la Rocha,http://ufcstats.com/fight-details/969970fbe24945d0
3681,356,Stipe Miocic vs. Fabricio Werdum,http://ufcstats.com/fight-details/e27504d07ebbc441
3680,356,Jacare Souza vs. Vitor Belfort,http://ufcstats.com/fight-details/80c4f70b7f7a1945
3679,356,Cristiane Justino vs. Leslie Smith,http://ufcstats.com/fight-details/ee9e4f8523a484a6
3678,356,Mauricio Rua vs. Corey Anderson,http://ufcstats.com/fight-details/8ec7d82619bfb564
3677,356,Bryan Barberena vs. Warlley Alves,http://ufcstats.com/fight-details/93026e3763542c05
3676,356,Demian Maia vs. Matt Brown,http://ufcstats.com/fight-details/9231cef371b89a46
3675,356,Thiago Santos vs. Nate Marquardt,http://ufcstats.com/fight-details/e99f92b92e90b228
3674,356,Francisco Trinaldo vs. Yancy Medeiros,http://ufcstats.com/fight-details/65d777a16fce2be8
3673,356,John Lineker vs. Rob Font,http://ufcstats.com/fight-details/040f227553de7838
3672,356,Rogerio Nogueira vs. Patrick Cummins,http://ufcstats.com/fight-details/375c2ecb6fe54cc6
3671,356,Sergio Moraes vs. Luan Chagas,http://ufcstats.com/fight-details/bc6100e6dd239db7
3670,356,Renato Moicano vs. Zubaira Tukhugov,http://ufcstats.com/fight-details/958f3b45c132c3b7
3669,355,Alistair Overeem vs. Andrei Arlovski,http://ufcstats.com/fight-details/5838305c25a54ea1
3668,355,Stefan Struve vs. Antonio Silva,http://ufcstats.com/fight-details/d480d01418ae0143
3667,355,Gunnar Nelson vs. Albert Tumenov,http://ufcstats.com/fight-details/03b9922d777e430c
3666,355,Germaine de Randamie vs. Anna Elmose,http://ufcstats.com/fight-details/692ceb2ac5fa4427
3665,355,Nikita Krylov vs. Francimar Barroso,http://ufcstats.com/fight-details/61f80a1732d37288
3664,355,Karolina Kowalkiewicz vs. Heather Clark,http://ufcstats.com/fight-details/c5990f9767b16c48
3663,355,Rustam Khabilov vs. Chris Wade,http://ufcstats.com/fight-details/97e895b7c2cb9db4
3662,355,Magnus Cedenblad vs. Garreth McLellan,http://ufcstats.com/fight-details/6d47170d069df8bb
3661,355,Josh Emmett vs. Jon Tuck,http://ufcstats.com/fight-details/7786b5fafee61c36
3660,355,Reza Madadi vs. Yan Cabral,http://ufcstats.com/fight-details/711fcf95370fa90b
3659,355,Kyoji Horiguchi vs. Neil Seery,http://ufcstats.com/fight-details/d37ed975c2b70fd2
3658,355,Leon Edwards vs. Dominic Waters,http://ufcstats.com/fight-details/6ccf478dca83757e
3657,355,Yuta Sasaki vs. Willie Gates,http://ufcstats.com/fight-details/5a9804cad2335272
3656,354,Jon Jones vs. Ovince Saint Preux,http://ufcstats.com/fight-details/05c8aeb2806be99c
3655,354,Demetrious Johnson vs. Henry Cejudo,http://ufcstats.com/fight-details/20dda78057d17a5a
3654,354,Edson Barboza vs. Anthony Pettis,http://ufcstats.com/fight-details/8b52a32f3644f493
3653,354,Robert Whittaker vs. Rafael Natal,http://ufcstats.com/fight-details/b65d0243d397802c
3652,354,Yair Rodriguez vs. Andre Fili,http://ufcstats.com/fight-details/43b416cf0c75dbd7
3651,354,Sergio Pettis vs. Chris Kelades,http://ufcstats.com/fight-details/e3a45f48dbda99c3
3650,354,Danny Roberts vs. Dominique Steele,http://ufcstats.com/fight-details/be0af5916c8e8e99
3649,354,Carla Esparza vs. Juliana Lima,http://ufcstats.com/fight-details/2c0ece9f70a62408
3648,354,James Vick vs. Glaico Franca Moreira,http://ufcstats.com/fight-details/f519753cc38362d0
3647,354,Walt Harris vs. Cody East,http://ufcstats.com/fight-details/92049ba4483fc840
3646,354,Marcos Rogerio de Lima vs. Clint Hester,http://ufcstats.com/fight-details/c7e084949531a443
3645,354,Kevin Lee vs. Efrain Escudero,http://ufcstats.com/fight-details/083a0283b7bc503b
3644,353,Glover Teixeira vs. Rashad Evans,http://ufcstats.com/fight-details/e5a88d0e816fd0f1
3643,353,Rose Namajunas vs. Tecia Pennington,http://ufcstats.com/fight-details/28f5f50617f2b686
3642,353,Khabib Nurmagomedov vs. Darrell Horcher,http://ufcstats.com/fight-details/781b4b6951df64fe
3641,353,Cub Swanson vs. Hacran Dias,http://ufcstats.com/fight-details/43e416795dbd10e9
3640,353,Michael Chiesa vs. Beneil Dariush,http://ufcstats.com/fight-details/613a288e8819fead
3639,353,Raquel Pennington vs. Bethe Correia,http://ufcstats.com/fight-details/377c8eb085bb8e00
3638,353,Santiago Ponzinibbio vs. Court McGee,http://ufcstats.com/fight-details/110e1d794443b736
3637,353,Michael Graves vs. Randy Brown,http://ufcstats.com/fight-details/8d9c71e110196262
3636,353,John Dodson vs. Manvel Gamburyan,http://ufcstats.com/fight-details/249b75a787dccfe6
3635,353,Cezar Ferreira vs. Oluwale Bamgbose,http://ufcstats.com/fight-details/3daf1c5fb854e626
3634,353,Elizeu Zaleski dos Santos vs. Omari Akhmedov,http://ufcstats.com/fight-details/815fd4ebdc288e83
3633,352,Junior Dos Santos vs. Ben Rothwell,http://ufcstats.com/fight-details/5f6b8e48e7d3b66f
3632,352,Derrick Lewis vs. Gabriel Gonzaga,http://ufcstats.com/fight-details/f4d9138ba502b7ec
3631,352,Francis Ngannou vs. Curtis Blaydes,http://ufcstats.com/fight-details/9b79c05aa978c066
3630,352,Timothy Johnson vs. Marcin Tybura,http://ufcstats.com/fight-details/eb53ec8983cb2a95
3629,352,Jan Blachowicz vs. Igor Pokrajac,http://ufcstats.com/fight-details/26779cfb01372664
3628,352,Maryna Moroz vs. Cristina Stanciu,http://ufcstats.com/fight-details/1a0bf11582ae518b
3627,352,Zak Cummings vs. Nicolas Dalby,http://ufcstats.com/fight-details/5aa7ecc6507841bd
3626,352,Alejandro Perez vs. Ian Entwistle,http://ufcstats.com/fight-details/d1d7400c131ed40e
3625,352,Mairbek Taisumov vs. Damir Hadzovic,http://ufcstats.com/fight-details/79884c0df84662b9
3624,352,Damian Stasiak vs. Filip Pejic,http://ufcstats.com/fight-details/3b5e1d6cbf9c8c9f
3623,352,Lucas Martins vs. Robert Whiteford,http://ufcstats.com/fight-details/42afd8c4fc85f485
3622,352,Jared Cannonier vs. Cyril Asker,http://ufcstats.com/fight-details/a020b5b917c27bb8
3621,352,Bojan Velickovic vs. Alessio Di Chirico,http://ufcstats.com/fight-details/fcb225f454ebf1a1
3620,351,Mark Hunt vs. Frank Mir,http://ufcstats.com/fight-details/fb98219ce569b384
3619,351,Neil Magny vs. Hector Lombard,http://ufcstats.com/fight-details/a26db2cee9eab1f9
3618,351,Jake Matthews vs. Johnny Case,http://ufcstats.com/fight-details/784a57385d0e87ff
3617,351,Daniel Kelly vs. Antonio Carlos Junior,http://ufcstats.com/fight-details/b33d1e693e3c9958
3616,351,Steve Bosse vs. James Te Huna,http://ufcstats.com/fight-details/cf13dd810b2bd061
3615,351,Bec Rawlings vs. Seo Hee Ham,http://ufcstats.com/fight-details/8bf419824ca91470
3614,351,Alan Jouban vs. Brendan O'Reilly,http://ufcstats.com/fight-details/ee31f081cf576273
3613,351,Dan Hooker vs. Mark Eddiva,http://ufcstats.com/fight-details/e3fb9146a7eaaa47
3612,351,Leslie Smith vs. Rin Nakai,http://ufcstats.com/fight-details/aa92030dfd8b5d40
3611,351,Viscardi Andrade vs. Richard Walsh,http://ufcstats.com/fight-details/d2105d00baa3e15e
3610,351,Ross Pearson vs. Chad Laprise,http://ufcstats.com/fight-details/f7c9f7a6edca5299
3609,351,Alan Patrick vs. Damien Brown,http://ufcstats.com/fight-details/95d46f7a7e72f91c
3608,350,Nate Diaz vs. Conor McGregor,http://ufcstats.com/fight-details/4ace70bff9debdfb
3607,350,Miesha Tate vs. Holly Holm,http://ufcstats.com/fight-details/7ffd80b65b0ff942
3606,350,Ilir Latifi vs. Gian Villante,http://ufcstats.com/fight-details/17c598d7841daae0
3605,350,Corey Anderson vs. Tom Lawlor,http://ufcstats.com/fight-details/0bdea30d7a7322f7
3604,350,Amanda Nunes vs. Valentina Shevchenko,http://ufcstats.com/fight-details/ba2f3b9a12400aa0
3603,350,Siyar Bahadurzada vs. Brandon Thatch,http://ufcstats.com/fight-details/e86f7b7f3a047d2a
3602,350,Nordine Taleb vs. Erick Silva,http://ufcstats.com/fight-details/90a5ddd6738605d9
3601,350,Vitor Miranda vs. Marcelo Guimaraes,http://ufcstats.com/fight-details/49f83168974fb60f
3600,350,Darren Elkins vs. Chas Skelly,http://ufcstats.com/fight-details/d3255f2b8ef2b559
3599,350,Diego Sanchez vs. Jim Miller,http://ufcstats.com/fight-details/3f3b8dcd16dd7383
3598,350,Jason Saggo vs. Justin Salas,http://ufcstats.com/fight-details/8295c37ad4b6187e
3597,350,Teruto Ishihara vs. Julian Erosa,http://ufcstats.com/fight-details/6ecd93dbbaba7e10
3596,349,Michael Bisping vs. Anderson Silva,http://ufcstats.com/fight-details/0e9091311ca565ce
3595,349,Gegard Mousasi vs. Thales Leites,http://ufcstats.com/fight-details/b45d0e0d2bba01e9
3594,349,Tom Breese vs. Keita Nakamura,http://ufcstats.com/fight-details/0d043ecaf5bbc3ae
3593,349,Brad Pickett vs. Francisco Rivera,http://ufcstats.com/fight-details/7c20284c4c2dc9d3
3592,349,Makwan Amirkhani vs. Mike Wilkinson,http://ufcstats.com/fight-details/dcf052ef89a66397
3591,349,Davey Grant vs. Marlon Vera,http://ufcstats.com/fight-details/c959b92fb36220a3
3590,349,Scott Askham vs. Chris Dempsey,http://ufcstats.com/fight-details/5bff1ece35abac7f
3589,349,Arnold Allen vs. Yaotzin Meza,http://ufcstats.com/fight-details/c82f9bc365ff1074
3588,349,Krzysztof Jotko vs. Brad Scott,http://ufcstats.com/fight-details/2af50cc7f34f6fc2
3587,349,Rustam Khabilov vs. Norman Parke,http://ufcstats.com/fight-details/b29d4e0117776bb3
3586,349,Daniel Omielanczuk vs. Jarjis Danho,http://ufcstats.com/fight-details/a80579fe679d24e2
3585,349,Teemu Packalen vs. Thibault Gouti,http://ufcstats.com/fight-details/4bf6b6904ec94421
3584,349,David Teymur vs. Martin Svensson,http://ufcstats.com/fight-details/0845e0f9e8d61b0f
3583,348,Donald Cerrone vs. Alex Oliveira,http://ufcstats.com/fight-details/214fa13c3f230259
3582,348,Derek Brunson vs. Roan Carneiro,http://ufcstats.com/fight-details/eadb215519406e92
3581,348,Cody Garbrandt vs. Augusto Mendes,http://ufcstats.com/fight-details/2f15a2ed6cd4711f
3580,348,Dennis Bermudez vs. Tatsuya Kawajiri,http://ufcstats.com/fight-details/3bd5dbc1598c409d
3579,348,Chris Camozzi vs. Joe Riggs,http://ufcstats.com/fight-details/a06a3bc70d7c4264
3578,348,James Krause vs. Shane Campbell,http://ufcstats.com/fight-details/b7653a82f4b07b1f
3577,348,Sean Strickland vs. Alex Garcia,http://ufcstats.com/fight-details/607d22f0b3db4f1f
3576,348,Oluwale Bamgbose vs. Daniel Sarafian,http://ufcstats.com/fight-details/014a3acf91ada8af
3575,348,Anthony Smith vs. Leonardo Guimaraes,http://ufcstats.com/fight-details/d373de3e072f7e57
3574,348,Nathan Coy vs. Jonavin Webb,http://ufcstats.com/fight-details/94d708a8a8fefdef
3573,348,Ashlee Evans-Smith vs. Marion Reneau,http://ufcstats.com/fight-details/5d000de6fa836f66
3572,348,Lauren Murphy vs. Kelly Faszholz,http://ufcstats.com/fight-details/cc4a23ed2cbc8aa4
3571,348,Shamil Abdurakhimov vs. Anthony Hamilton,http://ufcstats.com/fight-details/e508ba268cb295c0
3570,347,Stephen Thompson vs. Johny Hendricks,http://ufcstats.com/fight-details/3cbbf947fd0d2144
3569,347,Roy Nelson vs. Jared Rosholt,http://ufcstats.com/fight-details/a3935c950c40462b
3568,347,Ovince Saint Preux vs. Rafael Cavalcante,http://ufcstats.com/fight-details/37008594c087470c
3567,347,Joseph Benavidez vs. Zach Makovsky,http://ufcstats.com/fight-details/98035e427b476717
3566,347,Misha Cirkunov vs. Alex Nicholson,http://ufcstats.com/fight-details/45500515780758f0
3565,347,Mike Pyle vs. Sean Spencer,http://ufcstats.com/fight-details/d6e1205babf27a9d
3564,347,Joshua Burkman vs. KJ Noons,http://ufcstats.com/fight-details/d0a8304574e65ec9
3563,347,Derrick Lewis vs. Damian Grabowski,http://ufcstats.com/fight-details/640dbb5a89c0aad6
3562,347,Justin Scoggins vs. Ray Borg,http://ufcstats.com/fight-details/311156891c7bdf60
3561,347,Diego Rivas vs. Noad Lahat,http://ufcstats.com/fight-details/3760216f68f448b7
3560,347,Mickey Gall vs. Mike Jackson,http://ufcstats.com/fight-details/ee9173615ef4cfae
3559,347,Alex White vs. Artem Lobov,http://ufcstats.com/fight-details/02ace8fdd83c6480
3558,346,Anthony Johnson vs. Ryan Bader,http://ufcstats.com/fight-details/4c7390e4d169f6ff
3557,346,Ben Rothwell vs. Josh Barnett,http://ufcstats.com/fight-details/6c1dba8a3ba4f42e
3556,346,Jimmie Rivera vs. Iuri Alcantara,http://ufcstats.com/fight-details/4ce0a62cdad7bf32
3555,346,Bryan Barberena vs. Sage Northcutt,http://ufcstats.com/fight-details/d2591df4fa9cc44e
3554,346,Tarec Saffiedine vs. Jake Ellenberger,http://ufcstats.com/fight-details/44c6d87116bb3a10
3553,346,Diego Ferreira vs. Olivier Aubin-Mercier,http://ufcstats.com/fight-details/b810951e39a0af1b
3552,346,Rafael Natal vs. Kevin Casey,http://ufcstats.com/fight-details/7bb335510a749419
3551,346,Wilson Reis vs. Dustin Ortiz,http://ufcstats.com/fight-details/fa5244817650f401
3550,346,Alexander Yakovlev vs. George Sullivan,http://ufcstats.com/fight-details/6eb4b84c4b10854a
3549,346,Alex Caceres vs. Masio Fullen,http://ufcstats.com/fight-details/6066dc40bb3ce8db
3548,346,Randy Brown vs. Matt Dwyer,http://ufcstats.com/fight-details/15f48dd8cf8ae455
3547,346,Damon Jackson vs. Levan Makashvili,http://ufcstats.com/fight-details/df8391ca39160d8c
3546,346,Anthony Rocco Martin vs. Felipe Olivieri,http://ufcstats.com/fight-details/318449b3f9346566
3545,345,Dominick Cruz vs. TJ Dillashaw,http://ufcstats.com/fight-details/c4938baf92d2dc31
3544,345,Eddie Alvarez vs. Anthony Pettis,http://ufcstats.com/fight-details/3ce6f9eb59a1e149
3543,345,Travis Browne vs. Matt Mitrione,http://ufcstats.com/fight-details/762de3b0b32ba937
3542,345,Francisco Trinaldo vs. Ross Pearson,http://ufcstats.com/fight-details/d0dc419dc7acb7e2
3541,345,Patrick Cote vs. Ben Saunders,http://ufcstats.com/fight-details/a7adbceeff234b61
3540,345,Ed Herman vs. Tim Boetsch,http://ufcstats.com/fight-details/f8ad660497e49187
3539,345,Chris Wade vs. Mehdi Baghdad,http://ufcstats.com/fight-details/226c6a86f4f81122
3538,345,Luke Sanders vs. Maximo Blanco,http://ufcstats.com/fight-details/cdf048ec9b917cfa
3537,345,Paul Felder vs. Daron Cruickshank,http://ufcstats.com/fight-details/52abce3a11b43b1d
3536,345,Ilir Latifi vs. Sean O'Connell,http://ufcstats.com/fight-details/2e0493171c4ee80f
3535,345,Charles Rosa vs. Kyle Bochniak,http://ufcstats.com/fight-details/5afd44d1e567d2e8
3534,345,Rob Font vs. Joey Gomez,http://ufcstats.com/fight-details/18cdc16fc7ab7ce1
3533,345,Francimar Barroso vs. Elvis Mutapcic,http://ufcstats.com/fight-details/649b2db3709b07fe
3532,344,Robbie Lawler vs. Carlos Condit,http://ufcstats.com/fight-details/f079cb2db8dbbf04
3531,344,Stipe Miocic vs. Andrei Arlovski,http://ufcstats.com/fight-details/f2916c10b7ecfcee
3530,344,Albert Tumenov vs. Lorenz Larkin,http://ufcstats.com/fight-details/050eb872a69c66bd
3529,344,Brian Ortega vs. Diego Brandao,http://ufcstats.com/fight-details/71499934c065fecb
3528,344,Abel Trujillo vs. Tony Sims,http://ufcstats.com/fight-details/5337461354f23b98
3527,344,Michael McDonald vs. Masanori Kanehara,http://ufcstats.com/fight-details/a19d619f1b9bee7b
3526,344,Alex Morono vs. Kyle Noke,http://ufcstats.com/fight-details/454861874ecc52d7
3525,344,Justine Kish vs. Nina Nunes,http://ufcstats.com/fight-details/595557b808febe27
3524,344,Drew Dober vs. Scott Holtzman,http://ufcstats.com/fight-details/99a7172fb7438244
3523,344,Dustin Poirier vs. Joe Duffy,http://ufcstats.com/fight-details/4fa02674b920ff0a
3522,344,Michinori Tanaka vs. Joe Soto,http://ufcstats.com/fight-details/b46b27222e62aec1
3521,344,Sheldon Westcott vs. Edgar Garcia,http://ufcstats.com/fight-details/d5778494ce663d7f
3520,343,Rafael Dos Anjos vs. Donald Cerrone,http://ufcstats.com/fight-details/81f287d035190506
3519,343,Alistair Overeem vs. Junior Dos Santos,http://ufcstats.com/fight-details/1f0254eeb2025e4f
3518,343,Nate Diaz vs. Michael Johnson,http://ufcstats.com/fight-details/4942323a5d5a6594
3517,343,Karolina Kowalkiewicz vs. Randa Markos,http://ufcstats.com/fight-details/95ead23dc0c73285
3516,343,Charles Oliveira vs. Myles Jury,http://ufcstats.com/fight-details/164f56eb25d6a9b4
3515,343,Nate Marquardt vs. CB Dollaway,http://ufcstats.com/fight-details/3fc9fea36fc7ec37
3514,343,Valentina Shevchenko vs. Sarah Kaufman,http://ufcstats.com/fight-details/b26ec098a5a57401
3513,343,Tamdan McCrory vs. Josh Samman,http://ufcstats.com/fight-details/7c883cf0b5eedc59
3512,343,Nik Lentz vs. Danny Castillo,http://ufcstats.com/fight-details/0ad5c6752e679de5
3511,343,Cole Miller vs. Jim Alers,http://ufcstats.com/fight-details/b2857e799319f931
3510,343,Kamaru Usman vs. Leon Edwards,http://ufcstats.com/fight-details/2f0bfdc3c325662d
3509,343,Vicente Luque vs. Hayder Hassan,http://ufcstats.com/fight-details/e1ec8774466db669
3508,343,Francis Ngannou vs. Luis Henrique,http://ufcstats.com/fight-details/f7fd4b82e827c9c4
3507,342,Conor McGregor vs. Jose Aldo,http://ufcstats.com/fight-details/b302e12550278ffd
3506,342,Luke Rockhold vs. Chris Weidman,http://ufcstats.com/fight-details/ff389a4326fc9255
3505,342,Yoel Romero vs. Jacare Souza,http://ufcstats.com/fight-details/f83c6bdd553b5851
3504,342,Demian Maia vs. Gunnar Nelson,http://ufcstats.com/fight-details/8fe1859721e95ce3
3503,342,Max Holloway vs. Jeremy Stephens,http://ufcstats.com/fight-details/3b321550c8b4aae6
3502,342,Urijah Faber vs. Frankie Saenz,http://ufcstats.com/fight-details/c4fd59db24f978ec
3501,342,Tecia Pennington vs. Jocelyn Jones-Lybarger,http://ufcstats.com/fight-details/0eab2845f901f8b6
3500,342,Warlley Alves vs. Colby Covington,http://ufcstats.com/fight-details/01924e35b149b28f
3499,342,Leonardo Santos vs. Kevin Lee,http://ufcstats.com/fight-details/fa2e2a035b36b9d6
3498,342,Magomed Mustafaev vs. Joe Proctor,http://ufcstats.com/fight-details/5edfc539cc58a28d
3497,342,Yancy Medeiros vs. John Makdessi,http://ufcstats.com/fight-details/064404b0aaf6f95d
3496,342,Court McGee vs. Marcio Alexandre Junior,http://ufcstats.com/fight-details/d48f938269b8ed0b
3495,341,Frankie Edgar vs. Chad Mendes,http://ufcstats.com/fight-details/18292c8eb20ae045
3494,341,Ryan Hall vs. Artem Lobov,http://ufcstats.com/fight-details/1123fceef316106e
3493,341,Tony Ferguson vs. Edson Barboza,http://ufcstats.com/fight-details/c64c2ca5d4d2c7b8
3492,341,Evan Dunham vs. Joe Lauzon,http://ufcstats.com/fight-details/991680cd8d0b7900
3491,341,Tatsuya Kawajiri vs. Jason Knight,http://ufcstats.com/fight-details/ce82f34bc14f7af0
3490,341,Julian Erosa vs. Marcin Wrzosek,http://ufcstats.com/fight-details/1362ccc16713d404
3489,341,Gabriel Gonzaga vs. Konstantin Erokhin,http://ufcstats.com/fight-details/a99c3328e25c51c7
3488,341,Ryan LaFlare vs. Mike Pierce,http://ufcstats.com/fight-details/465707233fa9cf7c
3487,341,Geane Herrera vs. Joby Sanchez,http://ufcstats.com/fight-details/c5ce4f39269c842c
3486,341,Chris Gruetzemacher vs. Abner Lloveras,http://ufcstats.com/fight-details/b22dbe21c21060b9
3485,340,Rose Namajunas vs. Paige VanZant,http://ufcstats.com/fight-details/d8fe965281e2e312
3484,340,Michael Chiesa vs. Jim Miller,http://ufcstats.com/fight-details/045c298c72fe196a
3483,340,Sage Northcutt vs. Cody Pfister,http://ufcstats.com/fight-details/cc1993d02d28a3b9
3482,340,Thiago Santos vs. Elias Theodorou,http://ufcstats.com/fight-details/3e6babcbd7b9d364
3481,340,Tim Means vs. John Howard,http://ufcstats.com/fight-details/69aa797cef2e4782
3480,340,Sergio Moraes vs. Omari Akhmedov,http://ufcstats.com/fight-details/1cc9816d18aa29d0
3479,340,Antonio Carlos Junior vs. Kevin Casey,http://ufcstats.com/fight-details/633fbb0894c002d2
3478,340,Aljamain Sterling vs. Johnny Eduardo,http://ufcstats.com/fight-details/5574c020655b435e
3477,340,Santiago Ponzinibbio vs. Andreas Stahl,http://ufcstats.com/fight-details/3636ca71c557c5e8
3476,340,Danny Roberts vs. Nathan Coy,http://ufcstats.com/fight-details/3e875e1625bbdfbd
3475,340,Zubaira Tukhugov vs. Phillipe Nover,http://ufcstats.com/fight-details/f2ac86cd3e863243
3474,340,Kailin Curran vs. Emily Kagan,http://ufcstats.com/fight-details/8bfa9df5341c95c0
3473,339,Benson Henderson vs. Jorge Masvidal,http://ufcstats.com/fight-details/982f4f96b6d0f346
3472,339,Dong Hyun Kim vs. Dominic Waters,http://ufcstats.com/fight-details/6ec62f8822843edf
3471,339,Alberto Mina vs. Yoshihiro Akiyama,http://ufcstats.com/fight-details/caef4f8801f39345
3470,339,Dooho Choi vs. Sam Sicilia,http://ufcstats.com/fight-details/a09bfdaa83d99efb
3469,339,Dongi Yang vs. Jake Collier,http://ufcstats.com/fight-details/3266f569a6246d90
3468,339,Mike de la Torre vs. Yui Chul Nam,http://ufcstats.com/fight-details/85168b8d99f7ce42
3467,339,Tae Hyun Bang vs. Leo Kuntz,http://ufcstats.com/fight-details/e8d3768f293a699b
3466,339,Seo Hee Ham vs. Cortney Casey,http://ufcstats.com/fight-details/0f641756e99605ad
3465,339,Fredy Serrano vs. Yao Zhikui,http://ufcstats.com/fight-details/3a932a4cacacc939
3464,339,Marco Beltran vs. Guangyou Ning,http://ufcstats.com/fight-details/7ac1c2f87b795742
3463,339,Dominique Steele vs. Dong Hyun Ma,http://ufcstats.com/fight-details/5a79d4b9a8f8352f
3462,338,Neil Magny vs. Kelvin Gastelum,http://ufcstats.com/fight-details/d3ccf71e68480007
3461,338,Ricardo Lamas vs. Diego Sanchez,http://ufcstats.com/fight-details/34a39beb93225e2e
3460,338,Henry Cejudo vs. Jussier Formiga,http://ufcstats.com/fight-details/e8d087f822be7b02
3459,338,Erick Montano vs. Enrique Marin,http://ufcstats.com/fight-details/06c124a55f77a7a5
3458,338,Enrique Barzola vs. Horacio Gutierrez,http://ufcstats.com/fight-details/0cbeda449bc94af7
3457,338,Leandro Silva vs. Efrain Escudero,http://ufcstats.com/fight-details/4e3611c9a9e20ff0
3456,338,Erik Perez vs. Taylor Lapilus,http://ufcstats.com/fight-details/83b32e9300fec365
3455,338,Bartosz Fabinski vs. Hector Urbina,http://ufcstats.com/fight-details/2a702055a79d95a7
3454,338,Alejandro Perez vs. Scott Jorgensen,http://ufcstats.com/fight-details/4339e30a856c1da8
3453,338,Andre Fili vs. Gabriel Benitez,http://ufcstats.com/fight-details/f5eae75fc240aaa6
3452,338,Alvaro Herrera Mendoza vs. Vernon Ramos Ho,http://ufcstats.com/fight-details/44502b8c5546fb12
3451,338,Marco Polo Reyes vs. Cesar Arzamendia,http://ufcstats.com/fight-details/84d89d2f36d07dc0
3450,338,Michel Prazeres vs. Valmir Lazaro,http://ufcstats.com/fight-details/d6482fcb69b04904
3449,337,Holly Holm vs. Ronda Rousey,http://ufcstats.com/fight-details/08af25ef4252b138
3448,337,Joanna Jedrzejczyk vs. Valerie Letourneau,http://ufcstats.com/fight-details/391d458db6dae33b
3447,337,Mark Hunt vs. Antonio Silva,http://ufcstats.com/fight-details/27a6a6d4e3f8be75
3446,337,Robert Whittaker vs. Uriah Hall,http://ufcstats.com/fight-details/766dc3c5592b4d0d
3445,337,Jared Rosholt vs. Stefan Struve,http://ufcstats.com/fight-details/98301c092f00cb01
3444,337,Jake Matthews vs. Akbarh Arreola,http://ufcstats.com/fight-details/0f85a1d9ce42d13e
3443,337,Kyle Noke vs. Peter Sobotta,http://ufcstats.com/fight-details/77185ff8b4dade6a
3442,337,Gian Villante vs. Anthony Perosh,http://ufcstats.com/fight-details/1dfbdd569585812f
3441,337,Danny Martinez vs. Richie Vaculik,http://ufcstats.com/fight-details/f602cc168383432f
3440,337,Daniel Kelly vs. Steve Montgomery,http://ufcstats.com/fight-details/d5149f02b1ee7dc6
3439,337,Richard Walsh vs. Steve Kennedy,http://ufcstats.com/fight-details/f281a6775bccb8df
3438,337,James Moontasri vs. Anton Zafir,http://ufcstats.com/fight-details/d20dc2d68305fc31
3437,337,Ben Nguyen vs. Ryan Benoit,http://ufcstats.com/fight-details/15aced6a6a61df90
3436,336,Vitor Belfort vs. Dan Henderson,http://ufcstats.com/fight-details/93c4b798134c71d4
3435,336,Glover Teixeira vs. Patrick Cummins,http://ufcstats.com/fight-details/2be2c9ddfbee0cd4
3434,336,Thomas Almeida vs. Anthony Birchak,http://ufcstats.com/fight-details/3c6659f1b09760ba
3433,336,Alex Oliveira vs. Piotr Hallmann,http://ufcstats.com/fight-details/a637cd1012af870f
3432,336,Rashid Magomedov vs. Gilbert Burns,http://ufcstats.com/fight-details/f0b151cc6c91b259
3431,336,Corey Anderson vs. Fabio Maldonado,http://ufcstats.com/fight-details/0339f66f18a3e0bf
3430,336,Abel Trujillo vs. Gleison Tibau,http://ufcstats.com/fight-details/37c732554828dcc3
3429,336,Johnny Case vs. Yan Cabral,http://ufcstats.com/fight-details/dc4f7eaaa2c9d450
3428,336,Thiago Tavares vs. Clay Guida,http://ufcstats.com/fight-details/b21e4b6c4126c782
3427,336,Chas Skelly vs. Edimilson Souza,http://ufcstats.com/fight-details/6d9f6f7004c791d5
3426,336,Viscardi Andrade vs. Gasan Umalatov,http://ufcstats.com/fight-details/4ff0075d932d5b14
3425,336,Jimmie Rivera vs. Pedro Munhoz,http://ufcstats.com/fight-details/d2198a7ae05b24c1
3424,336,Matheus Nicolau vs. Bruno Korea,http://ufcstats.com/fight-details/e5461559114e30ff
3423,335,Louis Smolka vs. Paddy Holohan,http://ufcstats.com/fight-details/8d1559bbcea7e92a
3422,335,Norman Parke vs. Reza Madadi,http://ufcstats.com/fight-details/5ae114b3fdef6d2f
3421,335,Nicolas Dalby vs. Darren Till,http://ufcstats.com/fight-details/2e0ae17a22a6f824
3420,335,Neil Seery vs. Jon Delos Reyes,http://ufcstats.com/fight-details/a1569926652ebc36
3419,335,Stevie Ray vs. Mickael Lebout,http://ufcstats.com/fight-details/665a35fcac41d277
3418,335,Aisling Daly vs. Ericka Almeida,http://ufcstats.com/fight-details/475a41d83edd47dd
3417,335,Krzysztof Jotko vs. Scott Askham,http://ufcstats.com/fight-details/3e39829aedc9346f
3416,335,Tom Breese vs. Cathal Pendred,http://ufcstats.com/fight-details/2ad291d61792fd7d
3415,335,Darren Elkins vs. Robert Whiteford,http://ufcstats.com/fight-details/cf3a93dd5460593c
3414,335,Garreth McLellan vs. Bubba Bush,http://ufcstats.com/fight-details/43313a340ff0d2b5
3413,334,Daniel Cormier vs. Alexander Gustafsson,http://ufcstats.com/fight-details/f5de8b2c81e91129
3412,334,Ryan Bader vs. Rashad Evans,http://ufcstats.com/fight-details/e2e23aee91e27847
3411,334,Ruslan Magomedov vs. Shawn Jordan,http://ufcstats.com/fight-details/4b790d75c4bc694c
3410,334,Joseph Benavidez vs. Ali Bagautinov,http://ufcstats.com/fight-details/c43e99000f3c77b5
3409,334,Julianna Pena vs. Jessica Eye,http://ufcstats.com/fight-details/bdc1561ed4c6e22f
3408,334,Yair Rodriguez vs. Dan Hooker,http://ufcstats.com/fight-details/7ab1cdfe3e540856
3407,334,Albert Tumenov vs. Alan Jouban,http://ufcstats.com/fight-details/2615d94ab16380f9
3406,334,Adriano Martins vs. Islam Makhachev,http://ufcstats.com/fight-details/678db400f85ae15c
3405,334,Rose Namajunas vs. Angela Hill,http://ufcstats.com/fight-details/32b030138bfd4f88
3404,334,Sage Northcutt vs. Francisco Trevino,http://ufcstats.com/fight-details/fee873593f588437
3403,334,Sergio Pettis vs. Chris Cariaso,http://ufcstats.com/fight-details/278cd1803ccc004f
3402,334,Derrick Lewis vs. Viktor Pesta,http://ufcstats.com/fight-details/2b3b6e96cea0f757
3401,333,Josh Barnett vs. Roy Nelson,http://ufcstats.com/fight-details/34fd6ac116645ae6
3400,333,Uriah Hall vs. Gegard Mousasi,http://ufcstats.com/fight-details/6712440cd01dffdb
3399,333,Kyoji Horiguchi vs. Chico Camus,http://ufcstats.com/fight-details/26ac85fc4bee63a6
3398,333,Takeya Mizugaki vs. George Roop,http://ufcstats.com/fight-details/e7e244a0bf244e61
3397,333,Diego Brandao vs. Katsunori Kikuno,http://ufcstats.com/fight-details/1c5bed46920ab3e1
3396,333,Mizuto Hirota vs. Teruto Ishihara,http://ufcstats.com/fight-details/2ab47d509ee7dc6d
3395,333,Keita Nakamura vs. Li Jingliang,http://ufcstats.com/fight-details/85e1b21ea88fe7e3
3394,333,Nick Hein vs. Yusuke Kasuya,http://ufcstats.com/fight-details/374508c76108d7fe
3393,333,Kajan Johnson vs. Naoyuki Kotani,http://ufcstats.com/fight-details/b82b243982fcb2ac
3392,333,Shinsho Anzai vs. Roger Zapata,http://ufcstats.com/fight-details/74e86c7782cafe27
3391,332,Demetrious Johnson vs. John Dodson,http://ufcstats.com/fight-details/4496c2fa6aaccba6
3390,332,Andrei Arlovski vs. Frank Mir,http://ufcstats.com/fight-details/6f5f4b256f643ffb
3389,332,Anthony Johnson vs. Jimi Manuwa,http://ufcstats.com/fight-details/e0f8e1e8cbdd63da
3388,332,Corey Anderson vs. Jan Blachowicz,http://ufcstats.com/fight-details/7e1ae27779ac6ba5
3387,332,Paige VanZant vs. Alex Chambers,http://ufcstats.com/fight-details/05d2534e0f2d5042
3386,332,Ross Pearson vs. Paul Felder,http://ufcstats.com/fight-details/0449c55a8c24a59e
3385,332,John Lineker vs. Francisco Rivera,http://ufcstats.com/fight-details/52f0398eb74c139d
3384,332,Raquel Pennington vs. Jessica Andrade,http://ufcstats.com/fight-details/1b52b08f195581ad
3383,332,Tiago dos Santos e Silva vs. Clay Collard,http://ufcstats.com/fight-details/777df8b5e28f42ff
3382,332,Joe Riggs vs. Ron Stallings,http://ufcstats.com/fight-details/86afc59ec117c1ba
3381,332,Joaquim Silva vs. Nazareno Malegarie,http://ufcstats.com/fight-details/c43805df4f45b6e2
3380,331,Max Holloway vs. Charles Oliveira,http://ufcstats.com/fight-details/05e2832cd5ffb7a6
3379,331,Neil Magny vs. Erick Silva,http://ufcstats.com/fight-details/2c01f4df404ff6ee
3378,331,Patrick Cote vs. Joshua Burkman,http://ufcstats.com/fight-details/499557c33e67deaf
3377,331,Francisco Trinaldo vs. Chad Laprise,http://ufcstats.com/fight-details/870a98d6f943d9b7
3376,331,Olivier Aubin-Mercier vs. Tony Sims,http://ufcstats.com/fight-details/961246a6d621ef40
3375,331,Valerie Letourneau vs. Maryna Moroz,http://ufcstats.com/fight-details/20b70a226f1c13fb
3374,331,Frankie Perez vs. Sam Stout,http://ufcstats.com/fight-details/3945b08be8d62861
3373,331,Felipe Arantes vs. Yves Jabouin,http://ufcstats.com/fight-details/1bf7f647f309464e
3372,331,Nikita Krylov vs. Marcos Rogerio de Lima,http://ufcstats.com/fight-details/21d6db22c6089308
3371,331,Chris Kelades vs. Chris Beal,http://ufcstats.com/fight-details/785dd27b03946f95
3370,331,Shane Campbell vs. Elias Silverio,http://ufcstats.com/fight-details/2d23ca9d8abc0c97
3369,331,Misha Cirkunov vs. Daniel Jolly,http://ufcstats.com/fight-details/22e5596f75d9d8e7
3368,330,Glover Teixeira vs. Ovince Saint Preux,http://ufcstats.com/fight-details/2ef16a5ff3710c92
3367,330,Beneil Dariush vs. Michael Johnson,http://ufcstats.com/fight-details/d4e98b827e3d6918
3366,330,Derek Brunson vs. Sam Alvey,http://ufcstats.com/fight-details/9900550cc697eef2
3365,330,Jared Rosholt vs. Timothy Johnson,http://ufcstats.com/fight-details/9d72aaaf34e5b512
3364,330,Amanda Nunes vs. Sara McMann,http://ufcstats.com/fight-details/bd6d144f5c0b6cab
3363,330,Ray Borg vs. Geane Herrera,http://ufcstats.com/fight-details/e2535e0753954514
3362,330,Uriah Hall vs. Oluwale Bamgbose,http://ufcstats.com/fight-details/664e56d8a98e2b49
3361,330,Chris Camozzi vs. Tom Watson,http://ufcstats.com/fight-details/00dcad4611fc63fe
3360,330,Dustin Ortiz vs. Willie Gates,http://ufcstats.com/fight-details/92f27d13fc502d33
3359,330,Frankie Saenz vs. Sirwan Kakai,http://ufcstats.com/fight-details/d757f19f3d34934b
3358,330,Jonathan Wilson vs. Chris Dempsey,http://ufcstats.com/fight-details/b0c2442c5a7c509a
3357,330,Marlon Vera vs. Roman Salazar,http://ufcstats.com/fight-details/50d5a170516de2ad
3356,330,Scott Holtzman vs. Anthony Christodoulou,http://ufcstats.com/fight-details/503a9ac5679c9cf7
3355,329,Ronda Rousey vs. Bethe Correia,http://ufcstats.com/fight-details/60c62fb7bd17a8b3
3354,329,Mauricio Rua vs. Rogerio Nogueira,http://ufcstats.com/fight-details/aa62b8f58fc09790
3353,329,Glaico Franca Moreira vs. Fernando Bruno,http://ufcstats.com/fight-details/431e7931d8be8b5d
3352,329,Reginaldo Vieira vs. Dileno Lopes,http://ufcstats.com/fight-details/480aca1906276700
3351,329,Stefan Struve vs. Antonio Rodrigo Nogueira,http://ufcstats.com/fight-details/b0367c907cc549c0
3350,329,Antonio Silva vs. Soa Palelei,http://ufcstats.com/fight-details/8baa6b8850262595
3349,329,Claudia Gadelha vs. Jessica Aguilar,http://ufcstats.com/fight-details/0bf405dabb25251a
3348,329,Demian Maia vs. Neil Magny,http://ufcstats.com/fight-details/17daeb7e36e60cdf
3347,329,Patrick Cummins vs. Rafael Cavalcante,http://ufcstats.com/fight-details/2116affb9c8f193b
3346,329,Warlley Alves vs. Nordine Taleb,http://ufcstats.com/fight-details/72330020a732c635
3345,329,Iuri Alcantara vs. Leandro Issa,http://ufcstats.com/fight-details/7c9830ee4835f757
3344,329,Vitor Miranda vs. Clint Hester,http://ufcstats.com/fight-details/959de17703476f44
3343,329,Guido Cannetti vs. Hugo Viana,http://ufcstats.com/fight-details/f7ffa11d592f4092
3342,328,TJ Dillashaw vs. Renan Barao,http://ufcstats.com/fight-details/f963d716384153ff
3341,328,Miesha Tate vs. Jessica Eye,http://ufcstats.com/fight-details/05065fa2bc3693b4
3340,328,Edson Barboza vs. Paul Felder,http://ufcstats.com/fight-details/c97e99ca5422f03b
3339,328,Joe Lauzon vs. Takanori Gomi,http://ufcstats.com/fight-details/bb56f4e502512ad0
3338,328,Tom Lawlor vs. Gian Villante,http://ufcstats.com/fight-details/cd55220a7b1378c4
3337,328,Jim Miller vs. Danny Castillo,http://ufcstats.com/fight-details/6275b448b6c35f1f
3336,328,Ben Saunders vs. Kenny Robertson,http://ufcstats.com/fight-details/e8f499827178a321
3335,328,Bryan Caraway vs. Eddie Wineland,http://ufcstats.com/fight-details/23fd9d50a99665fe
3334,328,James Krause vs. Daron Cruickshank,http://ufcstats.com/fight-details/da7d7b4f20cd2af5
3333,328,Andrew Holbrook vs. Ramsey Nijem,http://ufcstats.com/fight-details/23a75c0338d25abc
3332,328,Elizabeth Phillips vs. Jessamyn Duke,http://ufcstats.com/fight-details/53efc226c8eaf768
3331,328,Zak Cummings vs. Dominique Steele,http://ufcstats.com/fight-details/c1bfbf5447f21f37
3330,327,Michael Bisping vs. Thales Leites,http://ufcstats.com/fight-details/2e47823d38a5649b
3329,327,Evan Dunham vs. Ross Pearson,http://ufcstats.com/fight-details/0b8fdeeb626b4396
3328,327,Joe Duffy vs. Ivan Jorge,http://ufcstats.com/fight-details/c7780ac294530c0d
3327,327,Joanne Wood vs. Cortney Casey,http://ufcstats.com/fight-details/d45474993a750878
3326,327,Leon Edwards vs. Pawel Pawlak,http://ufcstats.com/fight-details/979538ff8ae1ccd5
3325,327,Stevie Ray vs. Leonardo Mafra,http://ufcstats.com/fight-details/976d2cc3d08ca814
3324,327,Paddy Holohan vs. Vaughan Lee,http://ufcstats.com/fight-details/486fbba33876da4b
3323,327,Ilir Latifi vs. Hans Stringer,http://ufcstats.com/fight-details/b0cb6a1da8e0da81
3322,327,Mickael Lebout vs. Teemu Packalen,http://ufcstats.com/fight-details/7e9cb0c322773157
3321,327,Robert Whiteford vs. Paul Redmond,http://ufcstats.com/fight-details/3bb7210200d90d90
3320,327,Jimmie Rivera vs. Marcus Brimage,http://ufcstats.com/fight-details/9cbdbbc414d6dd83
3319,327,Daniel Omielanczuk vs. Chris de la Rocha,http://ufcstats.com/fight-details/2e12db181792090f
3318,326,Frank Mir vs. Todd Duffee,http://ufcstats.com/fight-details/3b83ec99accfd271
3317,326,Tony Ferguson vs. Josh Thomson,http://ufcstats.com/fight-details/c0e8095c91c39b06
3316,326,Holly Holm vs. Marion Reneau,http://ufcstats.com/fight-details/fd984e8a9e25c927
3315,326,Manvel Gamburyan vs. Scott Jorgensen,http://ufcstats.com/fight-details/ea967877dd4d6efb
3314,326,Kevin Lee vs. James Moontasri,http://ufcstats.com/fight-details/b8019af428c064ef
3313,326,Alan Jouban vs. Matt Dwyer,http://ufcstats.com/fight-details/464133df9ca19865
3312,326,Sam Sicilia vs. Yaotzin Meza,http://ufcstats.com/fight-details/541e5c7a87712fc2
3311,326,Jessica Andrade vs. Sarah Moras,http://ufcstats.com/fight-details/d447919ec1a9f34c
3310,326,Rani Yahya vs. Masanori Kanehara,http://ufcstats.com/fight-details/3100a4e29da974ad
3309,326,Sean Strickland vs. Igor Araujo,http://ufcstats.com/fight-details/5301d765d64f863e
3308,326,Kevin Casey vs. Ildemar Alcantara,http://ufcstats.com/fight-details/a16d8d0cc93372c4
3307,326,Lyman Good vs. Andrew Craig,http://ufcstats.com/fight-details/c3b733bf084c2cd0
3306,325,Stephen Thompson vs. Jake Ellenberger,http://ufcstats.com/fight-details/54a15700ab185420
3305,325,Kamaru Usman vs. Hayder Hassan,http://ufcstats.com/fight-details/d4e3baff532df842
3304,325,Michael Graves vs. Vicente Luque,http://ufcstats.com/fight-details/43b9e58ebf4a75ea
3303,325,Jorge Masvidal vs. Cezar Ferreira,http://ufcstats.com/fight-details/11aac355349ecc94
3302,325,Michelle Waterson-Gomez vs. Angela Magana,http://ufcstats.com/fight-details/95233ca23cdb02e6
3301,325,Maximo Blanco vs. Mike de la Torre,http://ufcstats.com/fight-details/8410fb6d495a2cc2
3300,325,Josh Samman vs. Caio Magalhaes,http://ufcstats.com/fight-details/b823aa523c9618b5
3299,325,Jerrod Sanders vs. Russell Doane,http://ufcstats.com/fight-details/c8ec30a470f08748
3298,325,Trevor Smith vs. Dan Miller,http://ufcstats.com/fight-details/44e3a7b4f4c7d95d
3297,325,George Sullivan vs. Dominic Waters,http://ufcstats.com/fight-details/b2eccc1b75633d3d
3296,325,Willie Gates vs. Darrell Montague,http://ufcstats.com/fight-details/96740aa476055413
3295,324,Conor McGregor vs. Chad Mendes,http://ufcstats.com/fight-details/70290140b6a8e038
3294,324,Robbie Lawler vs. Rory MacDonald,http://ufcstats.com/fight-details/ecb4534c0066c5f3
3293,324,Jeremy Stephens vs. Dennis Bermudez,http://ufcstats.com/fight-details/4d3cbc7608c8958e
3292,324,Gunnar Nelson vs. Brandon Thatch,http://ufcstats.com/fight-details/4b997af9fb321123
3291,324,Thomas Almeida vs. Brad Pickett,http://ufcstats.com/fight-details/a9d8ddb49dbe414b
3290,324,Matt Brown vs. Tim Means,http://ufcstats.com/fight-details/c4a7f7d8eb8fe484
3289,324,Alex Garcia vs. Mike Swick,http://ufcstats.com/fight-details/824368db1ed8191f
3288,324,John Howard vs. Cathal Pendred,http://ufcstats.com/fight-details/2c5d329bdf182468
3287,324,Cody Garbrandt vs. Henry Briones,http://ufcstats.com/fight-details/8c8c2499d89da07c
3286,324,Louis Smolka vs. Neil Seery,http://ufcstats.com/fight-details/9f56b3c053c44060
3285,324,Cody Pfister vs. Yosdenis Cedeno,http://ufcstats.com/fight-details/b90eded8d6b65e8f
3284,323,Yoel Romero vs. Lyoto Machida,http://ufcstats.com/fight-details/42d09ca167ecae07
3283,323,Lorenz Larkin vs. Santiago Ponzinibbio,http://ufcstats.com/fight-details/87b0475688168a42
3282,323,Antonio Carlos Junior vs. Eddie Gordon,http://ufcstats.com/fight-details/5b51610a9c8c88ef
3281,323,Thiago Santos vs. Steve Bosse,http://ufcstats.com/fight-details/7ad6511fb5fb28a4
3280,323,Hacran Dias vs. Levan Makashvili,http://ufcstats.com/fight-details/72d6996a60856b5f
3279,323,Alex Oliveira vs. Joe Merritt,http://ufcstats.com/fight-details/fd80d6d9f4e54387
3278,323,Leandro Silva vs. Lewis Gonzalez,http://ufcstats.com/fight-details/babfd62f1d4a43a8
3277,323,Tony Sims vs. Steve Montgomery,http://ufcstats.com/fight-details/665e9a25c5d8c17f
3276,323,Sirwan Kakai vs. Danny Martinez,http://ufcstats.com/fight-details/913d6763b570d060
3275,322,Joanna Jedrzejczyk vs. Jessica Penne,http://ufcstats.com/fight-details/2f0cbf0502173a79
3274,322,Tatsuya Kawajiri vs. Dennis Siver,http://ufcstats.com/fight-details/c1322d09e8b6efca
3273,322,Peter Sobotta vs. Steve Kennedy,http://ufcstats.com/fight-details/008d0158831dcbd4
3272,322,Nick Hein vs. Lukasz Sajewski,http://ufcstats.com/fight-details/951ccd0041bd1700
3271,322,Makwan Amirkhani vs. Masio Fullen,http://ufcstats.com/fight-details/447462bc8e540f10
3270,322,Mairbek Taisumov vs. Alan Patrick,http://ufcstats.com/fight-details/0b98d84a2795f7f8
3269,322,Arnold Allen vs. Alan Omer,http://ufcstats.com/fight-details/cd7fd3f034717d3c
3268,322,Noad Lahat vs. Niklas Backstrom,http://ufcstats.com/fight-details/7045f8c1d5f6abff
3267,322,Scott Askham vs. Antonio Dos Santos,http://ufcstats.com/fight-details/e00da416750f75a9
3266,322,Magomed Mustafaev vs. Piotr Hallmann,http://ufcstats.com/fight-details/08cbd4c521831adf
3265,322,Taylor Lapilus vs. Yuta Sasaki,http://ufcstats.com/fight-details/312c742e614f8993
3264,321,Fabricio Werdum vs. Cain Velasquez,http://ufcstats.com/fight-details/93f1b09aa792405e
3263,321,Eddie Alvarez vs. Gilbert Melendez,http://ufcstats.com/fight-details/fd776d7b554a85d0
3262,321,Kelvin Gastelum vs. Nate Marquardt,http://ufcstats.com/fight-details/dc93921bd9342341
3261,321,Yair Rodriguez vs. Charles Rosa,http://ufcstats.com/fight-details/243e5e9b6678f303
3260,321,Tecia Pennington vs. Angela Hill,http://ufcstats.com/fight-details/3b6dfd089301d16e
3259,321,Henry Cejudo vs. Chico Camus,http://ufcstats.com/fight-details/28c33e9353dac666
3258,321,Efrain Escudero vs. Drew Dober,http://ufcstats.com/fight-details/47e8726b301f3f32
3257,321,Patrick Williams vs. Alejandro Perez,http://ufcstats.com/fight-details/c7bc785e99d3ee2a
3256,321,Johnny Case vs. Francisco Trevino,http://ufcstats.com/fight-details/b2b6cf87cde17136
3255,321,Cathal Pendred vs. Augusto Montano,http://ufcstats.com/fight-details/ac2887a0855a3266
3254,321,Gabriel Benitez vs. Clay Collard,http://ufcstats.com/fight-details/0452dd001f4adb6e
3253,320,Dan Henderson vs. Tim Boetsch,http://ufcstats.com/fight-details/97febb293c99e5a8
3252,320,Ben Rothwell vs. Matt Mitrione,http://ufcstats.com/fight-details/09f67db0cfaee022
3251,320,Dustin Poirier vs. Yancy Medeiros,http://ufcstats.com/fight-details/f930743af6564795
3250,320,Brian Ortega vs. Thiago Tavares,http://ufcstats.com/fight-details/29c7cb102ddd7ec4
3249,320,Anthony Birchak vs. Joe Soto,http://ufcstats.com/fight-details/cad44cd2466fb68f
3248,320,Francisco Rivera vs. Alex Caceres,http://ufcstats.com/fight-details/c611e81778c0b1fc
3247,320,Shawn Jordan vs. Derrick Lewis,http://ufcstats.com/fight-details/5b0fcecc55bebd5c
3246,320,Omari Akhmedov vs. Brian Ebersole,http://ufcstats.com/fight-details/245009a9e1a0f60b
3245,320,Chris Wade vs. Christos Giagos,http://ufcstats.com/fight-details/a7c04dc830923313
3244,320,Joe Proctor vs. Justin Edwards,http://ufcstats.com/fight-details/3caa22209cb559b7
3243,320,Jake Collier vs. Ricardo Abreu,http://ufcstats.com/fight-details/c39da8538d9c0321
3242,320,Jose Quinonez vs. Leonardo Morales,http://ufcstats.com/fight-details/5a36c9362552e0dc
3241,319,Carlos Condit vs. Thiago Alves,http://ufcstats.com/fight-details/8801fbb87bdedbe3
3240,319,Charles Oliveira vs. Nik Lentz,http://ufcstats.com/fight-details/ff64fc34065565d0
3239,319,Alex Oliveira vs. KJ Noons,http://ufcstats.com/fight-details/bf658320ccd69021
3238,319,Francimar Barroso vs. Ryan Jimmo,http://ufcstats.com/fight-details/6a9ea8e420a52a21
3237,319,Francisco Trinaldo vs. Norman Parke,http://ufcstats.com/fight-details/d4a309663a4da799
3236,319,Darren Till vs. Wendell Oliveira Marques,http://ufcstats.com/fight-details/61d6b591430b6e25
3235,319,Rony Jason vs. Damon Jackson,http://ufcstats.com/fight-details/9968d308e97c6531
3234,319,Jussier Formiga vs. Wilson Reis,http://ufcstats.com/fight-details/d6c02b4bb64ff795
3233,319,Nicolas Dalby vs. Elizeu Zaleski dos Santos,http://ufcstats.com/fight-details/7af604e5aa43bb3b
3232,319,Mirsad Bektic vs. Lucas Martins,http://ufcstats.com/fight-details/e54fe354981fe3e7
3231,319,Juliana Lima vs. Ericka Almeida,http://ufcstats.com/fight-details/109674a1ee00f55d
3230,319,Tom Breese vs. Luiz Dutra,http://ufcstats.com/fight-details/0c5640433ba44a1b
3229,318,Daniel Cormier vs. Anthony Johnson,http://ufcstats.com/fight-details/530fb0d1a26fc57a
3228,318,Chris Weidman vs. Vitor Belfort,http://ufcstats.com/fight-details/318460613b6018e9
3227,318,Donald Cerrone vs. John Makdessi,http://ufcstats.com/fight-details/bee780601ad13583
3226,318,Andrei Arlovski vs. Travis Browne,http://ufcstats.com/fight-details/652a73f4bf7f1932
3225,318,Joseph Benavidez vs. John Moraga,http://ufcstats.com/fight-details/3a25be6438e3f94a
3224,318,John Dodson vs. Zach Makovsky,http://ufcstats.com/fight-details/6257627ba49e42ab
3223,318,Dong Hyun Kim vs. Joshua Burkman,http://ufcstats.com/fight-details/c2f0a53cd67e1736
3222,318,Rafael Natal vs. Uriah Hall,http://ufcstats.com/fight-details/b34c608bdfa655e8
3221,318,Colby Covington vs. Mike Pyle,http://ufcstats.com/fight-details/0c36a08b1bf60f45
3220,318,Islam Makhachev vs. Leo Kuntz,http://ufcstats.com/fight-details/3c3da227fbe36a28
3219,318,Justin Scoggins vs. Josh Sampo,http://ufcstats.com/fight-details/419d8143afbcd61c
3218,317,Frankie Edgar vs. Urijah Faber,http://ufcstats.com/fight-details/7d60cb78ea70fae0
3217,317,Gegard Mousasi vs. Constantinos Philippou,http://ufcstats.com/fight-details/1caec47dc08613a7
3216,317,Mark Munoz vs. Luke Barnatt,http://ufcstats.com/fight-details/3b463d688d598a72
3215,317,Neil Magny vs. Hyun Gyu Lim,http://ufcstats.com/fight-details/14a40f30e0cb22c9
3214,317,Phillipe Nover vs. Yui Chul Nam,http://ufcstats.com/fight-details/093ca77f7f7219f6
3213,317,Levan Makashvili vs. Mark Eddiva,http://ufcstats.com/fight-details/4702ef17c48bf1d1
3212,317,Jon Tuck vs. Tae Hyun Bang,http://ufcstats.com/fight-details/1e176413438fabd5
3211,317,Kajan Johnson vs. Zhang Lipeng,http://ufcstats.com/fight-details/97c302628f231da3
3210,317,Li Jingliang vs. Dhiego Lima,http://ufcstats.com/fight-details/00684df5ed23e6ca
3209,317,Guangyou Ning vs. Royston Wee,http://ufcstats.com/fight-details/80551dceed42e7ab
3208,317,Jon Delos Reyes vs. Roldan Sangcha'an,http://ufcstats.com/fight-details/49749ee78bc54a48
3207,317,Yao Zhikui vs. Nolan Ticman,http://ufcstats.com/fight-details/c13b2493018fc98b
3206,316,Stipe Miocic vs. Mark Hunt,http://ufcstats.com/fight-details/57b986d06bde71c2
3205,316,Robert Whittaker vs. Brad Tavares,http://ufcstats.com/fight-details/7ec24848cac6c5a1
3204,316,Sean O'Connell vs. Anthony Perosh,http://ufcstats.com/fight-details/0fa31c9f7495810b
3203,316,James Vick vs. Jake Matthews,http://ufcstats.com/fight-details/418b6f692abe9e35
3202,316,Dan Hooker vs. Hatsu Hioki,http://ufcstats.com/fight-details/4f722e80eadb6d2f
3201,316,Kyle Noke vs. Jonavin Webb,http://ufcstats.com/fight-details/43baf5b905686ebf
3200,316,Sam Alvey vs. Daniel Kelly,http://ufcstats.com/fight-details/f208b79b0d78045b
3199,316,Bec Rawlings vs. Lisa Ellis,http://ufcstats.com/fight-details/e4549c57faca7a64
3198,316,Brad Scott vs. Dylan Andrews,http://ufcstats.com/fight-details/8a39075a9ffaa971
3197,316,Alex Chambers vs. Kailin Curran,http://ufcstats.com/fight-details/d1c4c06780cbd36e
3196,316,Brendan O'Reilly vs. Vik Grujic,http://ufcstats.com/fight-details/979269d4ab5784af
3195,316,Ben Nguyen vs. Alptekin Ozkilic,http://ufcstats.com/fight-details/398f4857f9692204
3194,315,Demetrious Johnson vs. Kyoji Horiguchi,http://ufcstats.com/fight-details/6c2097664ac1bf16
3193,315,Quinton Jackson vs. Fabio Maldonado,http://ufcstats.com/fight-details/4669c07f3cc9e35f
3192,315,Michael Bisping vs. CB Dollaway,http://ufcstats.com/fight-details/ccbbf1ccd4513551
3191,315,John Makdessi vs. Shane Campbell,http://ufcstats.com/fight-details/0c74e600ded0de97
3190,315,Thomas Almeida vs. Yves Jabouin,http://ufcstats.com/fight-details/78f1457371e2ef6b
3189,315,Patrick Cote vs. Joe Riggs,http://ufcstats.com/fight-details/591699203b264f6c
3188,315,Alexis Davis vs. Sarah Kaufman,http://ufcstats.com/fight-details/6b532f492e98d22f
3187,315,Chad Laprise vs. Bryan Barberena,http://ufcstats.com/fight-details/48f23cc8cc5ad9a9
3186,315,Olivier Aubin-Mercier vs. David Michaud,http://ufcstats.com/fight-details/0590fb4acc06fa93
3185,315,Nordine Taleb vs. Chris Clements,http://ufcstats.com/fight-details/059dcd0b3b8e0a3f
3184,315,Valerie Letourneau vs. Jessica Rakoczy,http://ufcstats.com/fight-details/71e123d40fff9edb
3183,315,Randa Markos vs. Aisling Daly,http://ufcstats.com/fight-details/ab475a3a4487d6d3
3182,314,Luke Rockhold vs. Lyoto Machida,http://ufcstats.com/fight-details/5965800d88e0677c
3181,314,Jacare Souza vs. Chris Camozzi,http://ufcstats.com/fight-details/f4717203e762d780
3180,314,Max Holloway vs. Cub Swanson,http://ufcstats.com/fight-details/f22d193f3ab42bc5
3179,314,Paige VanZant vs. Felice Herrig,http://ufcstats.com/fight-details/e2b4130c7b1ff8bc
3178,314,Beneil Dariush vs. Jim Miller,http://ufcstats.com/fight-details/2bcb878e9d02b8f7
3177,314,Ovince Saint Preux vs. Patrick Cummins,http://ufcstats.com/fight-details/c19f394f3c237789
3176,314,Gian Villante vs. Corey Anderson,http://ufcstats.com/fight-details/6b92396d42918366
3175,314,Aljamain Sterling vs. Takeya Mizugaki,http://ufcstats.com/fight-details/2230a5dbc0907859
3174,314,Tim Means vs. George Sullivan,http://ufcstats.com/fight-details/bd246b9789f88e1c
3173,314,Diego Brandao vs. Jimy Hettes,http://ufcstats.com/fight-details/4785bf265d05d85f
3172,314,Chris Dempsey vs. Eddie Gordon,http://ufcstats.com/fight-details/642a8cc1195c5198
3171,313,Mirko Filipovic vs. Gabriel Gonzaga,http://ufcstats.com/fight-details/6a7892754af30685
3170,313,Jimi Manuwa vs. Jan Blachowicz,http://ufcstats.com/fight-details/b2bb725b17ab51b8
3169,313,Pawel Pawlak vs. Sheldon Westcott,http://ufcstats.com/fight-details/63c08ecea35e8bee
3168,313,Maryna Moroz vs. Joanne Wood,http://ufcstats.com/fight-details/fe9a58e79d54695b
3167,313,Leon Edwards vs. Seth Baczynski,http://ufcstats.com/fight-details/ec0a1c09d1b113b8
3166,313,Bartosz Fabinski vs. Garreth McLellan,http://ufcstats.com/fight-details/badc8c379cc2e6ff
3165,313,Sergio Moraes vs. Mickael Lebout,http://ufcstats.com/fight-details/79e293137ef6421d
3164,313,Yaotzin Meza vs. Damian Stasiak,http://ufcstats.com/fight-details/439905344ee8035e
3163,313,Anthony Hamilton vs. Daniel Omielanczuk,http://ufcstats.com/fight-details/a39d0adbeffe49de
3162,313,Aleksandra Albu vs. Izabela Badurek,http://ufcstats.com/fight-details/6e652cbaaa406598
3161,313,Stevie Ray vs. Marcin Bandel,http://ufcstats.com/fight-details/e8d336f4465e6640
3160,313,Taylor Lapilus vs. Rocky Lee,http://ufcstats.com/fight-details/8502afcf211973a9
3159,312,Chad Mendes vs. Ricardo Lamas,http://ufcstats.com/fight-details/bbebfc54abbb1d8b
3158,312,Al Iaquinta vs. Jorge Masvidal,http://ufcstats.com/fight-details/634dbcef5111f939
3157,312,Michael Chiesa vs. Mitch Clarke,http://ufcstats.com/fight-details/9eb92b670eebdcd4
3156,312,Julianna Pena vs. Milana Dudieva,http://ufcstats.com/fight-details/cc7afab68363e076
3155,312,Clay Guida vs. Robert Peralta,http://ufcstats.com/fight-details/0c25bb24dbb63655
3154,312,Dustin Poirier vs. Diego Ferreira,http://ufcstats.com/fight-details/12c600dc64edb403
3153,312,Liz Carmouche vs. Lauren Murphy,http://ufcstats.com/fight-details/8cf571afc2618df4
3152,312,Alexander Yakovlev vs. Gray Maynard,http://ufcstats.com/fight-details/85dcf9425d3c4e56
3151,312,Timothy Johnson vs. Shamil Abdurakhimov,http://ufcstats.com/fight-details/f9373ab59b7a853b
3150,312,Ron Stallings vs. Justin Jones,http://ufcstats.com/fight-details/3845a6838fe00265
3149,311,Demian Maia vs. Ryan LaFlare,http://ufcstats.com/fight-details/bc096e8ae14582ec
3148,311,Erick Silva vs. Josh Koscheck,http://ufcstats.com/fight-details/1641d396e409a350
3147,311,Leonardo Santos vs. Anthony Rocco Martin,http://ufcstats.com/fight-details/0eac602503b48b1a
3146,311,Amanda Nunes vs. Shayna Baszler,http://ufcstats.com/fight-details/fe5427398fd9d9dc
3145,311,Gilbert Burns vs. Alex Oliveira,http://ufcstats.com/fight-details/55c6d02e838dc60f
3144,311,Godofredo Pepey vs. Andre Fili,http://ufcstats.com/fight-details/9150344ed35f355d
3143,311,Francisco Trinaldo vs. Akbarh Arreola,http://ufcstats.com/fight-details/22a243c5fba0fb46
3142,311,Edimilson Souza vs. Katsunori Kikuno,http://ufcstats.com/fight-details/7259a1046143e632
3141,311,Leandro Silva vs. Drew Dober,http://ufcstats.com/fight-details/b068a4ee6d842606
3140,311,Leonardo Mafra vs. Cain Carrizosa,http://ufcstats.com/fight-details/632f6960544caa3c
3139,311,Christos Giagos vs. Jorge de Oliveira,http://ufcstats.com/fight-details/0c299ce3719d9ea2
3138,311,Fredy Serrano vs. Bentley Syler,http://ufcstats.com/fight-details/c3ba8f1a4ddc0dc3
3137,310,Rafael Dos Anjos vs. Anthony Pettis,http://ufcstats.com/fight-details/39e6cba2480c6d82
3136,310,Joanna Jedrzejczyk vs. Carla Esparza,http://ufcstats.com/fight-details/bd52e19f2fbefdde
3135,310,Johny Hendricks vs. Matt Brown,http://ufcstats.com/fight-details/66aa57912b5c5170
3134,310,Alistair Overeem vs. Roy Nelson,http://ufcstats.com/fight-details/7685da6f627bd98f
3133,310,Henry Cejudo vs. Chris Cariaso,http://ufcstats.com/fight-details/6b07c3a9a95493cf
3132,310,Ross Pearson vs. Sam Stout,http://ufcstats.com/fight-details/0337fa731f5b02c1
3131,310,Elias Theodorou vs. Roger Narvaez,http://ufcstats.com/fight-details/27e421b97bf57d3d
3130,310,Beneil Dariush vs. Daron Cruickshank,http://ufcstats.com/fight-details/d61a7b593218234b
3129,310,Jared Rosholt vs. Josh Copeland,http://ufcstats.com/fight-details/0027e179b743c86c
3128,310,Ryan Benoit vs. Sergio Pettis,http://ufcstats.com/fight-details/875304f54becda0e
3127,310,Joe Duffy vs. Jake Lindsey,http://ufcstats.com/fight-details/d4d6c5ff6bef93ce
3126,310,Germaine de Randamie vs. Larissa Pacheco,http://ufcstats.com/fight-details/1cde536c460b1a0e
3125,309,Ronda Rousey vs. Cat Zingano,http://ufcstats.com/fight-details/e083c7ae1548e08a
3124,309,Holly Holm vs. Raquel Pennington,http://ufcstats.com/fight-details/31e62d34abc3a762
3123,309,Jake Ellenberger vs. Josh Koscheck,http://ufcstats.com/fight-details/618b581f14a37e06
3122,309,Alan Jouban vs. Richard Walsh,http://ufcstats.com/fight-details/9f4bc2063685211c
3121,309,Tony Ferguson vs. Gleison Tibau,http://ufcstats.com/fight-details/ffea776913451b6d
3120,309,Roan Carneiro vs. Mark Munoz,http://ufcstats.com/fight-details/fe49ef11584415d0
3119,309,Roman Salazar vs. Norifumi Yamamoto,http://ufcstats.com/fight-details/28255055879685bc
3118,309,Tim Means vs. Dhiego Lima,http://ufcstats.com/fight-details/203b3098d892c3b1
3117,309,Derrick Lewis vs. Ruan Potts,http://ufcstats.com/fight-details/f3e1c02ce14bccfe
3116,309,Valmir Lazaro vs. James Krause,http://ufcstats.com/fight-details/adc1038ed2e76391
3115,309,Masio Fullen vs. Alex Torres,http://ufcstats.com/fight-details/5c827dd56a08f700
3114,308,Frank Mir vs. Antonio Silva,http://ufcstats.com/fight-details/223f9a750428e1d0
3113,308,Michael Johnson vs. Edson Barboza,http://ufcstats.com/fight-details/d785f22c4cc99a3d
3112,308,Sam Alvey vs. Cezar Ferreira,http://ufcstats.com/fight-details/1574bb7476c9e556
3111,308,Adriano Martins vs. Rustam Khabilov,http://ufcstats.com/fight-details/4228886e94a25a63
3110,308,Frankie Saenz vs. Iuri Alcantara,http://ufcstats.com/fight-details/c7cbf6b47051fa7d
3109,308,Santiago Ponzinibbio vs. Sean Strickland,http://ufcstats.com/fight-details/82e713f037e37fe9
3108,308,Marion Reneau vs. Jessica Andrade,http://ufcstats.com/fight-details/76726a66840ccfa4
3107,308,Matt Dwyer vs. William Macario,http://ufcstats.com/fight-details/ec659c4e19f62700
3106,308,Mike de la Torre vs. Tiago dos Santos e Silva,http://ufcstats.com/fight-details/a7ff11c5dfe65e86
3105,308,Douglas Silva de Andrade vs. Cody Gibson,http://ufcstats.com/fight-details/10cff9ac7ce89c28
3104,308,Ivan Jorge vs. Josh Shockley,http://ufcstats.com/fight-details/b6a609806d44659f
3103,307,Benson Henderson vs. Brandon Thatch,http://ufcstats.com/fight-details/fb5ce6329f243d8b
3102,307,Max Holloway vs. Cole Miller,http://ufcstats.com/fight-details/509bd83b00e4ab7c
3101,307,Neil Magny vs. Kiichi Kunimoto,http://ufcstats.com/fight-details/0bdb170e1fef36b6
3100,307,Daniel Kelly vs. Patrick Walsh,http://ufcstats.com/fight-details/60820d105e57d5d6
3099,307,Kevin Lee vs. Michel Prazeres,http://ufcstats.com/fight-details/dcee56e0cbfacb45
3098,307,Ray Borg vs. Chris Kelades,http://ufcstats.com/fight-details/1a3572d1502efdf4
3097,307,Efrain Escudero vs. Rodrigo de Lima,http://ufcstats.com/fight-details/a4badfa86304f799
3096,307,Chas Skelly vs. Jim Alers,http://ufcstats.com/fight-details/b91807add93763c9
3095,307,Zach Makovsky vs. Tim Elliott,http://ufcstats.com/fight-details/93ac52a9fdca03e1
3094,307,James Moontasri vs. Cody Pfister,http://ufcstats.com/fight-details/357781ff34a3d39f
3093,306,Anderson Silva vs. Nick Diaz,http://ufcstats.com/fight-details/f4e490d25bd62d39
3092,306,Tyron Woodley vs. Kelvin Gastelum,http://ufcstats.com/fight-details/d52a5d085bfa569b
3091,306,Al Iaquinta vs. Joe Lauzon,http://ufcstats.com/fight-details/cbb4673397b5e96f
3090,306,Thales Leites vs. Tim Boetsch,http://ufcstats.com/fight-details/776a8a645868f616
3089,306,Thiago Alves vs. Jordan Mein,http://ufcstats.com/fight-details/0a2f344e419bd4fd
3088,306,Miesha Tate vs. Sara McMann,http://ufcstats.com/fight-details/7fa227a1c5ef2238
3087,306,Derek Brunson vs. Ed Herman,http://ufcstats.com/fight-details/b347480405118de5
3086,306,John Lineker vs. Ian McCall,http://ufcstats.com/fight-details/c699c0e56664ff11
3085,306,Rafael Natal vs. Tom Watson,http://ufcstats.com/fight-details/fa537adfb4a7b719
3084,306,Ildemar Alcantara vs. Richardson Moreira,http://ufcstats.com/fight-details/5b0ebb843af7465e
3083,306,Thiago Santos vs. Andy Enz,http://ufcstats.com/fight-details/6451724f8a836167
3082,305,Anthony Johnson vs. Alexander Gustafsson,http://ufcstats.com/fight-details/f47a32ec7dfda660
3081,305,Gegard Mousasi vs. Dan Henderson,http://ufcstats.com/fight-details/c910d2fe570b368a
3080,305,Ryan Bader vs. Phil Davis,http://ufcstats.com/fight-details/c3544bce29be1281
3079,305,Sam Sicilia vs. Akira Corassani,http://ufcstats.com/fight-details/eb0775cf8ee7a4e6
3078,305,Albert Tumenov vs. Nicholas Musoke,http://ufcstats.com/fight-details/eab6e19a2a2a67f0
3077,305,Kenny Robertson vs. Sultan Aliev,http://ufcstats.com/fight-details/c565bf49fce2a4cd
3076,305,Makwan Amirkhani vs. Andy Ogle,http://ufcstats.com/fight-details/9c1d4f57a997a490
3075,305,Nikita Krylov vs. Stanislav Nedkov,http://ufcstats.com/fight-details/b2398418be9a3442
3074,305,Mairbek Taisumov vs. Anthony Christodoulou,http://ufcstats.com/fight-details/ee65977baeca3c85
3073,305,Mirsad Bektic vs. Paul Redmond,http://ufcstats.com/fight-details/c740ceb0427b6317
3072,305,Viktor Pesta vs. Konstantin Erokhin,http://ufcstats.com/fight-details/96f09d5db68951ef
3071,305,Neil Seery vs. Chris Beal,http://ufcstats.com/fight-details/f88fefd5df0ba06c
3070,304,Conor McGregor vs. Dennis Siver,http://ufcstats.com/fight-details/3d468536e8904b93
3069,304,Donald Cerrone vs. Benson Henderson,http://ufcstats.com/fight-details/93569f4876c20488
3068,304,Uriah Hall vs. Ron Stallings,http://ufcstats.com/fight-details/837a7a922066b214
3067,304,Gleison Tibau vs. Norman Parke,http://ufcstats.com/fight-details/293919e355b362b1
3066,304,Cathal Pendred vs. Sean Spencer,http://ufcstats.com/fight-details/6359bba789ce28ae
3065,304,Lorenz Larkin vs. John Howard,http://ufcstats.com/fight-details/90e5169190971647
3064,304,Chris Wade vs. Zhang Lipeng,http://ufcstats.com/fight-details/cf38ced734978fb8
3063,304,Paddy Holohan vs. Shane Howell,http://ufcstats.com/fight-details/2d24929eaadf0351
3062,304,Johnny Case vs. Frankie Perez,http://ufcstats.com/fight-details/53d2d2de5c4cccf2
3061,304,Charles Rosa vs. Sean Soriano,http://ufcstats.com/fight-details/85e57ad2b3831621
3060,304,Sean O'Connell vs. Matt Van Buren,http://ufcstats.com/fight-details/4d3cd5ecf4276c92
3059,304,Joby Sanchez vs. Tateki Matsuda,http://ufcstats.com/fight-details/a4a78ec539238a5f
3058,303,Jon Jones vs. Daniel Cormier,http://ufcstats.com/fight-details/57385188587c83b9
3057,303,Donald Cerrone vs. Myles Jury,http://ufcstats.com/fight-details/f4d91498ca3f0a1f
3056,303,Brad Tavares vs. Nate Marquardt,http://ufcstats.com/fight-details/b2cda211e0e72811
3055,303,Kyoji Horiguchi vs. Louis Gaudinot,http://ufcstats.com/fight-details/f81cd5b3903bccf8
3054,303,Hector Lombard vs. Joshua Burkman,http://ufcstats.com/fight-details/f3100979573e2895
3053,303,Paul Felder vs. Danny Castillo,http://ufcstats.com/fight-details/cee94cd937bf64f2
3052,303,Cody Garbrandt vs. Marcus Brimage,http://ufcstats.com/fight-details/22e7485bceb841af
3051,303,Shawn Jordan vs. Jared Cannonier,http://ufcstats.com/fight-details/c0ca05832f518fef
3050,303,Evan Dunham vs. Rodrigo Damm,http://ufcstats.com/fight-details/b10a94377bce3e22
3049,303,Omari Akhmedov vs. Mats Nilsson,http://ufcstats.com/fight-details/e4a9c93ff23eb5bb
3048,303,Marion Reneau vs. Alexis Dufresne,http://ufcstats.com/fight-details/e0f49380b9d31de0
3047,302,Lyoto Machida vs. CB Dollaway,http://ufcstats.com/fight-details/b57aaf04af8bdd34
3046,302,Renan Barao vs. Mitch Gagnon,http://ufcstats.com/fight-details/53e818dd5abdf787
3045,302,Patrick Cummins vs. Antonio Carlos Junior,http://ufcstats.com/fight-details/e17c7b239e8d6c32
3044,302,Rashid Magomedov vs. Elias Silverio,http://ufcstats.com/fight-details/8040697ea2f36dbd
3043,302,Erick Silva vs. Mike Rhodes,http://ufcstats.com/fight-details/647f6d2b9b784222
3042,302,Daniel Sarafian vs. Antonio Dos Santos,http://ufcstats.com/fight-details/317e6940e8bf5290
3041,302,Marcos Rogerio de Lima vs. Igor Pokrajac,http://ufcstats.com/fight-details/d92abff61b0ff5db
3040,302,Renato Moicano vs. Tom Niinimaki,http://ufcstats.com/fight-details/c26a094aa7ce817e
3039,302,Hacran Dias vs. Darren Elkins,http://ufcstats.com/fight-details/9f5c84d05107f42b
3038,302,Leandro Issa vs. Yuta Sasaki,http://ufcstats.com/fight-details/fb4bce82541b4061
3037,302,Tim Means vs. Marcio Alexandre Junior,http://ufcstats.com/fight-details/b9893ab3bed62e60
3036,302,Vitor Miranda vs. Jake Collier,http://ufcstats.com/fight-details/8a6ecf3dc2b17c19
3035,301,Junior Dos Santos vs. Stipe Miocic,http://ufcstats.com/fight-details/2ab2753040f455e0
3034,301,Rafael Dos Anjos vs. Nate Diaz,http://ufcstats.com/fight-details/d4bfe75b61d2cbc6
3033,301,Alistair Overeem vs. Stefan Struve,http://ufcstats.com/fight-details/002921976d27b7da
3032,301,Matt Mitrione vs. Gabriel Gonzaga,http://ufcstats.com/fight-details/5a346087f4120fa3
3031,301,Joanna Jedrzejczyk vs. Claudia Gadelha,http://ufcstats.com/fight-details/70d69cf33984d7d1
3030,301,John Moraga vs. Willie Gates,http://ufcstats.com/fight-details/64f5c4f3f3d8ad2c
3029,301,Ben Saunders vs. Joe Riggs,http://ufcstats.com/fight-details/1cf53a0b9db52ac6
3028,301,Drew Dober vs. Jamie Varner,http://ufcstats.com/fight-details/deaeb2383bbd32bf
3027,301,Bryan Barberena vs. Joe Ellenberger,http://ufcstats.com/fight-details/7ab72866ff2a6a7e
3026,301,David Michaud vs. Garett Whiteley,http://ufcstats.com/fight-details/a4816be2c49e3942
3025,301,Henry Cejudo vs. Dustin Kimura,http://ufcstats.com/fight-details/383f0de18e7ab9c5
3024,301,Ian Entwistle vs. Anthony Birchak,http://ufcstats.com/fight-details/1b23096378482313
3023,300,Carla Esparza vs. Rose Namajunas,http://ufcstats.com/fight-details/73c70a628f0ef14b
3022,300,Charles Oliveira vs. Jeremy Stephens,http://ufcstats.com/fight-details/18ba44e67d5c5f38
3021,300,KJ Noons vs. Daron Cruickshank,http://ufcstats.com/fight-details/da3210cd829fceb7
3020,300,Yancy Medeiros vs. Joe Proctor,http://ufcstats.com/fight-details/d417609ea9670fb3
3019,300,Jessica Penne vs. Randa Markos,http://ufcstats.com/fight-details/fa2bed87e5d6c568
3018,300,Felice Herrig vs. Lisa Ellis,http://ufcstats.com/fight-details/e1cfe75b3a8fe709
3017,300,Heather Clark vs. Bec Rawlings,http://ufcstats.com/fight-details/54afe8c42e2062d6
3016,300,Joanne Wood vs. Seo Hee Ham,http://ufcstats.com/fight-details/b079f3d5ad290afb
3015,300,Tecia Pennington vs. Angela Magana,http://ufcstats.com/fight-details/ed3222701a8c0521
3014,300,Aisling Daly vs. Alex Chambers,http://ufcstats.com/fight-details/a2c28daf0be59fa7
3013,300,Angela Hill vs. Emily Kagan,http://ufcstats.com/fight-details/d643fc29c147d33c
3012,299,Robbie Lawler vs. Johny Hendricks,http://ufcstats.com/fight-details/44fc830a664ed611
3011,299,Anthony Pettis vs. Gilbert Melendez,http://ufcstats.com/fight-details/93b7ae1e0f79d100
3010,299,Travis Browne vs. Brendan Schaub,http://ufcstats.com/fight-details/9b1e3d99fffb9c10
3009,299,Todd Duffee vs. Anthony Hamilton,http://ufcstats.com/fight-details/58112f9fc0058e68
3008,299,Tony Ferguson vs. Abel Trujillo,http://ufcstats.com/fight-details/7e8f4240725316a4
3007,299,Urijah Faber vs. Francisco Rivera,http://ufcstats.com/fight-details/c5ae278a05b73db9
3006,299,Josh Samman vs. Eddie Gordon,http://ufcstats.com/fight-details/acc987adeab45bfc
3005,299,Corey Anderson vs. Justin Jones,http://ufcstats.com/fight-details/60030b35e276d338
3004,299,Raquel Pennington vs. Ashlee Evans-Smith,http://ufcstats.com/fight-details/802eba82d2b6113e
3003,299,Sergio Pettis vs. Matt Hobar,http://ufcstats.com/fight-details/2417f4130d707978
3002,299,Clay Collard vs. Alex White,http://ufcstats.com/fight-details/bf1a7590c455bc7b
3001,298,Frankie Edgar vs. Cub Swanson,http://ufcstats.com/fight-details/8f9cfe0e283a6ccb
3000,298,Edson Barboza vs. King Green,http://ufcstats.com/fight-details/2f93de8b39ec4625
2999,298,Chico Camus vs. Brad Pickett,http://ufcstats.com/fight-details/033d968f325842e7
2998,298,Aleksei Oleinik vs. Jared Rosholt,http://ufcstats.com/fight-details/2ff14dfede1d02dd
2997,298,Joseph Benavidez vs. Dustin Ortiz,http://ufcstats.com/fight-details/079308cc2efa2e5d
2996,298,Matt Wiman vs. Isaac Vallie-Flagg,http://ufcstats.com/fight-details/a2bd4c46f89f19ae
2995,298,Ruslan Magomedov vs. Josh Copeland,http://ufcstats.com/fight-details/171af1114dbfc29d
2994,298,Roger Narvaez vs. Luke Barnatt,http://ufcstats.com/fight-details/55e9ea18b8a72b2e
2993,298,James Vick vs. Nick Hein,http://ufcstats.com/fight-details/e947baa4cad609d0
2992,298,Akbarh Arreola vs. Yves Edwards,http://ufcstats.com/fight-details/56a0f335ef05c825
2991,298,Paige VanZant vs. Kailin Curran,http://ufcstats.com/fight-details/e7859b4e70d4a9c1
2990,298,Dooho Choi vs. Juan Manuel Puig,http://ufcstats.com/fight-details/1a637fbda4bdf575
2989,297,Fabricio Werdum vs. Mark Hunt,http://ufcstats.com/fight-details/03a200326e56d597
2988,297,Kelvin Gastelum vs. Jake Ellenberger,http://ufcstats.com/fight-details/12eec1df1fd078a2
2987,297,Ricardo Lamas vs. Dennis Bermudez,http://ufcstats.com/fight-details/7228398a1ab12183
2986,297,Augusto Montano vs. Chris Heatherly,http://ufcstats.com/fight-details/925f745c03ebd638
2985,297,Hector Urbina vs. Edgar Garcia,http://ufcstats.com/fight-details/1e1a09bbedf7781d
2984,297,Yair Rodriguez vs. Leonardo Morales,http://ufcstats.com/fight-details/9e47b2a66d0e9315
2983,297,Alejandro Perez vs. Jose Quinonez,http://ufcstats.com/fight-details/7a440fcd8048b091
2982,297,Jessica Eye vs. Leslie Smith,http://ufcstats.com/fight-details/07f9fc40f1e6aa87
2981,297,Gabriel Benitez vs. Humberto Brown Morrison,http://ufcstats.com/fight-details/4087bb7b3b1b9e24
2980,297,Henry Briones vs. Guido Cannetti,http://ufcstats.com/fight-details/a788042d4d0c50d4
2979,297,Marco Beltran vs. Marlon Vera,http://ufcstats.com/fight-details/22f52e3b614e0d8a
2978,296,Ovince Saint Preux vs. Mauricio Rua,http://ufcstats.com/fight-details/e8907b881151b79d
2977,296,Warlley Alves vs. Alan Jouban,http://ufcstats.com/fight-details/cbe954d004415b51
2976,296,Claudio Silva vs. Leon Edwards,http://ufcstats.com/fight-details/a3480aa7bdc63c11
2975,296,Dhiego Lima vs. Jorge de Oliveira,http://ufcstats.com/fight-details/fadb129e71d8fc22
2974,296,Juliana Lima vs. Nina Nunes,http://ufcstats.com/fight-details/db9f8144b50227f2
2973,296,Diego Rivas vs. Rodolfo Rubio Perez,http://ufcstats.com/fight-details/7826c23386a1e09a
2972,296,Caio Magalhaes vs. Trevor Smith,http://ufcstats.com/fight-details/208674403b0936d4
2971,296,Leandro Silva vs. Charlie Brenneman,http://ufcstats.com/fight-details/207f105716df54f9
2970,296,Thomas Almeida vs. Tim Gorman,http://ufcstats.com/fight-details/49b05e23e3a2af13
2969,296,Colby Covington vs. Wagner Silva,http://ufcstats.com/fight-details/cccb99dd4ec5c2d6
2968,295,Luke Rockhold vs. Michael Bisping,http://ufcstats.com/fight-details/3d741cee0dffe165
2967,295,Al Iaquinta vs. Ross Pearson,http://ufcstats.com/fight-details/73954f3895cac499
2966,295,Robert Whittaker vs. Clint Hester,http://ufcstats.com/fight-details/13c4251fb451f440
2965,295,Soa Palelei vs. Walt Harris,http://ufcstats.com/fight-details/3e9f3ce3a01bb97f
2964,295,Jake Matthews vs. Vagner Rocha,http://ufcstats.com/fight-details/2faa7b48b4d51cab
2963,295,Anthony Perosh vs. Guto Inocente,http://ufcstats.com/fight-details/b1e7100c2ab1ab79
2962,295,Sam Alvey vs. Dylan Andrews,http://ufcstats.com/fight-details/920b8aae22c04f13
2961,295,Louis Smolka vs. Richie Vaculik,http://ufcstats.com/fight-details/0f0473dde4b873ca
2960,295,Chris Clements vs. Vik Grujic,http://ufcstats.com/fight-details/681d77e5d5c0f0ee
2959,295,Daniel Kelly vs. Luke Zachrich,http://ufcstats.com/fight-details/3a7d76e3c0b503c3
2958,295,Marcus Brimage vs. Jumabieke Tuerxun,http://ufcstats.com/fight-details/c3d336f9aabc9fb6
2957,294,Jose Aldo vs. Chad Mendes,http://ufcstats.com/fight-details/7099374e91f9283b
2956,294,Phil Davis vs. Glover Teixeira,http://ufcstats.com/fight-details/06854105c3503075
2955,294,Fabio Maldonado vs. Hans Stringer,http://ufcstats.com/fight-details/2bfb60face19904d
2954,294,Darren Elkins vs. Lucas Martins,http://ufcstats.com/fight-details/ffd3e3d37cba32da
2953,294,Beneil Dariush vs. Diego Ferreira,http://ufcstats.com/fight-details/852223ee1a2d0a74
2952,294,Neil Magny vs. William Macario,http://ufcstats.com/fight-details/d1b2ce8ee57307c0
2951,294,Yan Cabral vs. Naoyuki Kotani,http://ufcstats.com/fight-details/502d7cb01921170f
2950,294,Wilson Reis vs. Scott Jorgensen,http://ufcstats.com/fight-details/a90fde18a088f99b
2949,294,Andre Fili vs. Felipe Arantes,http://ufcstats.com/fight-details/432e57033ceecee0
2948,294,Gilbert Burns vs. Christos Giagos,http://ufcstats.com/fight-details/2a44035824303dee
2947,294,Anthony Rocco Martin vs. Fabricio Camoes,http://ufcstats.com/fight-details/4cc9ef5e68009fd4
2946,293,Rory MacDonald vs. Tarec Saffiedine,http://ufcstats.com/fight-details/64542fe846b9aea9
2945,293,Raphael Assuncao vs. Bryan Caraway,http://ufcstats.com/fight-details/06fab49a307ff3d2
2944,293,Chad Laprise vs. Yosdenis Cedeno,http://ufcstats.com/fight-details/20af0f55d226f320
2943,293,Elias Theodorou vs. Bruno Santos,http://ufcstats.com/fight-details/7e25199be406dd7b
2942,293,Nordine Taleb vs. Li Jingliang,http://ufcstats.com/fight-details/5e07077e84fc45cd
2941,293,Mitch Gagnon vs. Roman Salazar,http://ufcstats.com/fight-details/2d13778322a8af82
2940,293,Daron Cruickshank vs. Anthony Njokuani,http://ufcstats.com/fight-details/88933cf1edd83034
2939,293,Olivier Aubin-Mercier vs. Jake Lindsey,http://ufcstats.com/fight-details/2d1f8ee74824f983
2938,293,Paul Felder vs. Jason Saggo,http://ufcstats.com/fight-details/4e981b587c1012dd
2937,293,Chris Kelades vs. Paddy Holohan,http://ufcstats.com/fight-details/17bb1e62772ac5af
2936,293,Albert Tumenov vs. Matt Dwyer,http://ufcstats.com/fight-details/4664432c0d592411
2935,293,Pedro Munhoz vs. Jerrod Sanders,http://ufcstats.com/fight-details/1cad3dc6d7eccdfb
2934,292,Rick Story vs. Gunnar Nelson,http://ufcstats.com/fight-details/da26301ae3e7a9b1
2933,292,Max Holloway vs. Akira Corassani,http://ufcstats.com/fight-details/ca16e203eb2bde60
2932,292,Jan Blachowicz vs. Ilir Latifi,http://ufcstats.com/fight-details/699a70c8fb3c0273
2931,292,Mike Wilkinson vs. Niklas Backstrom,http://ufcstats.com/fight-details/5ed0027812582ad9
2930,292,Magnus Cedenblad vs. Scott Askham,http://ufcstats.com/fight-details/5563d6de0b4c4d65
2929,292,Nicholas Musoke vs. Alexander Yakovlev,http://ufcstats.com/fight-details/562d3261ca7bdf01
2928,292,Dennis Siver vs. Charles Rosa,http://ufcstats.com/fight-details/24ac3d1bee1610ef
2927,292,Cathal Pendred vs. Gasan Umalatov,http://ufcstats.com/fight-details/63e21ff20866b8fb
2926,292,Krzysztof Jotko vs. Tor Troeng,http://ufcstats.com/fight-details/6c62796d9b7e94a0
2925,292,Mairbek Taisumov vs. Marcin Bandel,http://ufcstats.com/fight-details/23692b9936363da3
2924,292,Zubaira Tukhugov vs. Ernest Chavez,http://ufcstats.com/fight-details/75a88258eb967e0c
2923,291,Demetrious Johnson vs. Chris Cariaso,http://ufcstats.com/fight-details/79c2461046e17eba
2922,291,Donald Cerrone vs. Eddie Alvarez,http://ufcstats.com/fight-details/64eb4ae171613218
2921,291,Conor McGregor vs. Dustin Poirier,http://ufcstats.com/fight-details/6bcea00473e43a59
2920,291,Yoel Romero vs. Tim Kennedy,http://ufcstats.com/fight-details/3e3db8c37096c260
2919,291,Cat Zingano vs. Amanda Nunes,http://ufcstats.com/fight-details/b1b82605646eb850
2918,291,Dominick Cruz vs. Takeya Mizugaki,http://ufcstats.com/fight-details/72656e864ca1c972
2917,291,Jorge Masvidal vs. James Krause,http://ufcstats.com/fight-details/65f4d4f44e6e73f7
2916,291,Stephen Thompson vs. Patrick Cote,http://ufcstats.com/fight-details/fceab09944a65840
2915,291,Brian Ebersole vs. John Howard,http://ufcstats.com/fight-details/fc45644c62643c71
2914,291,Kevin Lee vs. Jon Tuck,http://ufcstats.com/fight-details/9c0721bd410e7a0e
2913,291,Manvel Gamburyan vs. Cody Gibson,http://ufcstats.com/fight-details/a49706a6edb0c5c3
2912,290,Mark Hunt vs. Roy Nelson,http://ufcstats.com/fight-details/ef3c1a2ac6510d26
2911,290,Myles Jury vs. Takanori Gomi,http://ufcstats.com/fight-details/5ff0c4c6006f0873
2910,290,Yoshihiro Akiyama vs. Amir Sadollah,http://ufcstats.com/fight-details/1e797ccd275a98d0
2909,290,Miesha Tate vs. Rin Nakai,http://ufcstats.com/fight-details/36d9d7e331e6b589
2908,290,Kiichi Kunimoto vs. Richard Walsh,http://ufcstats.com/fight-details/26cd506de4221057
2907,290,Kyoji Horiguchi vs. Jon Delos Reyes,http://ufcstats.com/fight-details/c2a36e996bba3a4a
2906,290,Masanori Kanehara vs. Alex Caceres,http://ufcstats.com/fight-details/b516beb27416e492
2905,290,Katsunori Kikuno vs. Sam Sicilia,http://ufcstats.com/fight-details/7690e946d9d81f51
2904,290,Hyun Gyu Lim vs. Takenori Sato,http://ufcstats.com/fight-details/de2dad48d95305d7
2903,290,Kyung Ho Kang vs. Michinori Tanaka,http://ufcstats.com/fight-details/a4398b9257a93d78
2902,290,Johnny Case vs. Kazuki Tokudome,http://ufcstats.com/fight-details/3dd55cca2358a511
2901,290,Maximo Blanco vs. Dan Hooker,http://ufcstats.com/fight-details/284e05afc9479620
2900,289,Andrei Arlovski vs. Antonio Silva,http://ufcstats.com/fight-details/61c9bbeb2806534b
2899,289,Gleison Tibau vs. Piotr Hallmann,http://ufcstats.com/fight-details/246f38c7855a6400
2898,289,Leonardo Santos vs. Efrain Escudero,http://ufcstats.com/fight-details/72d2ab073f4120a4
2897,289,Santiago Ponzinibbio vs. Wendell Oliveira Marques,http://ufcstats.com/fight-details/033e4538b9014f91
2896,289,Iuri Alcantara vs. Russell Doane,http://ufcstats.com/fight-details/36c2ce10809f17b3
2895,289,Jessica Andrade vs. Larissa Pacheco,http://ufcstats.com/fight-details/2798c746fe93502a
2894,289,Godofredo Pepey vs. Dashon Johnson,http://ufcstats.com/fight-details/7580c93fec606442
2893,289,George Sullivan vs. Igor Araujo,http://ufcstats.com/fight-details/ebb9eeac1faf73ed
2892,289,Francisco Trinaldo vs. Leandro Silva,http://ufcstats.com/fight-details/e79e3ee088b76d46
2891,289,Sean Spencer vs. Paulo Thiago,http://ufcstats.com/fight-details/972b0643185b2570
2890,289,Rani Yahya vs. Johnny Bedford,http://ufcstats.com/fight-details/6f19f24780c4f23f
2889,288,Jacare Souza vs. Gegard Mousasi,http://ufcstats.com/fight-details/80faf0c138d20999
2888,288,Ben Rothwell vs. Alistair Overeem,http://ufcstats.com/fight-details/1520290d28b75b53
2887,288,Matt Mitrione vs. Derrick Lewis,http://ufcstats.com/fight-details/fd4d5685c2e207b5
2886,288,Joe Lauzon vs. Michael Chiesa,http://ufcstats.com/fight-details/c9733393385105cb
2885,288,John Moraga vs. Justin Scoggins,http://ufcstats.com/fight-details/839c8cd7b1a32c7c
2884,288,Al Iaquinta vs. Rodrigo Damm,http://ufcstats.com/fight-details/1c980547431ddcef
2883,288,Rafael Natal vs. Chris Camozzi,http://ufcstats.com/fight-details/98e21492b6bc15d3
2882,288,Chris Beal vs. Tateki Matsuda,http://ufcstats.com/fight-details/603b0b1fa3ab8f20
2881,288,Chas Skelly vs. Sean Soriano,http://ufcstats.com/fight-details/7ba4a04673307cc9
2880,287,TJ Dillashaw vs. Joe Soto,http://ufcstats.com/fight-details/e8c16b26a4bfe163
2879,287,Tony Ferguson vs. Danny Castillo,http://ufcstats.com/fight-details/ae0b5ab5bc4bb6a7
2878,287,Bethe Correia vs. Shayna Baszler,http://ufcstats.com/fight-details/8452ff5ae6316931
2877,287,Diego Ferreira vs. Ramsey Nijem,http://ufcstats.com/fight-details/1748b2b5aabe23a5
2876,287,Yancy Medeiros vs. Damon Jackson,http://ufcstats.com/fight-details/7cfb05c08ec91525
2875,287,Derek Brunson vs. Lorenz Larkin,http://ufcstats.com/fight-details/bd83e4a6f216230f
2874,287,Anthony Hamilton vs. Ruan Potts,http://ufcstats.com/fight-details/c303b8a07d0d06d2
2873,287,Chris Wade vs. Cain Carrizosa,http://ufcstats.com/fight-details/788c4bbf925cdf40
2872,286,Rafael Dos Anjos vs. Benson Henderson,http://ufcstats.com/fight-details/351532f2fe6804d1
2871,286,Jordan Mein vs. Mike Pyle,http://ufcstats.com/fight-details/c7765a3255701267
2870,286,Thales Leites vs. Francis Carmont,http://ufcstats.com/fight-details/735ed861dee80d25
2869,286,Max Holloway vs. Clay Collard,http://ufcstats.com/fight-details/56fbc2a376569c13
2868,286,James Vick vs. Valmir Lazaro,http://ufcstats.com/fight-details/20f0129fc4861674
2867,286,Chas Skelly vs. Tom Niinimaki,http://ufcstats.com/fight-details/e8f6232d12d52b58
2866,286,Neil Magny vs. Alex Garcia,http://ufcstats.com/fight-details/954362efa4564d60
2865,286,Beneil Dariush vs. Anthony Rocco Martin,http://ufcstats.com/fight-details/53fe9da9fb8d4f88
2864,286,Matt Hobar vs. Aaron Phillips,http://ufcstats.com/fight-details/b2867869d4eb98ce
2863,286,Ben Saunders vs. Chris Heatherly,http://ufcstats.com/fight-details/bb9c60bc6924f373
2862,286,Wilson Reis vs. Joby Sanchez,http://ufcstats.com/fight-details/01be9ab42f1fd8e6
2861,285,Michael Bisping vs. Cung Le,http://ufcstats.com/fight-details/a57b9c636ac198be
2860,285,Tyron Woodley vs. Dong Hyun Kim,http://ufcstats.com/fight-details/7cde85d46dc0bebe
2859,285,Zhang Lipeng vs. Brendan O'Reilly,http://ufcstats.com/fight-details/0067048aaa2aa2da
2858,285,Guangyou Ning vs. Jianping Yang,http://ufcstats.com/fight-details/2c417643d6de6f04
2857,285,Sai Wang vs. Danny Mitchell,http://ufcstats.com/fight-details/2d323659e430bc92
2856,285,Alberto Mina vs. Shinsho Anzai,http://ufcstats.com/fight-details/d0ee52e17db605ab
2855,285,Yuta Sasaki vs. Roland Delorme,http://ufcstats.com/fight-details/e5cf527ed3963a0e
2854,285,Colby Covington vs. Anying Wang,http://ufcstats.com/fight-details/4de8b5898e1a23c8
2853,285,Royston Wee vs. Yao Zhikui,http://ufcstats.com/fight-details/fe1130f34dea28d8
2852,285,Milana Dudieva vs. Elizabeth Phillips,http://ufcstats.com/fight-details/63e4cd10ed47f1a8
2851,284,Ryan Bader vs. Ovince Saint Preux,http://ufcstats.com/fight-details/db209b782f35e0e6
2850,284,Ross Pearson vs. Gray Maynard,http://ufcstats.com/fight-details/efa3f3c8945cad0a
2849,284,Tim Boetsch vs. Brad Tavares,http://ufcstats.com/fight-details/852442b380088fa5
2848,284,Alan Jouban vs. Seth Baczynski,http://ufcstats.com/fight-details/5df4632f6238e612
2847,284,Shawn Jordan vs. Jack May,http://ufcstats.com/fight-details/2573a9a722f238f4
2846,284,Thiago Tavares vs. Robert Peralta,http://ufcstats.com/fight-details/6989466d287b4a57
2845,284,Jussier Formiga vs. Zach Makovsky,http://ufcstats.com/fight-details/a0e4f43827aa81c4
2844,284,Sara McMann vs. Lauren Murphy,http://ufcstats.com/fight-details/03ba4f9ba7c934ad
2843,284,Tom Watson vs. Sam Alvey,http://ufcstats.com/fight-details/49d8fc8e4aee9b51
2842,284,Frankie Saenz vs. Nolan Ticman,http://ufcstats.com/fight-details/99dc6aa635a9cf98
2841,283,Robbie Lawler vs. Matt Brown,http://ufcstats.com/fight-details/677910683d0fd88b
2840,283,Anthony Johnson vs. Rogerio Nogueira,http://ufcstats.com/fight-details/1f63949591ad61bd
2839,283,Dennis Bermudez vs. Clay Guida,http://ufcstats.com/fight-details/1258b6f1cb5eed64
2838,283,King Green vs. Josh Thomson,http://ufcstats.com/fight-details/23124e6f3e7aa37d
2837,283,Jorge Masvidal vs. Daron Cruickshank,http://ufcstats.com/fight-details/17dc833cda860933
2836,283,Patrick Cummins vs. Kyle Kingsbury,http://ufcstats.com/fight-details/2e23e7ab6217c034
2835,283,Tim Means vs. Hernani Perpetuo,http://ufcstats.com/fight-details/35cdd5e50d30f26e
2834,283,Mike de la Torre vs. Brian Ortega,http://ufcstats.com/fight-details/fe6b45e7210bfa8e
2833,283,Tiago dos Santos e Silva vs. Akbarh Arreola,http://ufcstats.com/fight-details/f9e672ec431fed3f
2832,283,Gilbert Burns vs. Andreas Stahl,http://ufcstats.com/fight-details/5da651d5867cbdfe
2831,283,Joanna Jedrzejczyk vs. Juliana Lima,http://ufcstats.com/fight-details/f29ba17d818d4fac
2830,283,Noad Lahat vs. Steven Siler,http://ufcstats.com/fight-details/55b3724a98c0469c
2829,282,Conor McGregor vs. Diego Brandao,http://ufcstats.com/fight-details/1e603e6aa6d1a750
2828,282,Gunnar Nelson vs. Zak Cummings,http://ufcstats.com/fight-details/ab3820fa9944bd22
2827,282,Ian McCall vs. Brad Pickett,http://ufcstats.com/fight-details/0836a9bdd8942bb3
2826,282,Norman Parke vs. Naoyuki Kotani,http://ufcstats.com/fight-details/611ccad0fc46ba51
2825,282,Ilir Latifi vs. Chris Dempsey,http://ufcstats.com/fight-details/85a58685504c63b4
2824,282,Neil Seery vs. Phil Harris,http://ufcstats.com/fight-details/b2457e9da89967e2
2823,282,Cathal Pendred vs. Mike King,http://ufcstats.com/fight-details/f3a970c83d8de1db
2822,282,Trevor Smith vs. Tor Troeng,http://ufcstats.com/fight-details/c805552171b20b68
2821,282,Nikita Krylov vs. Cody Donovan,http://ufcstats.com/fight-details/f6d6b660e1578744
2820,282,Paddy Holohan vs. Josh Sampo,http://ufcstats.com/fight-details/e554e9910cb83d49
2819,281,Donald Cerrone vs. Jim Miller,http://ufcstats.com/fight-details/c8998aa536614a5a
2818,281,Edson Barboza vs. Evan Dunham,http://ufcstats.com/fight-details/4e7c06f8b2b8c24b
2817,281,Rick Story vs. Leonardo Mafra,http://ufcstats.com/fight-details/a822be2a017f329e
2816,281,Joe Proctor vs. Justin Salas,http://ufcstats.com/fight-details/c1bc2a42652f685c
2815,281,John Lineker vs. Alptekin Ozkilic,http://ufcstats.com/fight-details/3c06557ddd86f8e8
2814,281,Lucas Martins vs. Alex White,http://ufcstats.com/fight-details/0dff8509f6a861f1
2813,281,Gleison Tibau vs. Pat Healy,http://ufcstats.com/fight-details/b0271fa12935bf88
2812,281,Leslie Smith vs. Jessamyn Duke,http://ufcstats.com/fight-details/9fc7fcbdb6587265
2811,281,Aljamain Sterling vs. Hugo Viana,http://ufcstats.com/fight-details/02a183fa803a33fe
2810,281,Yosdenis Cedeno vs. Jerrod Sanders,http://ufcstats.com/fight-details/635ee9448fe2ddaf
2809,281,Claudia Gadelha vs. Tina Lahdemaki,http://ufcstats.com/fight-details/5c30f6535a08d598
2808,280,Frankie Edgar vs. BJ Penn,http://ufcstats.com/fight-details/bdcb43bf1daa790b
2807,280,Corey Anderson vs. Matt Van Buren,http://ufcstats.com/fight-details/8c5785de472dd9b2
2806,280,Eddie Gordon vs. Dhiego Lima,http://ufcstats.com/fight-details/14a59abb3160ddaa
2805,280,Derrick Lewis vs. Guto Inocente,http://ufcstats.com/fight-details/e7081f3a0a982f9d
2804,280,Dustin Ortiz vs. Justin Scoggins,http://ufcstats.com/fight-details/de17a01ce8a0c654
2803,280,Kevin Lee vs. Jesse Ronson,http://ufcstats.com/fight-details/94371d1af8aab471
2802,280,Leandro Issa vs. Jumabieke Tuerxun,http://ufcstats.com/fight-details/8fd355e482806ca7
2801,280,Adriano Martins vs. Juan Manuel Puig,http://ufcstats.com/fight-details/2f91307892d163ce
2800,280,Patrick Walsh vs. Daniel Spohn,http://ufcstats.com/fight-details/1117f90ee81e0bbf
2799,280,Sarah Moras vs. Alexis Dufresne,http://ufcstats.com/fight-details/e7318f41bce58b8c
2798,280,Robert Drysdale vs. Keith Berish,http://ufcstats.com/fight-details/a6245f48fc60bc6a
2797,279,Chris Weidman vs. Lyoto Machida,http://ufcstats.com/fight-details/f966ed41316504b9
2796,279,Ronda Rousey vs. Alexis Davis,http://ufcstats.com/fight-details/5da7d95051699adb
2795,279,Uriah Hall vs. Thiago Santos,http://ufcstats.com/fight-details/f560035058bdb18b
2794,279,Russell Doane vs. Marcus Brimage,http://ufcstats.com/fight-details/9cba1f0cdf10a8e5
2793,279,Urijah Faber vs. Alex Caceres,http://ufcstats.com/fight-details/27c34f7a7e1c4d67
2792,279,Kenny Robertson vs. Ildemar Alcantara,http://ufcstats.com/fight-details/f206143bb9347444
2791,279,Bruno Santos vs. Chris Camozzi,http://ufcstats.com/fight-details/2e8058fb2344ae3f
2790,279,Rob Font vs. George Roop,http://ufcstats.com/fight-details/c576e311ea337a32
2789,279,Luke Zachrich vs. Guilherme Vasconcelos,http://ufcstats.com/fight-details/6445b14dbd24ac25
2788,279,Kevin Casey vs. Bubba Bush,http://ufcstats.com/fight-details/629655f9b898810d
2787,278,Cub Swanson vs. Jeremy Stephens,http://ufcstats.com/fight-details/46cfb41b00cb5ad8
2786,278,Kelvin Gastelum vs. Nicholas Musoke,http://ufcstats.com/fight-details/0dab467898de22c6
2785,278,Cezar Ferreira vs. Andrew Craig,http://ufcstats.com/fight-details/12bf24fa110513d0
2784,278,Ricardo Lamas vs. Hacran Dias,http://ufcstats.com/fight-details/2c8d1f5bb73a812b
2783,278,Clint Hester vs. Antonio Braga Neto,http://ufcstats.com/fight-details/7d26a6b4b6845e1b
2782,278,Joe Ellenberger vs. James Moontasri,http://ufcstats.com/fight-details/9afda67fdb4d7c07
2781,278,Diego Ferreira vs. Colton Smith,http://ufcstats.com/fight-details/cbf36e02c68e7719
2780,278,Cody Gibson vs. Johnny Bedford,http://ufcstats.com/fight-details/4eae10815ebe78e3
2779,278,Marcelo Guimaraes vs. Andy Enz,http://ufcstats.com/fight-details/47cabf79c3340581
2778,278,Ray Borg vs. Shane Howell,http://ufcstats.com/fight-details/f3fb4be38377e1e9
2777,278,Aleksei Oleinik vs. Anthony Hamilton,http://ufcstats.com/fight-details/612333aaff795989
2776,277,Nate Marquardt vs. James Te Huna,http://ufcstats.com/fight-details/bfcabf1ab823942f
2775,277,Jared Rosholt vs. Soa Palelei,http://ufcstats.com/fight-details/7962611f2adbacc0
2774,277,Charles Oliveira vs. Hatsu Hioki,http://ufcstats.com/fight-details/a4759c52378f9d1a
2773,277,Robert Whittaker vs. Mike Rhodes,http://ufcstats.com/fight-details/1f65f03f1225e061
2772,277,Jake Matthews vs. Dashon Johnson,http://ufcstats.com/fight-details/70e49c90d012de66
2771,277,Richie Vaculik vs. Roldan Sangcha'an,http://ufcstats.com/fight-details/2977a9b5c30d89c1
2770,277,Vik Grujic vs. Chris Indich,http://ufcstats.com/fight-details/eb13a9d04dca676e
2769,277,Neil Magny vs. Rodrigo de Lima,http://ufcstats.com/fight-details/2bb2a2652fe38809
2768,277,Dan Hooker vs. Ian Entwistle,http://ufcstats.com/fight-details/ee532a38a0b93127
2767,277,Gian Villante vs. Sean O'Connell,http://ufcstats.com/fight-details/25a28456f684503e
2766,276,Demetrious Johnson vs. Ali Bagautinov,http://ufcstats.com/fight-details/933660cfab154f1a
2765,276,Rory MacDonald vs. Tyron Woodley,http://ufcstats.com/fight-details/de65739f00350c58
2764,276,Ryan Bader vs. Rafael Cavalcante,http://ufcstats.com/fight-details/b72c19b80fb47ba4
2763,276,Andrei Arlovski vs. Brendan Schaub,http://ufcstats.com/fight-details/f3ebce624bb154ae
2762,276,Ovince Saint Preux vs. Ryan Jimmo,http://ufcstats.com/fight-details/db747a157e1f264b
2761,276,Kiichi Kunimoto vs. Daniel Sarafian,http://ufcstats.com/fight-details/7767149280471f2a
2760,276,Valerie Letourneau vs. Elizabeth Phillips,http://ufcstats.com/fight-details/594ce25b9e16c7ba
2759,276,Yves Jabouin vs. Mike Easton,http://ufcstats.com/fight-details/5fe5c8cb69d8825e
2758,276,Tae Hyun Bang vs. Kajan Johnson,http://ufcstats.com/fight-details/a84d032d7d217427
2757,276,Michinori Tanaka vs. Roland Delorme,http://ufcstats.com/fight-details/2d7ead5ad0952423
2756,276,Jason Saggo vs. Josh Shockley,http://ufcstats.com/fight-details/357ba2f1da89031b
2755,275,Benson Henderson vs. Rustam Khabilov,http://ufcstats.com/fight-details/753004dcc9c53eb6
2754,275,Diego Sanchez vs. Ross Pearson,http://ufcstats.com/fight-details/8d7ea177efadc718
2753,275,John Dodson vs. John Moraga,http://ufcstats.com/fight-details/dbc35626d0f0576b
2752,275,Rafael Dos Anjos vs. Jason High,http://ufcstats.com/fight-details/b97d2f97d109cfc8
2751,275,Piotr Hallmann vs. Yves Edwards,http://ufcstats.com/fight-details/6ff8fff0fe2a3cd9
2750,275,Bryan Caraway vs. Erik Perez,http://ufcstats.com/fight-details/410e3163827d6d3b
2749,275,Sergio Pettis vs. Yaotzin Meza,http://ufcstats.com/fight-details/6eee347f75f223f0
2748,275,Lance Benoist vs. Bobby Voelker,http://ufcstats.com/fight-details/6597b770486021b8
2747,275,Scott Jorgensen vs. Danny Martinez,http://ufcstats.com/fight-details/d02ac0447fb2a7a0
2746,275,Jon Tuck vs. Jake Lindsey,http://ufcstats.com/fight-details/5eb07bffdc8b7acf
2745,275,Patrick Cummins vs. Roger Narvaez,http://ufcstats.com/fight-details/0c2a634606639d71
2744,274,Stipe Miocic vs. Fabio Maldonado,http://ufcstats.com/fight-details/09f9849d363433a7
2743,274,Antonio Carlos Junior vs. Vitor Miranda,http://ufcstats.com/fight-details/c16454a3205506c6
2742,274,Warlley Alves vs. Marcio Alexandre Junior,http://ufcstats.com/fight-details/bd0497a410822291
2741,274,Demian Maia vs. Alexander Yakovlev,http://ufcstats.com/fight-details/f9109d1e7c4ff9aa
2740,274,Robert Peralta vs. Rony Jason,http://ufcstats.com/fight-details/a104c62f69ce47de
2739,274,Rashid Magomedov vs. Rodrigo Damm,http://ufcstats.com/fight-details/16216dcec4a48768
2738,274,Elias Silverio vs. Ernest Chavez,http://ufcstats.com/fight-details/4041e280dc113323
2737,274,Gasan Umalatov vs. Paulo Thiago,http://ufcstats.com/fight-details/c16b1dc7577fc31c
2736,274,Edimilson Souza vs. Mark Eddiva,http://ufcstats.com/fight-details/c556a9d615f11483
2735,274,Ricardo Abreu vs. Wagner Silva,http://ufcstats.com/fight-details/e64310b89b54db3f
2734,274,Marcos Rogerio de Lima vs. Richardson Moreira,http://ufcstats.com/fight-details/ab27a211bcb9550b
2733,274,Pedro Munhoz vs. Matt Hobar,http://ufcstats.com/fight-details/f132535656f28648
2732,273,Gegard Mousasi vs. Mark Munoz,http://ufcstats.com/fight-details/5d7c91acbcddda2f
2731,273,CB Dollaway vs. Francis Carmont,http://ufcstats.com/fight-details/0ecbb881c74a63f5
2730,273,Sean Strickland vs. Luke Barnatt,http://ufcstats.com/fight-details/3618e0e165190576
2729,273,Niklas Backstrom vs. Tom Niinimaki,http://ufcstats.com/fight-details/0b1af005a5f25561
2728,273,Nick Hein vs. Drew Dober,http://ufcstats.com/fight-details/042fee3d05e105fa
2727,273,Magnus Cedenblad vs. Krzysztof Jotko,http://ufcstats.com/fight-details/5b6405eeb6757637
2726,273,Iuri Alcantara vs. Vaughan Lee,http://ufcstats.com/fight-details/2133f8798f089140
2725,273,Peter Sobotta vs. Pawel Pawlak,http://ufcstats.com/fight-details/e886e22d31bc96c1
2724,273,Maximo Blanco vs. Andy Ogle,http://ufcstats.com/fight-details/47bdfab3cdcdddfd
2723,273,Ruslan Magomedov vs. Viktor Pesta,http://ufcstats.com/fight-details/2baa02e0df86b566
2722,272,TJ Dillashaw vs. Renan Barao,http://ufcstats.com/fight-details/edcb573f1462846e
2721,272,Daniel Cormier vs. Dan Henderson,http://ufcstats.com/fight-details/2f6b63e8ec62e3ca
2720,272,Robbie Lawler vs. Jake Ellenberger,http://ufcstats.com/fight-details/c3e3d5ef06a45616
2719,272,Takeya Mizugaki vs. Francisco Rivera,http://ufcstats.com/fight-details/f9a59f7c67fbce01
2718,272,James Krause vs. Jamie Varner,http://ufcstats.com/fight-details/164eb9071caf3fe8
2717,272,Michael Chiesa vs. Francisco Trinaldo,http://ufcstats.com/fight-details/1789d630e31e9c77
2716,272,Tony Ferguson vs. Katsunori Kikuno,http://ufcstats.com/fight-details/002c1562708ac307
2715,272,Chris Holdsworth vs. Chico Camus,http://ufcstats.com/fight-details/ee0075e188e87e86
2714,272,Mitch Clarke vs. Al Iaquinta,http://ufcstats.com/fight-details/4ead27d52c14697a
2713,272,Vinc Pichel vs. Anthony Njokuani,http://ufcstats.com/fight-details/11d2b546c8533c0f
2712,272,Sam Sicilia vs. Aaron Phillips,http://ufcstats.com/fight-details/8d98ccae1057815e
2711,272,Li Jingliang vs. David Michaud,http://ufcstats.com/fight-details/b56fd6eb7d0b6083
2710,271,Matt Brown vs. Erick Silva,http://ufcstats.com/fight-details/f8cceeabeb2afd4d
2709,271,Constantinos Philippou vs. Lorenz Larkin,http://ufcstats.com/fight-details/2d14f73c374f2875
2708,271,Daron Cruickshank vs. Erik Koch,http://ufcstats.com/fight-details/3ee1a3216cf66b95
2707,271,Neil Magny vs. Tim Means,http://ufcstats.com/fight-details/107079f548338ac3
2706,271,Soa Palelei vs. Ruan Potts,http://ufcstats.com/fight-details/4ceadad9c2dd0a87
2705,271,Chris Cariaso vs. Louis Smolka,http://ufcstats.com/fight-details/7d947be4c15ebe36
2704,271,Ed Herman vs. Rafael Natal,http://ufcstats.com/fight-details/289004336bd71d34
2703,271,Kyoji Horiguchi vs. Darrell Montague,http://ufcstats.com/fight-details/8ea70cfd5d3aa5ee
2702,271,Zak Cummings vs. Yan Cabral,http://ufcstats.com/fight-details/9a8fedc4fa968bbd
2701,271,Johnny Eduardo vs. Eddie Wineland,http://ufcstats.com/fight-details/23e96ddeb14b5936
2700,271,Nik Lentz vs. Manvel Gamburyan,http://ufcstats.com/fight-details/687b9b2c11667531
2699,271,Justin Salas vs. Ben Wall,http://ufcstats.com/fight-details/2b6c2cdccb2cc659
2698,271,Albert Tumenov vs. Anthony Lapsley,http://ufcstats.com/fight-details/d6e4d0d62a96a948
2697,270,Jon Jones vs. Glover Teixeira,http://ufcstats.com/fight-details/e332aec001b34f50
2696,270,Anthony Johnson vs. Phil Davis,http://ufcstats.com/fight-details/9a1d57966d8a17a4
2695,270,Luke Rockhold vs. Tim Boetsch,http://ufcstats.com/fight-details/9b10db4499b211b7
2694,270,Jim Miller vs. Yancy Medeiros,http://ufcstats.com/fight-details/484cf23d5110ca04
2693,270,Max Holloway vs. Andre Fili,http://ufcstats.com/fight-details/5b0cc074c657ebd4
2692,270,Joseph Benavidez vs. Tim Elliott,http://ufcstats.com/fight-details/553a788a44b8e794
2691,270,Takanori Gomi vs. Isaac Vallie-Flagg,http://ufcstats.com/fight-details/23861a2085ea34a3
2690,270,Bethe Correia vs. Jessamyn Duke,http://ufcstats.com/fight-details/c3455ba522bb37eb
2689,270,Danny Castillo vs. Charlie Brenneman,http://ufcstats.com/fight-details/e4fcad8261083dbf
2688,270,Chris Beal vs. Patrick Williams,http://ufcstats.com/fight-details/82f00e723ed5f6ea
2687,269,Fabricio Werdum vs. Travis Browne,http://ufcstats.com/fight-details/a9660625bab5d4a3
2686,269,Miesha Tate vs. Liz Carmouche,http://ufcstats.com/fight-details/e446c5e4a8b8d189
2685,269,Donald Cerrone vs. Edson Barboza,http://ufcstats.com/fight-details/4e3ccffe18641d9c
2684,269,Yoel Romero vs. Brad Tavares,http://ufcstats.com/fight-details/f5445d367e7dbb2b
2683,269,Khabib Nurmagomedov vs. Rafael Dos Anjos,http://ufcstats.com/fight-details/9d1722fb8b83a92a
2682,269,Thiago Alves vs. Seth Baczynski,http://ufcstats.com/fight-details/220aa11288e919c6
2681,269,Jorge Masvidal vs. Pat Healy,http://ufcstats.com/fight-details/f8c9a597f719d75c
2680,269,Alex White vs. Estevan Payan,http://ufcstats.com/fight-details/3808db1e982cb103
2679,269,Caio Magalhaes vs. Luke Zachrich,http://ufcstats.com/fight-details/7fe2f0213d641540
2678,269,Jordan Mein vs. Hernani Perpetuo,http://ufcstats.com/fight-details/73f72edb86c82eef
2677,269,Dustin Ortiz vs. Ray Borg,http://ufcstats.com/fight-details/b36362f5db72abee
2676,269,Mirsad Bektic vs. Chas Skelly,http://ufcstats.com/fight-details/70e0e57a6755e31e
2675,269,Derrick Lewis vs. Jack May,http://ufcstats.com/fight-details/a283975bf9355757
2674,268,Tim Kennedy vs. Michael Bisping,http://ufcstats.com/fight-details/3a5b53d1123d9f7e
2673,268,Patrick Cote vs. Kyle Noke,http://ufcstats.com/fight-details/1a6e7e7c98886198
2672,268,Elias Theodorou vs. Sheldon Westcott,http://ufcstats.com/fight-details/273f9520d75f3dac
2671,268,Chad Laprise vs. Olivier Aubin-Mercier,http://ufcstats.com/fight-details/0dd560fbcae2244f
2670,268,Dustin Poirier vs. Akira Corassani,http://ufcstats.com/fight-details/3e6b5cb3c37bef3b
2669,268,KJ Noons vs. Sam Stout,http://ufcstats.com/fight-details/3406cf3e28e30d1b
2668,268,Sarah Kaufman vs. Leslie Smith,http://ufcstats.com/fight-details/2e8d68b14dde981e
2667,268,Ryan Jimmo vs. Sean O'Connell,http://ufcstats.com/fight-details/f0b117394e52996b
2666,268,George Roop vs. Dustin Kimura,http://ufcstats.com/fight-details/3427667c1a265fe5
2665,268,Mark Bocek vs. Mike de la Torre,http://ufcstats.com/fight-details/a7aac5f6b470ddaa
2664,268,Nordine Taleb vs. Vik Grujic,http://ufcstats.com/fight-details/01c67a3990800dc3
2663,268,Richard Walsh vs. Chris Indich,http://ufcstats.com/fight-details/e532ef88b8cb26d2
2662,268,Mitch Gagnon vs. Tim Gorman,http://ufcstats.com/fight-details/d2519c169f3039ee
2661,267,Roy Nelson vs. Antonio Rodrigo Nogueira,http://ufcstats.com/fight-details/20d732758337f0a5
2660,267,Clay Guida vs. Tatsuya Kawajiri,http://ufcstats.com/fight-details/a2e1e35e4e84e08d
2659,267,Ryan LaFlare vs. John Howard,http://ufcstats.com/fight-details/8c47c4b9503dd5b4
2658,267,Ramsey Nijem vs. Beneil Dariush,http://ufcstats.com/fight-details/beed8bc1f800de8f
2657,267,Jared Rosholt vs. Daniel Omielanczuk,http://ufcstats.com/fight-details/f524520a7fe0a8b8
2656,267,Thales Leites vs. Trevor Smith,http://ufcstats.com/fight-details/a523ac02533f8b4d
2655,267,Jim Alers vs. Alan Omer,http://ufcstats.com/fight-details/f7fac3df5c6dc91f
2654,267,Rani Yahya vs. Johnny Bedford,http://ufcstats.com/fight-details/ceac6997d22f2f3b
2653,266,Dan Henderson vs. Mauricio Rua,http://ufcstats.com/fight-details/981e2f5a8e46a1f1
2652,266,CB Dollaway vs. Cezar Ferreira,http://ufcstats.com/fight-details/eae8d2c30c0bb499
2651,266,Leonardo Santos vs. Norman Parke,http://ufcstats.com/fight-details/671048cd1933855a
2650,266,Fabio Maldonado vs. Gian Villante,http://ufcstats.com/fight-details/98cea844501261a9
2649,266,Michel Prazeres vs. Mairbek Taisumov,http://ufcstats.com/fight-details/fcb3e9f89987d519
2648,266,Rony Jason vs. Steven Siler,http://ufcstats.com/fight-details/995f0dcdcd5fe43c
2647,266,Thiago Santos vs. Ronny Markes,http://ufcstats.com/fight-details/283c0b3b7e425252
2646,266,Jussier Formiga vs. Scott Jorgensen,http://ufcstats.com/fight-details/a5827bfce19e63ea
2645,266,Kenny Robertson vs. Thiago Perpetuo,http://ufcstats.com/fight-details/5464d7ccb4177464
2644,266,Hans Stringer vs. Francimar Barroso,http://ufcstats.com/fight-details/8e87b33bea7c5da9
2643,266,Godofredo Pepey vs. Noad Lahat,http://ufcstats.com/fight-details/8f120352072bd5ed
2642,265,Johny Hendricks vs. Robbie Lawler,http://ufcstats.com/fight-details/cdf58f62e289efec
2641,265,Tyron Woodley vs. Carlos Condit,http://ufcstats.com/fight-details/ba38b96f39db78c0
2640,265,Myles Jury vs. Diego Sanchez,http://ufcstats.com/fight-details/d4d4aded862ace46
2639,265,Hector Lombard vs. Jake Shields,http://ufcstats.com/fight-details/427a10db0406cfba
2638,265,Ovince Saint Preux vs. Nikita Krylov,http://ufcstats.com/fight-details/2d050cb1f7d8789a
2637,265,Kelvin Gastelum vs. Rick Story,http://ufcstats.com/fight-details/56b57d076f874eb0
2636,265,Jessica Andrade vs. Raquel Pennington,http://ufcstats.com/fight-details/99170b2f2496e479
2635,265,Dennis Bermudez vs. Jimy Hettes,http://ufcstats.com/fight-details/639013929b61e834
2634,265,Alex Garcia vs. Sean Spencer,http://ufcstats.com/fight-details/a5f39e8ff1398269
2633,265,Francisco Trevino vs. Renee Forte,http://ufcstats.com/fight-details/364ed6aecfc8d16d
2632,265,Justin Scoggins vs. Will Campuzano,http://ufcstats.com/fight-details/0175c0d2a98576f1
2631,265,Sean Strickland vs. Robert McDaniel,http://ufcstats.com/fight-details/8f979d206eaec468
2630,265,Robert Whiteford vs. Daniel Pineda,http://ufcstats.com/fight-details/543dca66a449d9d5
2629,264,Alexander Gustafsson vs. Jimi Manuwa,http://ufcstats.com/fight-details/742fcd610f344810
2628,264,Michael Johnson vs. Melvin Guillard,http://ufcstats.com/fight-details/73f55778c5c55c2f
2627,264,Brad Pickett vs. Neil Seery,http://ufcstats.com/fight-details/b5be58e7fa1e7439
2626,264,Gunnar Nelson vs. Omari Akhmedov,http://ufcstats.com/fight-details/0b3c3d363c82835f
2625,264,Ilir Latifi vs. Cyrille Diabate,http://ufcstats.com/fight-details/6242126d8d06a7ca
2624,264,Luke Barnatt vs. Mats Nilsson,http://ufcstats.com/fight-details/406154260435c65a
2623,264,Claudio Silva vs. Brad Scott,http://ufcstats.com/fight-details/4911fcfb1b28faa5
2622,264,Igor Araujo vs. Danny Mitchell,http://ufcstats.com/fight-details/54845ec0646a9bee
2621,264,Phil Harris vs. Louis Gaudinot,http://ufcstats.com/fight-details/443791a8c6790cf0
2620,263,Dong Hyun Kim vs. John Hathaway,http://ufcstats.com/fight-details/e38d7761a92e1bf9
2619,263,Zhang Lipeng vs. Sai Wang,http://ufcstats.com/fight-details/0fea1cff62e26b46
2618,263,Matt Mitrione vs. Shawn Jordan,http://ufcstats.com/fight-details/82448697e7a44028
2617,263,Hatsu Hioki vs. Ivan Menjivar,http://ufcstats.com/fight-details/57ab45aa1ebd087e
2616,263,Yui Chul Nam vs. Kazuki Tokudome,http://ufcstats.com/fight-details/c53a5dca56870ea5
2615,263,Vaughan Lee vs. Nam Phan,http://ufcstats.com/fight-details/3fa2e753afa0bdbb
2614,263,Anying Wang vs. Albert Cheng,http://ufcstats.com/fight-details/36d4e8f650539bf0
2613,263,Mark Eddiva vs. Jumabieke Tuerxun,http://ufcstats.com/fight-details/2ebe2ae9b4812f0a
2612,262,Ronda Rousey vs. Sara McMann,http://ufcstats.com/fight-details/654127f5b9140be2
2611,262,Daniel Cormier vs. Patrick Cummins,http://ufcstats.com/fight-details/b1a033020bd6d3f3
2610,262,Rory MacDonald vs. Demian Maia,http://ufcstats.com/fight-details/29657325bfc1d590
2609,262,Mike Pyle vs. TJ Waldburger,http://ufcstats.com/fight-details/9988ff4d4197663b
2608,262,Stephen Thompson vs. Robert Whittaker,http://ufcstats.com/fight-details/ab0d6346b7938a7f
2607,262,Alexis Davis vs. Jessica Eye,http://ufcstats.com/fight-details/36630b8c820db52b
2606,262,Raphael Assuncao vs. Pedro Munhoz,http://ufcstats.com/fight-details/faaa7340f4ede814
2605,262,Aljamain Sterling vs. Cody Gibson,http://ufcstats.com/fight-details/41727d51af72b1d5
2604,262,Zach Makovsky vs. Josh Sampo,http://ufcstats.com/fight-details/1a8b815679bc89b8
2603,262,Erik Koch vs. Rafaello Oliveira,http://ufcstats.com/fight-details/dc28c6e66f333d2a
2602,262,Ernest Chavez vs. Yosdenis Cedeno,http://ufcstats.com/fight-details/328ae84bf2af537e
2601,261,Lyoto Machida vs. Gegard Mousasi,http://ufcstats.com/fight-details/aa11f2375ee2118f
2600,261,Jacare Souza vs. Francis Carmont,http://ufcstats.com/fight-details/ffbc12e4f821ec68
2599,261,Erick Silva vs. Takenori Sato,http://ufcstats.com/fight-details/dadde3eb4e5f43b4
2598,261,Nicholas Musoke vs. Viscardi Andrade,http://ufcstats.com/fight-details/d0e084b6345c5af0
2597,261,Charles Oliveira vs. Andy Ogle,http://ufcstats.com/fight-details/b96e1222eb1a0faf
2596,261,Joe Proctor vs. Cristiano Marcello,http://ufcstats.com/fight-details/cfefbf79340d3346
2595,261,Rodrigo Damm vs. Ivan Jorge,http://ufcstats.com/fight-details/420114bb94080b3c
2594,261,Francisco Trinaldo vs. Jesse Ronson,http://ufcstats.com/fight-details/ea60fdcfd423a15e
2593,261,Iuri Alcantara vs. Wilson Reis,http://ufcstats.com/fight-details/01d4d1d8bcb014cf
2592,261,Felipe Arantes vs. Maximo Blanco,http://ufcstats.com/fight-details/8619c3cde7dd4e15
2591,261,Ildemar Alcantara vs. Albert Tumenov,http://ufcstats.com/fight-details/496a169f4c9becec
2590,261,Zubaira Tukhugov vs. Douglas Silva de Andrade,http://ufcstats.com/fight-details/816119e4d9d983b1
2589,260,Renan Barao vs. Urijah Faber,http://ufcstats.com/fight-details/4c9047d1c1bc1e29
2588,260,Jose Aldo vs. Ricardo Lamas,http://ufcstats.com/fight-details/a3b37f8ea171b962
2587,260,Alistair Overeem vs. Frank Mir,http://ufcstats.com/fight-details/651bdd9e17a58c5d
2586,260,Ali Bagautinov vs. John Lineker,http://ufcstats.com/fight-details/a851348faa460c2d
2585,260,Abel Trujillo vs. Jamie Varner,http://ufcstats.com/fight-details/fe936088ec4dcb0d
2584,260,Alan Patrick vs. John Makdessi,http://ufcstats.com/fight-details/b9be2e52d02886e2
2583,260,Chris Cariaso vs. Danny Martinez,http://ufcstats.com/fight-details/b705fb146638d859
2582,260,Nick Catone vs. Tom Watson,http://ufcstats.com/fight-details/c145e4b6206d4c18
2581,260,Al Iaquinta vs. Kevin Lee,http://ufcstats.com/fight-details/b51163f358495b41
2580,260,Clint Hester vs. Andy Enz,http://ufcstats.com/fight-details/131732f248cd2829
2579,260,Rashid Magomedov vs. Anthony Rocco Martin,http://ufcstats.com/fight-details/bc9dd73e0a982c08
2578,260,Neil Magny vs. Gasan Umalatov,http://ufcstats.com/fight-details/7a91b26b3e231fff
2577,259,Benson Henderson vs. Josh Thomson,http://ufcstats.com/fight-details/7fda79ba69b06c0b
2576,259,Stipe Miocic vs. Gabriel Gonzaga,http://ufcstats.com/fight-details/77d82e8a220053ea
2575,259,Donald Cerrone vs. Adriano Martins,http://ufcstats.com/fight-details/ca8e482388e7ac82
2574,259,Jeremy Stephens vs. Darren Elkins,http://ufcstats.com/fight-details/6fdcd1caa0e9d239
2573,259,Alex Caceres vs. Sergio Pettis,http://ufcstats.com/fight-details/6a7f68feb5c0755d
2572,259,Eddie Wineland vs. Yves Jabouin,http://ufcstats.com/fight-details/97ad3419f2029ba1
2571,259,Chico Camus vs. Yaotzin Meza,http://ufcstats.com/fight-details/80cb366cd1e54aec
2570,259,Hugo Viana vs. Ramiro Hernandez,http://ufcstats.com/fight-details/df7cf7ef41eccbe6
2569,259,Daron Cruickshank vs. Mike Rio,http://ufcstats.com/fight-details/3f1d1bd33a296f26
2568,259,George Sullivan vs. Mike Rhodes,http://ufcstats.com/fight-details/ea0f7fe570c1533f
2567,259,Nikita Krylov vs. Walt Harris,http://ufcstats.com/fight-details/e53c8a20819f9be6
2566,258,Luke Rockhold vs. Constantinos Philippou,http://ufcstats.com/fight-details/0f3e6876516edeaf
2565,258,Brad Tavares vs. Lorenz Larkin,http://ufcstats.com/fight-details/8d6392d59e1ca099
2564,258,TJ Dillashaw vs. Mike Easton,http://ufcstats.com/fight-details/55139052f4641670
2563,258,Yoel Romero vs. Derek Brunson,http://ufcstats.com/fight-details/7e3609b672c7ecf9
2562,258,John Moraga vs. Dustin Ortiz,http://ufcstats.com/fight-details/eea06604a47ea9a8
2561,258,Cole Miller vs. Sam Sicilia,http://ufcstats.com/fight-details/fac335e6aeff29f5
2560,258,Ramsey Nijem vs. Justin Edwards,http://ufcstats.com/fight-details/bbb810f50d60b31a
2559,258,Elias Silverio vs. Isaac Vallie-Flagg,http://ufcstats.com/fight-details/3b8b70b448b0c604
2558,258,Trevor Smith vs. Brian Houston,http://ufcstats.com/fight-details/94608c62dd497366
2557,258,Louis Smolka vs. Alptekin Ozkilic,http://ufcstats.com/fight-details/c2f70bd2fc1bac73
2556,258,Vinc Pichel vs. Garett Whiteley,http://ufcstats.com/fight-details/1143d37503a9527d
2555,258,Beneil Dariush vs. Charlie Brenneman,http://ufcstats.com/fight-details/6f3e189c393c0e09
2554,257,Tarec Saffiedine vs. Hyun Gyu Lim,http://ufcstats.com/fight-details/3ff7d02ef633ee22
2553,257,Tatsuya Kawajiri vs. Sean Soriano,http://ufcstats.com/fight-details/07d1d120dab41893
2552,257,Kiichi Kunimoto vs. Luiz Dutra,http://ufcstats.com/fight-details/74edd53297a084b9
2551,257,Kyung Ho Kang vs. Shunichi Shimizu,http://ufcstats.com/fight-details/221cb15141299346
2550,257,Max Holloway vs. Will Chope,http://ufcstats.com/fight-details/4b69545737f1902a
2549,257,Katsunori Kikuno vs. Quinn Mulhern,http://ufcstats.com/fight-details/ab8722d48a5a447e
2548,257,Royston Wee vs. Dave Galera,http://ufcstats.com/fight-details/e2bb4b8ce5ada2a8
2547,257,Mairbek Taisumov vs. Tae Hyun Bang,http://ufcstats.com/fight-details/181429d8227794cb
2546,257,Dustin Kimura vs. Jon Delos Reyes,http://ufcstats.com/fight-details/eb82e95ab678f8bc
2545,257,Russell Doane vs. Leandro Issa,http://ufcstats.com/fight-details/f7bd56e197bab2a6
2544,256,Chris Weidman vs. Anderson Silva,http://ufcstats.com/fight-details/2a17686c6b5f334e
2543,256,Ronda Rousey vs. Miesha Tate,http://ufcstats.com/fight-details/315968a74789600a
2542,256,Travis Browne vs. Josh Barnett,http://ufcstats.com/fight-details/a060b6b0dfe275b7
2541,256,Jim Miller vs. Fabricio Camoes,http://ufcstats.com/fight-details/39be68189f2d5074
2540,256,Dustin Poirier vs. Diego Brandao,http://ufcstats.com/fight-details/5e4f358e0bcc2f15
2539,256,Uriah Hall vs. Chris Leben,http://ufcstats.com/fight-details/11706648d34ff3e8
2538,256,Michael Johnson vs. Gleison Tibau,http://ufcstats.com/fight-details/b1fd21231f0604e1
2537,256,Dennis Siver vs. Manvel Gamburyan,http://ufcstats.com/fight-details/f1a9c3187855155c
2536,256,John Howard vs. Siyar Bahadurzada,http://ufcstats.com/fight-details/a6e494c82d136172
2535,256,William Macario vs. Bobby Voelker,http://ufcstats.com/fight-details/49c0071ae52fc83a
2534,256,Robert Peralta vs. Estevan Payan,http://ufcstats.com/fight-details/27635cc4d9fcac98
2533,255,Demetrious Johnson vs. Joseph Benavidez,http://ufcstats.com/fight-details/e6663b2c16df6191
2532,255,Urijah Faber vs. Michael McDonald,http://ufcstats.com/fight-details/00566b4d89565373
2531,255,Chad Mendes vs. Nik Lentz,http://ufcstats.com/fight-details/631f0721b3fc56dc
2530,255,Joe Lauzon vs. Mac Danzig,http://ufcstats.com/fight-details/319d75c21fbb5d3f
2529,255,Ryan LaFlare vs. Court McGee,http://ufcstats.com/fight-details/c1d2ce95229cdbd9
2528,255,Edson Barboza vs. Danny Castillo,http://ufcstats.com/fight-details/a5c76ead1a2767b6
2527,255,King Green vs. Pat Healy,http://ufcstats.com/fight-details/f5fb4435faf1ca04
2526,255,Zach Makovsky vs. Scott Jorgensen,http://ufcstats.com/fight-details/5ffccdf4af20dc0d
2525,255,Sam Stout vs. Cody McKenzie,http://ufcstats.com/fight-details/5929c539190c8a07
2524,255,Abel Trujillo vs. Roger Bowling,http://ufcstats.com/fight-details/4618dcef2dc6250f
2523,255,Alptekin Ozkilic vs. Darren Uyenoyama,http://ufcstats.com/fight-details/0f215b143e08f425
2522,254,Mark Hunt vs. Antonio Silva,http://ufcstats.com/fight-details/fe52c91f751e8db6
2521,254,Mauricio Rua vs. James Te Huna,http://ufcstats.com/fight-details/b568f3700aa2c1f7
2520,254,Ryan Bader vs. Anthony Perosh,http://ufcstats.com/fight-details/bfc321f0b0a7bf40
2519,254,Soa Palelei vs. Pat Barry,http://ufcstats.com/fight-details/45e6eec6b35d7dfe
2518,254,Clint Hester vs. Dylan Andrews,http://ufcstats.com/fight-details/adc1b34f6988bd68
2517,254,Bethe Correia vs. Julie Kedzie,http://ufcstats.com/fight-details/39efb868dbe7e311
2516,254,Takeya Mizugaki vs. Nam Phan,http://ufcstats.com/fight-details/b951f2d4080ef172
2515,254,Caio Magalhaes vs. Nick Ring,http://ufcstats.com/fight-details/e982a2648d69fda6
2514,254,Justin Scoggins vs. Richie Vaculik,http://ufcstats.com/fight-details/e14b4f2c7b36d0b9
2513,254,Krzysztof Jotko vs. Bruno Santos,http://ufcstats.com/fight-details/678eb77df5589eac
2512,254,Alex Garcia vs. Ben Wall,http://ufcstats.com/fight-details/2389557cfa02df78
2511,253,Nate Diaz vs. Gray Maynard,http://ufcstats.com/fight-details/f0815638f558968d
2510,253,Julianna Pena vs. Jessica Rakoczy,http://ufcstats.com/fight-details/fca7fbd0bafc480c
2509,253,Chris Holdsworth vs. Davey Grant,http://ufcstats.com/fight-details/a072ec605bebe5a8
2508,253,Jessamyn Duke vs. Peggy Morgan,http://ufcstats.com/fight-details/1b7bc992c26ac10f
2507,253,Raquel Pennington vs. Roxanne Modafferi,http://ufcstats.com/fight-details/2a940fac11da404d
2506,253,Akira Corassani vs. Maximo Blanco,http://ufcstats.com/fight-details/b186f4778257ca6d
2505,253,Tom Niinimaki vs. Rani Yahya,http://ufcstats.com/fight-details/e9ec16e4e7cfb120
2504,253,Jared Rosholt vs. Walt Harris,http://ufcstats.com/fight-details/2b5058614b56a898
2503,253,Sean Spencer vs. Drew Dober,http://ufcstats.com/fight-details/64e1197b8d5d0706
2502,253,Josh Sampo vs. Ryan Benoit,http://ufcstats.com/fight-details/c9ebbba18e4e1e84
2501,252,Georges St-Pierre vs. Johny Hendricks,http://ufcstats.com/fight-details/7ff036c99621eb1c
2500,252,Rashad Evans vs. Chael Sonnen,http://ufcstats.com/fight-details/25cb0e15dfc8deb3
2499,252,Robbie Lawler vs. Rory MacDonald,http://ufcstats.com/fight-details/6c1fa30e1dd38c0b
2498,252,Tyron Woodley vs. Josh Koscheck,http://ufcstats.com/fight-details/1f5c71dd2a0672ac
2497,252,Ali Bagautinov vs. Tim Elliott,http://ufcstats.com/fight-details/3081e6e1bc1235a8
2496,252,Donald Cerrone vs. Evan Dunham,http://ufcstats.com/fight-details/67222a0d79c83086
2495,252,Thales Leites vs. Ed Herman,http://ufcstats.com/fight-details/e9ed827818e8cadf
2494,252,Rick Story vs. Brian Ebersole,http://ufcstats.com/fight-details/9bec9d2d0dd1d7f7
2493,252,Erik Perez vs. Edwin Figueroa,http://ufcstats.com/fight-details/9cc0582c703637aa
2492,252,Jason High vs. Anthony Lapsley,http://ufcstats.com/fight-details/a4d7e8241422ed41
2491,252,Sergio Pettis vs. Will Campuzano,http://ufcstats.com/fight-details/55f4c3598797ce6f
2490,252,Gian Villante vs. Cody Donovan,http://ufcstats.com/fight-details/d8b864e673f53ec2
2489,251,Vitor Belfort vs. Dan Henderson,http://ufcstats.com/fight-details/1d34e2f80cb91188
2488,251,Cezar Ferreira vs. Daniel Sarafian,http://ufcstats.com/fight-details/2d57ce76f7922ed9
2487,251,Rafael Cavalcante vs. Igor Pokrajac,http://ufcstats.com/fight-details/c6c37a9e8990baba
2486,251,Brandon Thatch vs. Paulo Thiago,http://ufcstats.com/fight-details/8de959ac3c3eeb85
2485,251,Ryan LaFlare vs. Santiago Ponzinibbio,http://ufcstats.com/fight-details/389c844a1a56177c
2484,251,Jeremy Stephens vs. Rony Jason,http://ufcstats.com/fight-details/2e042964c6498e7a
2483,251,Sam Sicilia vs. Godofredo Pepey,http://ufcstats.com/fight-details/0a70601cc9f2426f
2482,251,Omari Akhmedov vs. Thiago Perpetuo,http://ufcstats.com/fight-details/e9bc416752cadd29
2481,251,Thiago Tavares vs. Justin Salas,http://ufcstats.com/fight-details/ee4d086121100177
2480,251,Adriano Martins vs. Daron Cruickshank,http://ufcstats.com/fight-details/2dd0a47f43dfe8f6
2479,251,Dustin Ortiz vs. Jose Maria,http://ufcstats.com/fight-details/5cce3bc28ddb158f
2478,250,Tim Kennedy vs. Rafael Natal,http://ufcstats.com/fight-details/26e876df6d498657
2477,250,Alexis Davis vs. Liz Carmouche,http://ufcstats.com/fight-details/4c257f69fb974088
2476,250,Yoel Romero vs. Ronny Markes,http://ufcstats.com/fight-details/b35f2071e6dd4b12
2475,250,Rustam Khabilov vs. Jorge Masvidal,http://ufcstats.com/fight-details/dbc3afd71525c83d
2474,250,Michael Chiesa vs. Colton Smith,http://ufcstats.com/fight-details/0cd79ea89d5931d0
2473,250,King Green vs. James Krause,http://ufcstats.com/fight-details/2bcb1b0b05e2c739
2472,250,Francisco Rivera vs. George Roop,http://ufcstats.com/fight-details/dc3deae609874677
2471,250,Dennis Bermudez vs. Steven Siler,http://ufcstats.com/fight-details/ce30634422a264f9
2470,250,Amanda Nunes vs. Germaine de Randamie,http://ufcstats.com/fight-details/add991cb839af4ed
2469,250,Lorenz Larkin vs. Chris Camozzi,http://ufcstats.com/fight-details/ef97cccf28cf00a8
2468,250,Yves Edwards vs. Yancy Medeiros,http://ufcstats.com/fight-details/ab18079c7c0040fb
2467,250,Seth Baczynski vs. Neil Magny,http://ufcstats.com/fight-details/6017ccf5fa09da34
2466,250,Derek Brunson vs. Brian Houston,http://ufcstats.com/fight-details/20a83369ee44e1d4
2465,249,Lyoto Machida vs. Mark Munoz,http://ufcstats.com/fight-details/49d065270f57ad99
2464,249,Ross Pearson vs. Melvin Guillard,http://ufcstats.com/fight-details/b25662d83e6d4c3b
2463,249,Jimi Manuwa vs. Ryan Jimmo,http://ufcstats.com/fight-details/c33671cab408184b
2462,249,Norman Parke vs. Jon Tuck,http://ufcstats.com/fight-details/a34dc365302238e8
2461,249,Nicholas Musoke vs. Alessio Sakara,http://ufcstats.com/fight-details/2a50b91600e87994
2460,249,John Lineker vs. Phil Harris,http://ufcstats.com/fight-details/4c0718f12ca664bb
2459,249,Al Iaquinta vs. Piotr Hallmann,http://ufcstats.com/fight-details/22fdf7a08691db5d
2458,249,Luke Barnatt vs. Andrew Craig,http://ufcstats.com/fight-details/6fbd9d599d638106
2457,249,Jessica Andrade vs. Rosi Sexton,http://ufcstats.com/fight-details/5364d1537fc7d5aa
2456,249,Cole Miller vs. Andy Ogle,http://ufcstats.com/fight-details/0051d7fbb7893d27
2455,249,Jimy Hettes vs. Robert Whiteford,http://ufcstats.com/fight-details/ce9e10ad39976287
2454,249,Brad Scott vs. Michael Kuiper,http://ufcstats.com/fight-details/46c89e7e886cdc5b
2453,248,Cain Velasquez vs. Junior Dos Santos,http://ufcstats.com/fight-details/0bdc4e7ce6687367
2452,248,Daniel Cormier vs. Roy Nelson,http://ufcstats.com/fight-details/e7cb40d82d987b9e
2451,248,Gilbert Melendez vs. Diego Sanchez,http://ufcstats.com/fight-details/340d5e6f22ff6ac4
2450,248,Gabriel Gonzaga vs. Shawn Jordan,http://ufcstats.com/fight-details/ed53922429a19c99
2449,248,John Dodson vs. Darrell Montague,http://ufcstats.com/fight-details/eba86a4ea6128840
2448,248,Tim Boetsch vs. CB Dollaway,http://ufcstats.com/fight-details/fffa21388cdd78b7
2447,248,Hector Lombard vs. Nate Marquardt,http://ufcstats.com/fight-details/2a5fd0e2728967a5
2446,248,Sarah Kaufman vs. Jessica Eye,http://ufcstats.com/fight-details/c9eb00b7efdc7559
2445,248,KJ Noons vs. George Sotiropoulos,http://ufcstats.com/fight-details/ed9d7d85a5ae06b1
2444,248,Adlan Amagov vs. TJ Waldburger,http://ufcstats.com/fight-details/2443d8aa86f0070d
2443,248,Tony Ferguson vs. Mike Rio,http://ufcstats.com/fight-details/58b7b23b46f4ccd6
2442,248,Andre Fili vs. Jeremy Larsen,http://ufcstats.com/fight-details/f11ca082c924464c
2441,248,Kyoji Horiguchi vs. Dustin Pague,http://ufcstats.com/fight-details/e1ccf09c055bac01
2440,247,Jake Shields vs. Demian Maia,http://ufcstats.com/fight-details/a41ba2624191bf23
2439,247,Dong Hyun Kim vs. Erick Silva,http://ufcstats.com/fight-details/3fc3179cd800128e
2438,247,Thiago Silva vs. Matt Hamill,http://ufcstats.com/fight-details/adede42d4c20494c
2437,247,Fabio Maldonado vs. Joey Beltran,http://ufcstats.com/fight-details/fecf9c7a4e965690
2436,247,Rousimar Palhares vs. Mike Pierce,http://ufcstats.com/fight-details/e0ca5ac323768da0
2435,247,Raphael Assuncao vs. TJ Dillashaw,http://ufcstats.com/fight-details/9ad2dde9c35d3cc4
2434,247,Igor Araujo vs. Ildemar Alcantara,http://ufcstats.com/fight-details/676590832dc86748
2433,247,Yan Cabral vs. David Mitchell,http://ufcstats.com/fight-details/3e610c7a2ab31acd
2432,247,Chris Cariaso vs. Iliarde Santos,http://ufcstats.com/fight-details/3a8baa48c9b30d47
2431,247,Alan Patrick vs. Garett Whiteley,http://ufcstats.com/fight-details/79e7b986601fdd2a
2430,246,Jon Jones vs. Alexander Gustafsson,http://ufcstats.com/fight-details/0aa5be9d0e75dd42
2429,246,Renan Barao vs. Eddie Wineland,http://ufcstats.com/fight-details/1019f330bdecfc65
2428,246,Brendan Schaub vs. Matt Mitrione,http://ufcstats.com/fight-details/c0a5eeb0be0049bb
2427,246,Francis Carmont vs. Constantinos Philippou,http://ufcstats.com/fight-details/d9834a03626a3c06
2426,246,Khabib Nurmagomedov vs. Pat Healy,http://ufcstats.com/fight-details/ca2b48fd007126e0
2425,246,Myles Jury vs. Mike Ricci,http://ufcstats.com/fight-details/b3bb90f5a2aa0d7c
2424,246,Wilson Reis vs. Ivan Menjivar,http://ufcstats.com/fight-details/e37368ff2a7a71f6
2423,246,Stephen Thompson vs. Chris Clements,http://ufcstats.com/fight-details/a95be3943ea0f691
2422,246,Mitch Gagnon vs. Dustin Kimura,http://ufcstats.com/fight-details/0d857bd8245f9d31
2421,246,John Makdessi vs. Renee Forte,http://ufcstats.com/fight-details/d3f9262901219944
2420,246,Michel Prazeres vs. Jesse Ronson,http://ufcstats.com/fight-details/5b2cc17158d77f07
2419,246,Alex Caceres vs. Roland Delorme,http://ufcstats.com/fight-details/a605d4153c7dbd84
2418,246,Daniel Omielanczuk vs. Nandor Guelmino,http://ufcstats.com/fight-details/c3b1653fb5e101e0
2417,245,Glover Teixeira vs. Ryan Bader,http://ufcstats.com/fight-details/8456a02bd3621837
2416,245,Jacare Souza vs. Yushin Okami,http://ufcstats.com/fight-details/9166d2f99369c06b
2415,245,Joseph Benavidez vs. Jussier Formiga,http://ufcstats.com/fight-details/bbcb7b5ca439bebb
2414,245,Piotr Hallmann vs. Francisco Trinaldo,http://ufcstats.com/fight-details/5aeac72404dd7c6d
2413,245,Rafael Natal vs. Tor Troeng,http://ufcstats.com/fight-details/d67dadf630c36f18
2412,245,Ali Bagautinov vs. Marcos Vinicius,http://ufcstats.com/fight-details/46aa72d0ccd2be0a
2411,245,Edimilson Souza vs. Felipe Arantes,http://ufcstats.com/fight-details/5df777be98ea09de
2410,245,Lucas Martins vs. Ramiro Hernandez,http://ufcstats.com/fight-details/b8e1a9db956e245b
2409,245,Elias Silverio vs. Joao Zeferino,http://ufcstats.com/fight-details/e706a0fca8e82288
2408,245,Ivan Jorge vs. Keith Wisniewski,http://ufcstats.com/fight-details/563adcb4abd48f6b
2407,245,Sean Spencer vs. Yuri Villefort,http://ufcstats.com/fight-details/95d86cec2a7124b3
2406,244,Anthony Pettis vs. Benson Henderson,http://ufcstats.com/fight-details/fa084335b5f87627
2405,244,Josh Barnett vs. Frank Mir,http://ufcstats.com/fight-details/aac887ea8a83d7a4
2404,244,Chad Mendes vs. Clay Guida,http://ufcstats.com/fight-details/fef6b147d5fb90bd
2403,244,Ben Rothwell vs. Brandon Vera,http://ufcstats.com/fight-details/4dc03e76536b85e5
2402,244,Dustin Poirier vs. Erik Koch,http://ufcstats.com/fight-details/af51920a3e176995
2401,244,Gleison Tibau vs. Jamie Varner,http://ufcstats.com/fight-details/7b13fdc889028e66
2400,244,Tim Elliott vs. Louis Gaudinot,http://ufcstats.com/fight-details/336670b46f343d65
2399,244,Hyun Gyu Lim vs. Pascal Krauss,http://ufcstats.com/fight-details/66a99e85803efd92
2398,244,Chico Camus vs. Kyung Ho Kang,http://ufcstats.com/fight-details/6ce1b33bccdfa676
2397,244,Soa Palelei vs. Nikita Krylov,http://ufcstats.com/fight-details/b4555cd5b5d2a53f
2396,244,Al Iaquinta vs. Ryan Couture,http://ufcstats.com/fight-details/9cd973a0a6c1cd5c
2395,244,Magnus Cedenblad vs. Jared Hamman,http://ufcstats.com/fight-details/98903717ea3dfc24
2394,243,Carlos Condit vs. Martin Kampmann,http://ufcstats.com/fight-details/bfef39e6493f6487
2393,243,Rafael Dos Anjos vs. Donald Cerrone,http://ufcstats.com/fight-details/ca17e1385ef98e57
2392,243,Kelvin Gastelum vs. Brian Melancon,http://ufcstats.com/fight-details/f0d839f6d712a233
2391,243,Court McGee vs. Robert Whittaker,http://ufcstats.com/fight-details/f18ea0d8b472dc1e
2390,243,Takeya Mizugaki vs. Erik Perez,http://ufcstats.com/fight-details/382d626d45c36f14
2389,243,Brad Tavares vs. Robert McDaniel,http://ufcstats.com/fight-details/8ab4682a544f3c49
2388,243,Dylan Andrews vs. Papy Abedi,http://ufcstats.com/fight-details/a86b801279e0ef4a
2387,243,Brandon Thatch vs. Justin Edwards,http://ufcstats.com/fight-details/964eb53864554ed0
2386,243,Darren Elkins vs. Hatsu Hioki,http://ufcstats.com/fight-details/dd1131c208475365
2385,243,Jason High vs. James Head,http://ufcstats.com/fight-details/e1f9390c465a2988
2384,243,Zak Cummings vs. Ben Alloway,http://ufcstats.com/fight-details/602e8602fe9c9121
2383,243,Roger Bowling vs. Abel Trujillo,http://ufcstats.com/fight-details/6b30fe49b6df63de
2382,242,Chael Sonnen vs. Mauricio Rua,http://ufcstats.com/fight-details/1308a39eec6f86cc
2381,242,Travis Browne vs. Alistair Overeem,http://ufcstats.com/fight-details/eefc526e320524e6
2380,242,Urijah Faber vs. Iuri Alcantara,http://ufcstats.com/fight-details/751f2796809d2a6f
2379,242,Matt Brown vs. Mike Pyle,http://ufcstats.com/fight-details/85ee3b5995874141
2378,242,John Howard vs. Uriah Hall,http://ufcstats.com/fight-details/47dd6356ceb2eba8
2377,242,Michael Johnson vs. Joe Lauzon,http://ufcstats.com/fight-details/320580a92d5c2924
2376,242,Michael McDonald vs. Brad Pickett,http://ufcstats.com/fight-details/8e41d022b55277ae
2375,242,Conor McGregor vs. Max Holloway,http://ufcstats.com/fight-details/5d839e4eda09d6e4
2374,242,Steven Siler vs. Mike Brown,http://ufcstats.com/fight-details/05dce98da0acefd8
2373,242,Diego Brandao vs. Daniel Pineda,http://ufcstats.com/fight-details/a2c0f4142ba4ba75
2372,242,Manvel Gamburyan vs. Cole Miller,http://ufcstats.com/fight-details/0f74449bf6f64616
2371,242,Ovince Saint Preux vs. Cody Donovan,http://ufcstats.com/fight-details/5135e078b807f9a2
2370,242,James Vick vs. Ramsey Nijem,http://ufcstats.com/fight-details/f12126b5c49a318a
2369,241,Jose Aldo vs. Chan Sung Jung,http://ufcstats.com/fight-details/72e1b3e1224f5314
2368,241,Phil Davis vs. Lyoto Machida,http://ufcstats.com/fight-details/a602962f1dda3205
2367,241,Cezar Ferreira vs. Thiago Santos,http://ufcstats.com/fight-details/1acdcfe32d975f42
2366,241,Thales Leites vs. Tom Watson,http://ufcstats.com/fight-details/af0327945c9656e0
2365,241,John Lineker vs. Jose Maria,http://ufcstats.com/fight-details/5f9b11f4cb3057f2
2364,241,Anthony Perosh vs. Vinny Magalhaes,http://ufcstats.com/fight-details/4c6030fafb46330f
2363,241,Amanda Nunes vs. Sheila Gaff,http://ufcstats.com/fight-details/168413032bb51ce0
2362,241,Sergio Moraes vs. Neil Magny,http://ufcstats.com/fight-details/3846db1456151f80
2361,241,Ian McCall vs. Iliarde Santos,http://ufcstats.com/fight-details/5f2065f737591226
2360,241,Rani Yahya vs. Josh Clopton,http://ufcstats.com/fight-details/bf6857338637013b
2359,241,Francimar Barroso vs. Ednaldo Oliveira,http://ufcstats.com/fight-details/7b97ca2c378e7782
2358,241,Viscardi Andrade vs. Bristol Marunde,http://ufcstats.com/fight-details/4f8b6eecb0361290
2357,240,Demetrious Johnson vs. John Moraga,http://ufcstats.com/fight-details/edc00a33666b0b59
2356,240,Rory MacDonald vs. Jake Ellenberger,http://ufcstats.com/fight-details/3f14c96ea899321d
2355,240,Robbie Lawler vs. Bobby Voelker,http://ufcstats.com/fight-details/f747701638da90ae
2354,240,Liz Carmouche vs. Jessica Andrade,http://ufcstats.com/fight-details/c543563958093446
2353,240,Jorge Masvidal vs. Michael Chiesa,http://ufcstats.com/fight-details/900ae72adbf7c49f
2352,240,Danny Castillo vs. Tim Means,http://ufcstats.com/fight-details/dbd0ffc84699ad6b
2351,240,Melvin Guillard vs. Mac Danzig,http://ufcstats.com/fight-details/7ec61e2b0728e6d4
2350,240,Daron Cruickshank vs. Yves Edwards,http://ufcstats.com/fight-details/cf6b9a001b0824de
2349,240,Ed Herman vs. Trevor Smith,http://ufcstats.com/fight-details/c5603628f7ae84d3
2348,240,Germaine de Randamie vs. Julie Kedzie,http://ufcstats.com/fight-details/dbab923a090fe93f
2347,240,Justin Salas vs. Aaron Riley,http://ufcstats.com/fight-details/b616969d55fb2d7a
2346,240,Yaotzin Meza vs. John Albert,http://ufcstats.com/fight-details/9cb8fe20b05d886e
2345,239,Chris Weidman vs. Anderson Silva,http://ufcstats.com/fight-details/9a6a6716cdfadc98
2344,239,Frankie Edgar vs. Charles Oliveira,http://ufcstats.com/fight-details/6453b20a65c62cfe
2343,239,Tim Kennedy vs. Roger Gracie,http://ufcstats.com/fight-details/b57f68fa967fa59e
2342,239,Mark Munoz vs. Tim Boetsch,http://ufcstats.com/fight-details/8c124a6196e39ad8
2341,239,Cub Swanson vs. Dennis Siver,http://ufcstats.com/fight-details/c3601529b7a7d489
2340,239,Andrew Craig vs. Chris Leben,http://ufcstats.com/fight-details/701279417e0bf776
2339,239,Norman Parke vs. Kazuki Tokudome,http://ufcstats.com/fight-details/86bbe429ae27d913
2338,239,Gabriel Gonzaga vs. Dave Herman,http://ufcstats.com/fight-details/c5de5c3633a0bfce
2337,239,Edson Barboza vs. Rafaello Oliveira,http://ufcstats.com/fight-details/005723fb99440272
2336,239,Brian Melancon vs. Seth Baczynski,http://ufcstats.com/fight-details/faca931257ad2e92
2335,239,Mike Pierce vs. David Mitchell,http://ufcstats.com/fight-details/a7cc5dc1a5c1e643
2334,238,Rashad Evans vs. Dan Henderson,http://ufcstats.com/fight-details/c8ec6fd9aa2dcc23
2333,238,Stipe Miocic vs. Roy Nelson,http://ufcstats.com/fight-details/a4daf2f24acdcd43
2332,238,Ryan Jimmo vs. Igor Pokrajac,http://ufcstats.com/fight-details/44ca8997a3e5cda8
2331,238,Alexis Davis vs. Rosi Sexton,http://ufcstats.com/fight-details/4912788e449ce79a
2330,238,Shawn Jordan vs. Pat Barry,http://ufcstats.com/fight-details/27ff1bfeb2d50b38
2329,238,Jake Shields vs. Tyron Woodley,http://ufcstats.com/fight-details/43d1693f0198a93e
2328,238,James Krause vs. Sam Stout,http://ufcstats.com/fight-details/63af858a04c1ad79
2327,238,Sean Pierson vs. Kenny Robertson,http://ufcstats.com/fight-details/177c1956907ed687
2326,238,Roland Delorme vs. Edwin Figueroa,http://ufcstats.com/fight-details/8b08b73f16ff7b3b
2325,238,Mitch Clarke vs. John Maguire,http://ufcstats.com/fight-details/5deeecb6aaa5dfd1
2324,238,Yves Jabouin vs. Dustin Pague,http://ufcstats.com/fight-details/19828eb12f6d41a8
2323,237,Fabricio Werdum vs. Antonio Rodrigo Nogueira,http://ufcstats.com/fight-details/8857bf28823b1b2d
2322,237,Leonardo Santos vs. William Macario,http://ufcstats.com/fight-details/bd9100f5d4ee6823
2321,237,Thiago Silva vs. Rafael Cavalcante,http://ufcstats.com/fight-details/2692ac9853970e08
2320,237,Erick Silva vs. Jason High,http://ufcstats.com/fight-details/0e272af30a23e09b
2319,237,Daniel Sarafian vs. Eddie Mendez,http://ufcstats.com/fight-details/8c1787fe568f1ca6
2318,237,Rony Jason vs. Mike Wilkinson,http://ufcstats.com/fight-details/c25c2000aa99832c
2317,237,Raphael Assuncao vs. Vaughan Lee,http://ufcstats.com/fight-details/f5ebfe526cf409e8
2316,237,Felipe Arantes vs. Godofredo Pepey,http://ufcstats.com/fight-details/d03618c86d395b43
2315,237,Ildemar Alcantara vs. Leandro Silva,http://ufcstats.com/fight-details/b6d027c60f879e4a
2314,237,Rodrigo Damm vs. Mizuto Hirota,http://ufcstats.com/fight-details/291bebbbf4f9128f
2313,237,Caio Magalhaes vs. Karlos Vemola,http://ufcstats.com/fight-details/401a21d881a1f26a
2312,237,Antonio Braga Neto vs. Anthony Smith,http://ufcstats.com/fight-details/66b295262ef7ee91
2311,236,Cain Velasquez vs. Antonio Silva,http://ufcstats.com/fight-details/d51757fe7dd89f2d
2310,236,Junior Dos Santos vs. Mark Hunt,http://ufcstats.com/fight-details/19d6c7f5263c9398
2309,236,Glover Teixeira vs. James Te Huna,http://ufcstats.com/fight-details/5f87dc7d18517d87
2308,236,TJ Grant vs. Gray Maynard,http://ufcstats.com/fight-details/9dd931fd20d6c886
2307,236,Donald Cerrone vs. KJ Noons,http://ufcstats.com/fight-details/3f19bab8de698eb0
2306,236,Mike Pyle vs. Rick Story,http://ufcstats.com/fight-details/d236fe0f180312e3
2305,236,Dennis Bermudez vs. Max Holloway,http://ufcstats.com/fight-details/149a0b38fa02e647
2304,236,Robert Whittaker vs. Colton Smith,http://ufcstats.com/fight-details/3333fdbe86a763fb
2303,236,Khabib Nurmagomedov vs. Abel Trujillo,http://ufcstats.com/fight-details/e1d33aa47b35d021
2302,236,Stephen Thompson vs. Nah-Shon Burrell,http://ufcstats.com/fight-details/a6ba04a54eb7e8fa
2301,236,George Roop vs. Brian Bowles,http://ufcstats.com/fight-details/1260d0031a5e469d
2300,236,Jeremy Stephens vs. Estevan Payan,http://ufcstats.com/fight-details/172dfd6cab9b627b
2299,235,Vitor Belfort vs. Luke Rockhold,http://ufcstats.com/fight-details/110d18c0953bde1d
2298,235,Jacare Souza vs. Chris Camozzi,http://ufcstats.com/fight-details/ac269f99e4e53634
2297,235,Rafael Dos Anjos vs. Evan Dunham,http://ufcstats.com/fight-details/05f8696303709939
2296,235,Rafael Natal vs. Joao Zeferino,http://ufcstats.com/fight-details/59bb17087b12ad35
2295,235,Nik Lentz vs. Hacran Dias,http://ufcstats.com/fight-details/cf5f9da861c5e63f
2294,235,Francisco Trinaldo vs. Mike Rio,http://ufcstats.com/fight-details/91f33ac24fb39eca
2293,235,Gleison Tibau vs. John Cholish,http://ufcstats.com/fight-details/edc4e54d5258eea8
2292,235,Paulo Thiago vs. Michel Prazeres,http://ufcstats.com/fight-details/4b4c4df2778538d9
2291,235,Iuri Alcantara vs. Iliarde Santos,http://ufcstats.com/fight-details/019b88d4ac875ae4
2290,235,Fabio Maldonado vs. Roger Hollett,http://ufcstats.com/fight-details/11249454ed5fd71f
2289,235,John Lineker vs. Azamat Gashimov,http://ufcstats.com/fight-details/8aff100107d0ba11
2288,235,Jussier Formiga vs. Chris Cariaso,http://ufcstats.com/fight-details/caa56c26127bf7e8
2287,235,Lucas Martins vs. Jeremy Larsen,http://ufcstats.com/fight-details/eacfc05c3e5ead5e
2286,234,Jon Jones vs. Chael Sonnen,http://ufcstats.com/fight-details/8151421edf24a821
2285,234,Michael Bisping vs. Alan Belcher,http://ufcstats.com/fight-details/1ac61e415deca2fe
2284,234,Roy Nelson vs. Cheick Kongo,http://ufcstats.com/fight-details/04e6a26fe2a4017d
2283,234,Phil Davis vs. Vinny Magalhaes,http://ufcstats.com/fight-details/c29850ed8d9d1073
2282,234,Jim Miller vs. Pat Healy,http://ufcstats.com/fight-details/bb59b82bddc96cca
2281,234,Rustam Khabilov vs. Yancy Medeiros,http://ufcstats.com/fight-details/59ad5b88804afbf5
2280,234,Ovince Saint Preux vs. Gian Villante,http://ufcstats.com/fight-details/523e8ca343a0becc
2279,234,Sara McMann vs. Sheila Gaff,http://ufcstats.com/fight-details/fb30b2752d3dc1eb
2278,234,Bryan Caraway vs. Johnny Bedford,http://ufcstats.com/fight-details/372a0456aa4ff6cf
2277,234,Cody McKenzie vs. Leonard Garcia,http://ufcstats.com/fight-details/44ad16cd4e6c93d7
2276,234,Steven Siler vs. Kurt Holobaugh,http://ufcstats.com/fight-details/6d6a1834e0d18f0c
2275,233,Benson Henderson vs. Gilbert Melendez,http://ufcstats.com/fight-details/6599a94704d56719
2274,233,Daniel Cormier vs. Frank Mir,http://ufcstats.com/fight-details/4dd561df1ca58ab8
2273,233,Josh Thomson vs. Nate Diaz,http://ufcstats.com/fight-details/56ce29bdb1fe9abf
2272,233,Matt Brown vs. Jordan Mein,http://ufcstats.com/fight-details/004885f7983f4658
2271,233,Chad Mendes vs. Darren Elkins,http://ufcstats.com/fight-details/d13ea6559225991f
2270,233,Francis Carmont vs. Lorenz Larkin,http://ufcstats.com/fight-details/3566c8e9d3a9caa8
2269,233,Myles Jury vs. Ramsey Nijem,http://ufcstats.com/fight-details/704adfae22d0dfb8
2268,233,Joseph Benavidez vs. Darren Uyenoyama,http://ufcstats.com/fight-details/a6797238f9f98644
2267,233,Jorge Masvidal vs. Tim Means,http://ufcstats.com/fight-details/786033c27fdaa020
2266,233,TJ Dillashaw vs. Hugo Viana,http://ufcstats.com/fight-details/b229ee2997b70d16
2265,233,Anthony Njokuani vs. Roger Bowling,http://ufcstats.com/fight-details/56ad1de1924984ad
2264,233,Yoel Romero vs. Clifford Starks,http://ufcstats.com/fight-details/c8a48abe3263f796
2263,232,Urijah Faber vs. Scott Jorgensen,http://ufcstats.com/fight-details/b4d0659f60c8aa7c
2262,232,Kelvin Gastelum vs. Uriah Hall,http://ufcstats.com/fight-details/f286aad7b3558b21
2261,232,Cat Zingano vs. Miesha Tate,http://ufcstats.com/fight-details/2594287e8fa31404
2260,232,Travis Browne vs. Gabriel Gonzaga,http://ufcstats.com/fight-details/5ba1e6f5519074c9
2259,232,Robert McDaniel vs. Gilbert Smith,http://ufcstats.com/fight-details/dc85144d1d945076
2258,232,Josh Samman vs. Kevin Casey,http://ufcstats.com/fight-details/5067fe22dbc4baff
2257,232,Luke Barnatt vs. Collin Hart,http://ufcstats.com/fight-details/8c8468ed2878dc0a
2256,232,Dylan Andrews vs. Jimmy Quinlan,http://ufcstats.com/fight-details/adf590055f922f5b
2255,232,Clint Hester vs. Bristol Marunde,http://ufcstats.com/fight-details/40a43ffdd1624bed
2254,232,Cole Miller vs. Bart Palaszewski,http://ufcstats.com/fight-details/4f850f7e35d85bb8
2253,232,Maximo Blanco vs. Sam Sicilia,http://ufcstats.com/fight-details/0a5a021cb11299bf
2252,232,Daniel Pineda vs. Justin Lawrence,http://ufcstats.com/fight-details/ae0fdb792308b0f8
2251,231,Gegard Mousasi vs. Ilir Latifi,http://ufcstats.com/fight-details/3509779ebe302d06
2250,231,Ross Pearson vs. Ryan Couture,http://ufcstats.com/fight-details/fa520c5834cda94e
2249,231,Matt Mitrione vs. Philip De Fries,http://ufcstats.com/fight-details/a89b9eeacdb85ec1
2248,231,Brad Pickett vs. Mike Easton,http://ufcstats.com/fight-details/4e69c86d09c9f782
2247,231,Diego Brandao vs. Pablo Garza,http://ufcstats.com/fight-details/f3ebaf9af44c1e6d
2246,231,Akira Corassani vs. Robert Peralta,http://ufcstats.com/fight-details/53467e6296c2e5e6
2245,231,Reza Madadi vs. Michael Johnson,http://ufcstats.com/fight-details/bc0779b232828e67
2244,231,Tor Troeng vs. Adam Cella,http://ufcstats.com/fight-details/7047b70f28c2d2fd
2243,231,Adlan Amagov vs. Chris Spang,http://ufcstats.com/fight-details/9eb1ce435cc1536e
2242,231,Conor McGregor vs. Marcus Brimage,http://ufcstats.com/fight-details/24393bea0c4cf49a
2241,231,Ryan LaFlare vs. Ben Alloway,http://ufcstats.com/fight-details/8b0ff8defc1a14f4
2240,231,Tom Lawlor vs. Michael Kuiper,http://ufcstats.com/fight-details/438f5404c43303b8
2239,231,Papy Abedi vs. Besam Yousef,http://ufcstats.com/fight-details/e67e15cc6578d1c3
2238,230,Georges St-Pierre vs. Nick Diaz,http://ufcstats.com/fight-details/e5e3c3a055df3016
2237,230,Johny Hendricks vs. Carlos Condit,http://ufcstats.com/fight-details/29398b15b94c3847
2236,230,Jake Ellenberger vs. Nate Marquardt,http://ufcstats.com/fight-details/5adcbd20eed3795d
2235,230,Chris Camozzi vs. Nick Ring,http://ufcstats.com/fight-details/79dcde3ad50f6165
2234,230,Mike Ricci vs. Colin Fletcher,http://ufcstats.com/fight-details/cc6e74d0558b7340
2233,230,Patrick Cote vs. Bobby Voelker,http://ufcstats.com/fight-details/d0797451df1de80f
2232,230,Darren Elkins vs. Antonio Carvalho,http://ufcstats.com/fight-details/7b9de06ef8c09ba6
2231,230,Jordan Mein vs. Dan Miller,http://ufcstats.com/fight-details/b6c46c3c239e7863
2230,230,John Makdessi vs. Daron Cruickshank,http://ufcstats.com/fight-details/0bd0ca01a255038c
2229,230,Rick Story vs. Quinn Mulhern,http://ufcstats.com/fight-details/9030c92a161afaf9
2228,230,TJ Dillashaw vs. Issei Tamura,http://ufcstats.com/fight-details/9c3db86db300119e
2227,230,George Roop vs. Reuben Duran,http://ufcstats.com/fight-details/8e4650807ea06626
2226,229,Wanderlei Silva vs. Brian Stann,http://ufcstats.com/fight-details/e2b547e64f6532bb
2225,229,Mark Hunt vs. Stefan Struve,http://ufcstats.com/fight-details/c996b2ff10a915b1
2224,229,Diego Sanchez vs. Takanori Gomi,http://ufcstats.com/fight-details/1acde2739237c4f8
2223,229,Yushin Okami vs. Hector Lombard,http://ufcstats.com/fight-details/e830cb1df07f3466
2222,229,Rani Yahya vs. Mizuto Hirota,http://ufcstats.com/fight-details/1dcc880fc80e6332
2221,229,Dong Hyun Kim vs. Siyar Bahadurzada,http://ufcstats.com/fight-details/e0bdef2580715030
2220,229,Brad Tavares vs. Riki Fukuda,http://ufcstats.com/fight-details/c79c00f5443c2f6e
2219,229,Takeya Mizugaki vs. Bryan Caraway,http://ufcstats.com/fight-details/7af713ee9e3006eb
2218,229,Kazuki Tokudome vs. Cristiano Marcello,http://ufcstats.com/fight-details/8666332154fc6f4a
2217,229,Alex Caceres vs. Kyung Ho Kang,http://ufcstats.com/fight-details/be70a2f68f6ad3e7
2216,229,Hyun Gyu Lim vs. Marcelo Guimaraes,http://ufcstats.com/fight-details/68e1a69423360900
2215,228,Ronda Rousey vs. Liz Carmouche,http://ufcstats.com/fight-details/e9e6023dbba9a8b0
2214,228,Lyoto Machida vs. Dan Henderson,http://ufcstats.com/fight-details/ee43dc83049ecc8d
2213,228,Urijah Faber vs. Ivan Menjivar,http://ufcstats.com/fight-details/785c0e68b34ea383
2212,228,Court McGee vs. Josh Neer,http://ufcstats.com/fight-details/db43605f10bd67b4
2211,228,Robbie Lawler vs. Josh Koscheck,http://ufcstats.com/fight-details/b4db19e62f087a7f
2210,228,Brendan Schaub vs. Lavar Johnson,http://ufcstats.com/fight-details/50eb4822a74a417e
2209,228,Michael Chiesa vs. Anton Kuivanen,http://ufcstats.com/fight-details/69f8e2ba5d1048d4
2208,228,Dennis Bermudez vs. Matt Grice,http://ufcstats.com/fight-details/80769cf090fa34dd
2207,228,Sam Stout vs. Caros Fodor,http://ufcstats.com/fight-details/2b3a1c063245e280
2206,228,Kenny Robertson vs. Brock Jardine,http://ufcstats.com/fight-details/2a8ff828e4891b82
2205,228,Neil Magny vs. Jon Manley,http://ufcstats.com/fight-details/919ddc634c54ad20
2204,228,Nah-Shon Burrell vs. Yuri Villefort,http://ufcstats.com/fight-details/69ca032aaef2e3d0
2203,227,Renan Barao vs. Michael McDonald,http://ufcstats.com/fight-details/3dbf17b9946d26db
2202,227,Cub Swanson vs. Dustin Poirier,http://ufcstats.com/fight-details/493b7a8e3253b133
2201,227,Jimi Manuwa vs. Cyrille Diabate,http://ufcstats.com/fight-details/2968840a5f24ce9f
2200,227,Gunnar Nelson vs. Jorge Santiago,http://ufcstats.com/fight-details/7549887ba7ae86e6
2199,227,James Te Huna vs. Ryan Jimmo,http://ufcstats.com/fight-details/635ef1f12a60e9d7
2198,227,Che Mills vs. Matthew Riddle,http://ufcstats.com/fight-details/287c71b9017c5769
2197,227,Renee Forte vs. Terry Etim,http://ufcstats.com/fight-details/e27a9b4b4a46f091
2196,227,Danny Castillo vs. Paul Sass,http://ufcstats.com/fight-details/530558f01ac425af
2195,227,Andy Ogle vs. Josh Grispi,http://ufcstats.com/fight-details/d607908be8b19273
2194,227,Tom Watson vs. Stanislav Nedkov,http://ufcstats.com/fight-details/22a574162e2ebcf6
2193,227,Vaughan Lee vs. Motonobu Tezuka,http://ufcstats.com/fight-details/f509d5ffcc3f46fe
2192,227,Phil Harris vs. Ulysses Gomez,http://ufcstats.com/fight-details/16ba92318ff66d4a
2191,226,Jose Aldo vs. Frankie Edgar,http://ufcstats.com/fight-details/1c4e4b3358089960
2190,226,Rogerio Nogueira vs. Rashad Evans,http://ufcstats.com/fight-details/031eac0f0f85d0bf
2189,226,Antonio Silva vs. Alistair Overeem,http://ufcstats.com/fight-details/21419797f539de5e
2188,226,Demian Maia vs. Jon Fitch,http://ufcstats.com/fight-details/171eb38b335030d3
2187,226,Joseph Benavidez vs. Ian McCall,http://ufcstats.com/fight-details/40cc0ccf580a4836
2186,226,Evan Dunham vs. Gleison Tibau,http://ufcstats.com/fight-details/1d43112d98de273a
2185,226,Tyron Woodley vs. Jay Hieron,http://ufcstats.com/fight-details/8bcdb1c3418fe739
2184,226,King Green vs. Jacob Volkmann,http://ufcstats.com/fight-details/cd03bff050e53625
2183,226,Isaac Vallie-Flagg vs. Yves Edwards,http://ufcstats.com/fight-details/54c842a037183f48
2182,226,Dustin Kimura vs. Chico Camus,http://ufcstats.com/fight-details/6247ad19755b71d6
2181,226,Francisco Rivera vs. Edwin Figueroa,http://ufcstats.com/fight-details/42eba784becde9ad
2180,225,Demetrious Johnson vs. John Dodson,http://ufcstats.com/fight-details/9b9591a4f7febe32
2179,225,Glover Teixeira vs. Quinton Jackson,http://ufcstats.com/fight-details/638093bc4f69f639
2178,225,Anthony Pettis vs. Donald Cerrone,http://ufcstats.com/fight-details/bddf441908777c0c
2177,225,Ricardo Lamas vs. Erik Koch,http://ufcstats.com/fight-details/4e87af7e5156bbf7
2176,225,TJ Grant vs. Matt Wiman,http://ufcstats.com/fight-details/e8c24a1754599237
2175,225,Clay Guida vs. Hatsu Hioki,http://ufcstats.com/fight-details/76690fbdcaa85c21
2174,225,Pascal Krauss vs. Mike Stumpf,http://ufcstats.com/fight-details/856e171bdfc98cb5
2173,225,Ryan Bader vs. Vladimir Matyushenko,http://ufcstats.com/fight-details/97cec48c97e7ea31
2172,225,Shawn Jordan vs. Mike Russow,http://ufcstats.com/fight-details/ca28f69fa42f88ed
2171,225,Rafael Natal vs. Sean Spencer,http://ufcstats.com/fight-details/df0d3dec831e2142
2170,225,David Mitchell vs. Simeon Thoresen,http://ufcstats.com/fight-details/83f6a6fc79036749
2169,224,Vitor Belfort vs. Michael Bisping,http://ufcstats.com/fight-details/b51d691b9f5603a8
2168,224,CB Dollaway vs. Daniel Sarafian,http://ufcstats.com/fight-details/4d231d5d5f815085
2167,224,Gabriel Gonzaga vs. Ben Rothwell,http://ufcstats.com/fight-details/2eeb1656692bd967
2166,224,Khabib Nurmagomedov vs. Thiago Tavares,http://ufcstats.com/fight-details/7651b2e09ea2c420
2165,224,Godofredo Pepey vs. Milton Vieira,http://ufcstats.com/fight-details/8f426040f746905d
2164,224,Ronny Markes vs. Andrew Craig,http://ufcstats.com/fight-details/dff7ce155b47442c
2163,224,Nik Lentz vs. Diego Nunes,http://ufcstats.com/fight-details/302ce74d8b0d12a6
2162,224,Edson Barboza vs. Lucas Martins,http://ufcstats.com/fight-details/470f6fdd47f671fd
2161,224,Iuri Alcantara vs. Pedro Nobre,http://ufcstats.com/fight-details/7601245171a28da1
2160,224,Ildemar Alcantara vs. Wagner Prado,http://ufcstats.com/fight-details/c7ad34973f9d1cf6
2159,224,Francisco Trinaldo vs. CJ Keith,http://ufcstats.com/fight-details/f4273b2155fe20fe
2158,223,Cain Velasquez vs. Junior Dos Santos,http://ufcstats.com/fight-details/02a373f6503b3530
2157,223,Jim Miller vs. Joe Lauzon,http://ufcstats.com/fight-details/5d7a720a2e2f4749
2156,223,Constantinos Philippou vs. Tim Boetsch,http://ufcstats.com/fight-details/526790a5b3c4b5a2
2155,223,Yushin Okami vs. Alan Belcher,http://ufcstats.com/fight-details/23cdc3ef525ba8e4
2154,223,Derek Brunson vs. Chris Leben,http://ufcstats.com/fight-details/bab948352454f302
2153,223,Eddie Wineland vs. Brad Pickett,http://ufcstats.com/fight-details/5a65ffe3842ce2f2
2152,223,Erik Perez vs. Byron Bloodworth,http://ufcstats.com/fight-details/ea9059fd076a2f1e
2151,223,Jamie Varner vs. Melvin Guillard,http://ufcstats.com/fight-details/0d4927585d0480fc
2150,223,Myles Jury vs. Michael Johnson,http://ufcstats.com/fight-details/85f67de8e9dc5689
2149,223,Todd Duffee vs. Philip De Fries,http://ufcstats.com/fight-details/84500d5c1aba97a2
2148,223,Max Holloway vs. Leonard Garcia,http://ufcstats.com/fight-details/a551d93167533459
2147,223,John Moraga vs. Chris Cariaso,http://ufcstats.com/fight-details/fc9ec3a01d0129b6
2146,222,Roy Nelson vs. Matt Mitrione,http://ufcstats.com/fight-details/5bcc7204a43cf34e
2145,222,Colton Smith vs. Mike Ricci,http://ufcstats.com/fight-details/99c12cc04b4261bf
2144,222,Pat Barry vs. Shane del Rosario,http://ufcstats.com/fight-details/cade8a4e97911e89
2143,222,Dustin Poirier vs. Jonathan Brookins,http://ufcstats.com/fight-details/e88c59ad88e9dc27
2142,222,Mike Pyle vs. James Head,http://ufcstats.com/fight-details/1d20bba4aca5f81a
2141,222,Johnny Bedford vs. Marcos Vinicius,http://ufcstats.com/fight-details/452a9728317893d7
2140,222,Rustam Khabilov vs. Vinc Pichel,http://ufcstats.com/fight-details/12d17a837caeae63
2139,222,TJ Waldburger vs. Nick Catone,http://ufcstats.com/fight-details/6b83234360b3ca62
2138,222,Hugo Viana vs. Reuben Duran,http://ufcstats.com/fight-details/6463a48c9347a9f3
2137,222,Mike Rio vs. John Cofer,http://ufcstats.com/fight-details/8935fc5943a78c20
2136,222,Tim Elliott vs. Jared Papazian,http://ufcstats.com/fight-details/b43c83505edcd8fa
2135,221,Ross Pearson vs. George Sotiropoulos,http://ufcstats.com/fight-details/e2bacdc395aa7b40
2134,221,Robert Whittaker vs. Brad Scott,http://ufcstats.com/fight-details/d6b3c56a4cf14c1a
2133,221,Norman Parke vs. Colin Fletcher,http://ufcstats.com/fight-details/ddf2eff896475431
2132,221,Hector Lombard vs. Rousimar Palhares,http://ufcstats.com/fight-details/6834ae686aa0c588
2131,221,Chad Mendes vs. Yaotzin Meza,http://ufcstats.com/fight-details/a6097fd4e77cb881
2130,221,Igor Pokrajac vs. Joey Beltran,http://ufcstats.com/fight-details/61d89fc97e7b145c
2129,221,Mike Pierce vs. Seth Baczynski,http://ufcstats.com/fight-details/d4c85298623130de
2128,221,Ben Alloway vs. Manuel Rodriguez,http://ufcstats.com/fight-details/e57b884785848624
2127,221,Mike Wilkinson vs. Brendan Loughnane,http://ufcstats.com/fight-details/f82c414666fe934c
2126,221,Cody Donovan vs. Nick Penner,http://ufcstats.com/fight-details/4eda704823ccfb71
2125,220,Benson Henderson vs. Nate Diaz,http://ufcstats.com/fight-details/bc72dac46f0383f1
2124,220,Alexander Gustafsson vs. Mauricio Rua,http://ufcstats.com/fight-details/3b1aed7d00a775c6
2123,220,Rory MacDonald vs. BJ Penn,http://ufcstats.com/fight-details/2adfc6444d1adc01
2122,220,Matt Brown vs. Mike Swick,http://ufcstats.com/fight-details/405cbbcaa79db24b
2121,220,Yves Edwards vs. Jeremy Stephens,http://ufcstats.com/fight-details/9caaca5748ea9086
2120,220,Raphael Assuncao vs. Mike Easton,http://ufcstats.com/fight-details/b3e520f1092401c1
2119,220,Ramsey Nijem vs. Joe Proctor,http://ufcstats.com/fight-details/b57345c34f6d2ab3
2118,220,Daron Cruickshank vs. Henry Martinez,http://ufcstats.com/fight-details/5c36d760c7e272f5
2117,220,Abel Trujillo vs. Marcus LeVesseur,http://ufcstats.com/fight-details/ed8944898353b526
2116,220,Dennis Siver vs. Nam Phan,http://ufcstats.com/fight-details/41d1e163b930426b
2115,220,Scott Jorgensen vs. John Albert,http://ufcstats.com/fight-details/f0cf2ca8e5c621a8
2114,219,Georges St-Pierre vs. Carlos Condit,http://ufcstats.com/fight-details/8d12287f672cabd8
2113,219,Johny Hendricks vs. Martin Kampmann,http://ufcstats.com/fight-details/4a29c1f671bd89cb
2112,219,Francis Carmont vs. Tom Lawlor,http://ufcstats.com/fight-details/4861212df08bbf77
2111,219,Rafael Dos Anjos vs. Mark Bocek,http://ufcstats.com/fight-details/a65cf6951e097273
2110,219,Pablo Garza vs. Mark Hominick,http://ufcstats.com/fight-details/bc3323f172832a53
2109,219,Patrick Cote vs. Alessio Sakara,http://ufcstats.com/fight-details/72a3ec0672871ab4
2108,219,Cyrille Diabate vs. Chad Griggs,http://ufcstats.com/fight-details/1f7c1c741b06a3ed
2107,219,John Makdessi vs. Sam Stout,http://ufcstats.com/fight-details/467d2dc6a71e1b00
2106,219,Antonio Carvalho vs. Rodrigo Damm,http://ufcstats.com/fight-details/f6d8bdc3cdcf1dd8
2105,219,Matthew Riddle vs. John Maguire,http://ufcstats.com/fight-details/30ebe705eac7b121
2104,219,Ivan Menjivar vs. Azamat Gashimov,http://ufcstats.com/fight-details/9b6806203bc4875a
2103,219,Darren Elkins vs. Steven Siler,http://ufcstats.com/fight-details/e843a7a6f49db3bb
2102,218,Cung Le vs. Rich Franklin,http://ufcstats.com/fight-details/1a113ac3255f3ac3
2101,218,Thiago Silva vs. Stanislav Nedkov,http://ufcstats.com/fight-details/346875f19aefc88d
2100,218,Dong Hyun Kim vs. Paulo Thiago,http://ufcstats.com/fight-details/dd875196c446fdf0
2099,218,Takanori Gomi vs. Mac Danzig,http://ufcstats.com/fight-details/0fad42b9ab3f31be
2098,218,Jon Tuck vs. Zhang Tiequan,http://ufcstats.com/fight-details/8d556e2826924946
2097,218,Takeya Mizugaki vs. Jeff Hougland,http://ufcstats.com/fight-details/e881ba0a28fffb6e
2096,218,Alex Caceres vs. Motonobu Tezuka,http://ufcstats.com/fight-details/01993fb1d4b34b21
2095,218,John Lineker vs. Yasuhiro Urushitani,http://ufcstats.com/fight-details/b79a0b9c1f729c0d
2094,218,Riki Fukuda vs. Tom DeBlass,http://ufcstats.com/fight-details/dd440cb166329a82
2093,217,Anderson Silva vs. Stephan Bonnar,http://ufcstats.com/fight-details/526ab0f38313c630
2092,217,Antonio Rodrigo Nogueira vs. Dave Herman,http://ufcstats.com/fight-details/dba1add63d4bcbaa
2091,217,Glover Teixeira vs. Fabio Maldonado,http://ufcstats.com/fight-details/778d3f5c4bcc2927
2090,217,Jon Fitch vs. Erick Silva,http://ufcstats.com/fight-details/034ce0af4dedbfd7
2089,217,Phil Davis vs. Wagner Prado,http://ufcstats.com/fight-details/4c9cb823fd7e3e2c
2088,217,Demian Maia vs. Rick Story,http://ufcstats.com/fight-details/219610bc6e7d9196
2087,217,Rony Jason vs. Sam Sicilia,http://ufcstats.com/fight-details/dab5e3680cf6eac7
2086,217,Gleison Tibau vs. Francisco Trinaldo,http://ufcstats.com/fight-details/297a3fe0edd6f1c5
2085,217,Diego Brandao vs. Joey Gambino,http://ufcstats.com/fight-details/eaa0355223b770dc
2084,217,Sergio Moraes vs. Renee Forte,http://ufcstats.com/fight-details/5ab7629e07da22e6
2083,217,Chris Camozzi vs. Luiz Cane,http://ufcstats.com/fight-details/d9df78e82953bfe5
2082,217,Cristiano Marcello vs. Reza Madadi,http://ufcstats.com/fight-details/e3072951bb030826
2081,216,Antonio Silva vs. Travis Browne,http://ufcstats.com/fight-details/0cced3b02b6b1b95
2080,216,Jake Ellenberger vs. Jay Hieron,http://ufcstats.com/fight-details/8802182074bf4a3a
2079,216,John Dodson vs. Jussier Formiga,http://ufcstats.com/fight-details/dc5e46b2ee0898ec
2078,216,Justin Edwards vs. Josh Neer,http://ufcstats.com/fight-details/b56d1822b9f9a35f
2077,216,Michael Johnson vs. Danny Castillo,http://ufcstats.com/fight-details/3195350c98c9491d
2076,216,Mike Pierce vs. Aaron Simpson,http://ufcstats.com/fight-details/28990faebda68fa8
2075,216,Marcus LeVesseur vs. Carlo Prater,http://ufcstats.com/fight-details/5e69e2fa8421ce5e
2074,216,Jacob Volkmann vs. Shane Roller,http://ufcstats.com/fight-details/a80162f4c8842da3
2073,216,Diego Nunes vs. Bart Palaszewski,http://ufcstats.com/fight-details/a6548a1e188c53fb
2072,216,Darren Uyenoyama vs. Phil Harris,http://ufcstats.com/fight-details/147c04a6798a69c3
2071,215,Stefan Struve vs. Stipe Miocic,http://ufcstats.com/fight-details/a97a7707d5021181
2070,215,Dan Hardy vs. Amir Sadollah,http://ufcstats.com/fight-details/1332dc236a3fd3b2
2069,215,Brad Pickett vs. Yves Jabouin,http://ufcstats.com/fight-details/21392a61a2cf24a3
2068,215,Matt Wiman vs. Paul Sass,http://ufcstats.com/fight-details/29cd6bee493a8662
2067,215,John Hathaway vs. John Maguire,http://ufcstats.com/fight-details/91e4da6ecf28a7a3
2066,215,Che Mills vs. Duane Ludwig,http://ufcstats.com/fight-details/4c54ca018e70ed04
2065,215,Jimi Manuwa vs. Kyle Kingsbury,http://ufcstats.com/fight-details/26f876a7fb1020e1
2064,215,Akira Corassani vs. Andy Ogle,http://ufcstats.com/fight-details/cc6934588298958e
2063,215,Brad Tavares vs. Tom Watson,http://ufcstats.com/fight-details/e34d313fbe1c28f1
2062,215,Gunnar Nelson vs. DaMarques Johnson,http://ufcstats.com/fight-details/ddf768753c8030c1
2061,215,Robert Peralta vs. Jason Young,http://ufcstats.com/fight-details/e0a69c1f4a019727
2060,214,Jon Jones vs. Vitor Belfort,http://ufcstats.com/fight-details/8af511cc6e6a9678
2059,214,Demetrious Johnson vs. Joseph Benavidez,http://ufcstats.com/fight-details/9890835f4c1c6b75
2058,214,Michael Bisping vs. Brian Stann,http://ufcstats.com/fight-details/c97d0a476c2e7cb5
2057,214,Matt Hamill vs. Roger Hollett,http://ufcstats.com/fight-details/304fc030ee6dd9ee
2056,214,Cub Swanson vs. Charles Oliveira,http://ufcstats.com/fight-details/307b12b9f08a4cbf
2055,214,Vinny Magalhaes vs. Igor Pokrajac,http://ufcstats.com/fight-details/3367081258d6ae12
2054,214,TJ Grant vs. Evan Dunham,http://ufcstats.com/fight-details/5af6a54d7e0f2b7f
2053,214,Sean Pierson vs. Lance Benoist,http://ufcstats.com/fight-details/de1124dba8c1a1b0
2052,214,Marcus Brimage vs. Jimy Hettes,http://ufcstats.com/fight-details/147e0b1c64cb7ef0
2051,214,Seth Baczynski vs. Simeon Thoresen,http://ufcstats.com/fight-details/aa1db19806dfd62e
2050,214,Mitch Gagnon vs. Walel Watson,http://ufcstats.com/fight-details/2aff05a835ed715e
2049,214,Kyle Noke vs. Charlie Brenneman,http://ufcstats.com/fight-details/87790788d1bb3b75
2048,213,Benson Henderson vs. Frankie Edgar,http://ufcstats.com/fight-details/7ddf71a85fbb0e4c
2047,213,Donald Cerrone vs. Melvin Guillard,http://ufcstats.com/fight-details/7c07a71fa1882bf4
2046,213,Jake Shields vs. Ed Herman,http://ufcstats.com/fight-details/c47cf097227cc6a0
2045,213,Yushin Okami vs. Buddy Roberts,http://ufcstats.com/fight-details/f0d5e2c27c9fd2c1
2044,213,Max Holloway vs. Justin Lawrence,http://ufcstats.com/fight-details/42f11b82d67585af
2043,213,Dennis Bermudez vs. Tommy Hayden,http://ufcstats.com/fight-details/0c58b5f37bfeb65a
2042,213,Michael Kuiper vs. Jared Hamman,http://ufcstats.com/fight-details/9360a34eb511a9b4
2041,213,Erik Perez vs. Ken Stone,http://ufcstats.com/fight-details/19da5aa17c896a1a
2040,213,Chico Camus vs. Dustin Pague,http://ufcstats.com/fight-details/be6d6abb11ef8297
2039,213,Nik Lentz vs. Eiji Mitsuoka,http://ufcstats.com/fight-details/4af9088a165c7751
2038,212,Mauricio Rua vs. Brandon Vera,http://ufcstats.com/fight-details/1cbffe3a467d0ded
2037,212,Lyoto Machida vs. Ryan Bader,http://ufcstats.com/fight-details/957b7c74ce120a32
2036,212,Joe Lauzon vs. Jamie Varner,http://ufcstats.com/fight-details/4c4e1f7521c27900
2035,212,Mike Swick vs. DaMarques Johnson,http://ufcstats.com/fight-details/1e2677e481a587fd
2034,212,Nam Phan vs. Cole Miller,http://ufcstats.com/fight-details/d2ea9181abacc2ee
2033,212,Phil Davis vs. Wagner Prado,http://ufcstats.com/fight-details/7e27d9f37c217b63
2032,212,Rani Yahya vs. Josh Grispi,http://ufcstats.com/fight-details/9a85303025a077b5
2031,212,Philip De Fries vs. Oli Thompson,http://ufcstats.com/fight-details/758ec6b5d55c1b09
2030,212,Manvel Gamburyan vs. Michihiro Omigawa,http://ufcstats.com/fight-details/3e6dfafb8aa780f9
2029,212,John Moraga vs. Ulysses Gomez,http://ufcstats.com/fight-details/08bd9e03c187f66b
2028,211,Renan Barao vs. Urijah Faber,http://ufcstats.com/fight-details/50a381c1eb88dbb0
2027,211,Tim Boetsch vs. Hector Lombard,http://ufcstats.com/fight-details/b6620177ac975ff2
2026,211,Cheick Kongo vs. Shawn Jordan,http://ufcstats.com/fight-details/66785060ebaa2387
2025,211,James Head vs. Brian Ebersole,http://ufcstats.com/fight-details/c330107229012260
2024,211,Chris Clements vs. Matthew Riddle,http://ufcstats.com/fight-details/ccacbe6a4c31cd45
2023,211,Nick Ring vs. Court McGee,http://ufcstats.com/fight-details/3c552514bb9b5c98
2022,211,Roland Delorme vs. Francisco Rivera,http://ufcstats.com/fight-details/93ffadd9e41af797
2021,211,Ryan Jimmo vs. Anthony Perosh,http://ufcstats.com/fight-details/ec5e9ce2be2e1586
2020,211,Bryan Caraway vs. Mitch Gagnon,http://ufcstats.com/fight-details/fa6775e369b9eec9
2019,211,Antonio Carvalho vs. Daniel Pineda,http://ufcstats.com/fight-details/64fa0e558f5d1b24
2018,211,Anton Kuivanen vs. Mitch Clarke,http://ufcstats.com/fight-details/b616ec23516b7244
2017,210,Chris Weidman vs. Mark Munoz,http://ufcstats.com/fight-details/8d2f3e0abb22689f
2016,210,James Te Huna vs. Joey Beltran,http://ufcstats.com/fight-details/0d63a7d3e08df3db
2015,210,Aaron Simpson vs. Kenny Robertson,http://ufcstats.com/fight-details/1eb7733d880a0b8f
2014,210,Francis Carmont vs. Karlos Vemola,http://ufcstats.com/fight-details/d37660fceaa8125a
2013,210,TJ Dillashaw vs. Vaughan Lee,http://ufcstats.com/fight-details/7287b029f4596be7
2012,210,Rafael Dos Anjos vs. Anthony Njokuani,http://ufcstats.com/fight-details/34e67c2b110f6b6a
2011,210,Alex Caceres vs. Damacio Page,http://ufcstats.com/fight-details/d6dcbf543d7e303d
2010,210,Chris Cariaso vs. Josh Ferguson,http://ufcstats.com/fight-details/1085f281dd966d96
2009,210,Andrew Craig vs. Rafael Natal,http://ufcstats.com/fight-details/0ae4889892f21738
2008,210,Marcelo Guimaraes vs. Dan Stittgen,http://ufcstats.com/fight-details/831957c67bfc4486
2007,210,Raphael Assuncao vs. Issei Tamura,http://ufcstats.com/fight-details/a914df32b95a1abc
2006,209,Anderson Silva vs. Chael Sonnen,http://ufcstats.com/fight-details/83526f699d25e4e4
2005,209,Forrest Griffin vs. Tito Ortiz,http://ufcstats.com/fight-details/cf04a408cedb37ff
2004,209,Cung Le vs. Patrick Cote,http://ufcstats.com/fight-details/64d4c58a37e1d29b
2003,209,Demian Maia vs. Dong Hyun Kim,http://ufcstats.com/fight-details/61cb2ca1469c83ba
2002,209,Chad Mendes vs. Cody McKenzie,http://ufcstats.com/fight-details/d1268ffa059f9d42
2001,209,Mike Easton vs. Ivan Menjivar,http://ufcstats.com/fight-details/21751a3cc69e5aae
2000,209,Melvin Guillard vs. Fabricio Camoes,http://ufcstats.com/fight-details/0c37ff69a00c0e74
1999,209,Khabib Nurmagomedov vs. Gleison Tibau,http://ufcstats.com/fight-details/ded18af0e4eae2f7
1998,209,Constantinos Philippou vs. Riki Fukuda,http://ufcstats.com/fight-details/2f5e137118d57d0e
1997,209,Shane Roller vs. John Alessio,http://ufcstats.com/fight-details/5c783d455daff573
1996,209,Rafaello Oliveira vs. Yoislandy Izquierdo,http://ufcstats.com/fight-details/8e7b1dfc608a2ef4
1995,208,Rich Franklin vs. Wanderlei Silva,http://ufcstats.com/fight-details/1b80d5696c2dc640
1994,208,Cezar Ferreira vs. Sergio Moraes,http://ufcstats.com/fight-details/9232fed045b1f4f9
1993,208,Rony Jason vs. Godofredo Pepey,http://ufcstats.com/fight-details/366de1daf05a2b62
1992,208,Fabricio Werdum vs. Mike Russow,http://ufcstats.com/fight-details/0239f24134022656
1991,208,Hacran Dias vs. Iuri Alcantara,http://ufcstats.com/fight-details/f638f176dd1834c0
1990,208,Rodrigo Damm vs. Anistavio Medeiros,http://ufcstats.com/fight-details/1bfb8faa1edd3867
1989,208,Francisco Trinaldo vs. Delson Heleno,http://ufcstats.com/fight-details/c1bf9ca94c1f7f09
1988,208,Hugo Viana vs. John Teixeira,http://ufcstats.com/fight-details/00c20fa576380ac8
1987,208,Thiago Perpetuo vs. Leonardo Mafra,http://ufcstats.com/fight-details/cc3e0c5a0f868502
1986,208,Marcos Vinicius vs. Wagner Campos,http://ufcstats.com/fight-details/f269d25146eec937
1985,208,Felipe Arantes vs. Milton Vieira,http://ufcstats.com/fight-details/1c0bf66167c91e01
1984,207,Gray Maynard vs. Clay Guida,http://ufcstats.com/fight-details/18efcec3c51750e9
1983,207,Sam Stout vs. Spencer Fisher,http://ufcstats.com/fight-details/756cae177016ebf1
1982,207,Brian Ebersole vs. TJ Waldburger,http://ufcstats.com/fight-details/69fd05c73b645a62
1981,207,Cub Swanson vs. Ross Pearson,http://ufcstats.com/fight-details/40fa0bf9783cdc2e
1980,207,Ricardo Lamas vs. Hatsu Hioki,http://ufcstats.com/fight-details/8a1678a54dc82206
1979,207,Ramsey Nijem vs. CJ Keith,http://ufcstats.com/fight-details/00731068c3195f7f
1978,207,Rick Story vs. Brock Jardine,http://ufcstats.com/fight-details/2d3cbfb47faf717d
1977,207,Steven Siler vs. Joey Gambino,http://ufcstats.com/fight-details/cd055be419f77f3e
1976,207,Chris Camozzi vs. Nick Catone,http://ufcstats.com/fight-details/f4af2b4349b7b589
1975,207,Matt Brown vs. Luis Ramos,http://ufcstats.com/fight-details/a497d4a83afe6f2d
1974,207,Dan Miller vs. Ricardo Funch,http://ufcstats.com/fight-details/ecb9c5ae7fd7a5cc
1973,207,Ken Stone vs. Dustin Pague,http://ufcstats.com/fight-details/179426f56818a1c9
1972,206,Demetrious Johnson vs. Ian McCall,http://ufcstats.com/fight-details/2cf065874bcc4144
1971,206,Erick Silva vs. Charlie Brenneman,http://ufcstats.com/fight-details/77b6fd5d0b8c60b4
1970,206,Mike Pyle vs. Josh Neer,http://ufcstats.com/fight-details/be6024894ebcb360
1969,206,Eddie Wineland vs. Scott Jorgensen,http://ufcstats.com/fight-details/ed697b0ef9d455e4
1968,206,Mike Pierce vs. Carlos Eduardo Rocha,http://ufcstats.com/fight-details/13a6496a09ae821e
1967,206,Seth Baczynski vs. Lance Benoist,http://ufcstats.com/fight-details/2771872dd02e5d19
1966,206,Matt Grice vs. Leonard Garcia,http://ufcstats.com/fight-details/a6d07c32a1cb9730
1965,206,Dustin Pague vs. Jared Papazian,http://ufcstats.com/fight-details/2ccecfdd7683043e
1964,206,Tim Means vs. Justin Salas,http://ufcstats.com/fight-details/1984570de7f0c89e
1963,206,Buddy Roberts vs. Caio Magalhaes,http://ufcstats.com/fight-details/873886ee1dee4c9a
1962,206,Henry Martinez vs. Bernardo Magalhaes,http://ufcstats.com/fight-details/d1ad8d6ef48f7835
1961,206,Sean Pierson vs. Jake Hecht,http://ufcstats.com/fight-details/d08a7d4de3c760ec
1960,205,Martin Kampmann vs. Jake Ellenberger,http://ufcstats.com/fight-details/8422c70a72eb9291
1959,205,Michael Chiesa vs. Al Iaquinta,http://ufcstats.com/fight-details/1c245dc63a0b9d51
1958,205,Charles Oliveira vs. Jonathan Brookins,http://ufcstats.com/fight-details/0b5c7c95b0316276
1957,205,Max Holloway vs. Pat Schilling,http://ufcstats.com/fight-details/fe1ce9e3a38a734b
1956,205,Justin Lawrence vs. John Cofer,http://ufcstats.com/fight-details/64e7c4ee81d46900
1955,205,Daron Cruickshank vs. Chris Tickle,http://ufcstats.com/fight-details/06a28491fe26baa6
1954,205,Myles Jury vs. Chris Saunders,http://ufcstats.com/fight-details/2a7cf1a89de3709e
1953,205,Sam Sicilia vs. Cristiano Marcello,http://ufcstats.com/fight-details/fa8c1f3d27fc349c
1952,205,Joe Proctor vs. Jeremy Larsen,http://ufcstats.com/fight-details/e8bb812cd91d9c28
1951,205,Erik Perez vs. John Albert,http://ufcstats.com/fight-details/8e4439cdc98d0644
1950,204,Junior Dos Santos vs. Frank Mir,http://ufcstats.com/fight-details/41e6ace08a2679e1
1949,204,Cain Velasquez vs. Antonio Silva,http://ufcstats.com/fight-details/1a699da1b1b5ef85
1948,204,Roy Nelson vs. Dave Herman,http://ufcstats.com/fight-details/00cf159d5e637238
1947,204,Stipe Miocic vs. Shane del Rosario,http://ufcstats.com/fight-details/cd2a60453f8ac133
1946,204,Stefan Struve vs. Lavar Johnson,http://ufcstats.com/fight-details/a8dc7400f270a144
1945,204,Darren Elkins vs. Diego Brandao,http://ufcstats.com/fight-details/b187bdcc2ceba00f
1944,204,Jamie Varner vs. Edson Barboza,http://ufcstats.com/fight-details/9cdeb62aa9092713
1943,204,CB Dollaway vs. Jason Miller,http://ufcstats.com/fight-details/de8e1dd07ad49c94
1942,204,Dan Hardy vs. Duane Ludwig,http://ufcstats.com/fight-details/8238c5f16d0b39c3
1941,204,Paul Sass vs. Jacob Volkmann,http://ufcstats.com/fight-details/3fc1ebe73920a2a7
1940,204,Glover Teixeira vs. Kyle Kingsbury,http://ufcstats.com/fight-details/a6a1adfeab7f7bb7
1939,204,Mike Brown vs. Daniel Pineda,http://ufcstats.com/fight-details/d5457867cbd0caf7
1938,203,Chan Sung Jung vs. Dustin Poirier,http://ufcstats.com/fight-details/a8ec9c513d28c25c
1937,203,Amir Sadollah vs. Jorge Lopez,http://ufcstats.com/fight-details/0b4ac9bcf5dbb382
1936,203,Donald Cerrone vs. Jeremy Stephens,http://ufcstats.com/fight-details/49818fb1520ce956
1935,203,Yves Jabouin vs. Jeff Hougland,http://ufcstats.com/fight-details/e0e41464c1bc7ee1
1934,203,Igor Pokrajac vs. Fabio Maldonado,http://ufcstats.com/fight-details/303db84673492cd6
1933,203,Tom Lawlor vs. Jason MacDonald,http://ufcstats.com/fight-details/57bbe424b0d6837c
1932,203,Brad Tavares vs. Dongi Yang,http://ufcstats.com/fight-details/3b1461ff02a3f98e
1931,203,Cody McKenzie vs. Marcus LeVesseur,http://ufcstats.com/fight-details/df5ab14481442365
1930,203,TJ Grant vs. Carlo Prater,http://ufcstats.com/fight-details/4655930eb83446c7
1929,203,Rafael Dos Anjos vs. Kamal Shalorus,http://ufcstats.com/fight-details/ade59be2e9bc1108
1928,203,Johnny Eduardo vs. Jeff Curran,http://ufcstats.com/fight-details/fc95c49b69a8d476
1927,203,Francisco Rivera vs. Alex Soto,http://ufcstats.com/fight-details/b4407dd3627c1675
1926,202,Nate Diaz vs. Jim Miller,http://ufcstats.com/fight-details/db51d17ea03da745
1925,202,Johny Hendricks vs. Josh Koscheck,http://ufcstats.com/fight-details/a5fa3bf3dc91eb88
1924,202,Alan Belcher vs. Rousimar Palhares,http://ufcstats.com/fight-details/704a089fde021153
1923,202,Lavar Johnson vs. Pat Barry,http://ufcstats.com/fight-details/c7be6a466d1d0a1e
1922,202,Michael Johnson vs. Tony Ferguson,http://ufcstats.com/fight-details/1f290005cc147afb
1921,202,John Dodson vs. Tim Elliott,http://ufcstats.com/fight-details/e257f0f5224ef6ab
1920,202,John Hathaway vs. Pascal Krauss,http://ufcstats.com/fight-details/920665daa1261dbc
1919,202,Louis Gaudinot vs. John Lineker,http://ufcstats.com/fight-details/539e0008bb634f1b
1918,202,Danny Castillo vs. John Cholish,http://ufcstats.com/fight-details/c039953c2f438832
1917,202,Dennis Bermudez vs. Pablo Garza,http://ufcstats.com/fight-details/0387bc11a0a0c325
1916,202,Roland Delorme vs. Nick Denis,http://ufcstats.com/fight-details/151f9966cae7682c
1915,202,Karlos Vemola vs. Mike Massenzio,http://ufcstats.com/fight-details/a28c80463d7d0c03
1914,201,Jon Jones vs. Rashad Evans,http://ufcstats.com/fight-details/9dc5b5f29d9ff028
1913,201,Rory MacDonald vs. Che Mills,http://ufcstats.com/fight-details/4966e9d7479c8d8d
1912,201,Ben Rothwell vs. Brendan Schaub,http://ufcstats.com/fight-details/41d170c5da83c8be
1911,201,Michael McDonald vs. Miguel Torres,http://ufcstats.com/fight-details/33a93002fef6c89d
1910,201,Eddie Yagin vs. Mark Hominick,http://ufcstats.com/fight-details/eb5cd79e00dd5cd2
1909,201,Mark Bocek vs. John Alessio,http://ufcstats.com/fight-details/c1c8b38d315d487b
1908,201,Travis Browne vs. Chad Griggs,http://ufcstats.com/fight-details/a6c02fb0b18e916c
1907,201,Matt Brown vs. Stephen Thompson,http://ufcstats.com/fight-details/bf5a5b23a49fa17c
1906,201,Anthony Njokuani vs. John Makdessi,http://ufcstats.com/fight-details/2bb3a036759d79f2
1905,201,Mac Danzig vs. Efrain Escudero,http://ufcstats.com/fight-details/ad101f8850eff427
1904,201,Chris Clements vs. Keith Wisniewski,http://ufcstats.com/fight-details/06eb7492a27bb19a
1903,201,Marcus Brimage vs. Maximo Blanco,http://ufcstats.com/fight-details/eaf8782e4e03139b
1902,200,Alexander Gustafsson vs. Thiago Silva,http://ufcstats.com/fight-details/93096cfccdbf4fe8
1901,200,Brian Stann vs. Alessio Sakara,http://ufcstats.com/fight-details/990bf4ef60890853
1900,200,Siyar Bahadurzada vs. Paulo Thiago,http://ufcstats.com/fight-details/8757fbfa0857415f
1899,200,Dennis Siver vs. Diego Nunes,http://ufcstats.com/fight-details/2dc181c1473eb269
1898,200,John Maguire vs. DaMarques Johnson,http://ufcstats.com/fight-details/3368c2419e259992
1897,200,Brad Pickett vs. Damacio Page,http://ufcstats.com/fight-details/806761834799c352
1896,200,James Head vs. Papy Abedi,http://ufcstats.com/fight-details/a2308473bcd77da8
1895,200,Cyrille Diabate vs. Tom DeBlass,http://ufcstats.com/fight-details/8aa637fc26a01581
1894,200,Francis Carmont vs. Magnus Cedenblad,http://ufcstats.com/fight-details/a90cabf2913fc6ef
1893,200,Reza Madadi vs. Yoislandy Izquierdo,http://ufcstats.com/fight-details/a7e1e349980063c9
1892,200,Simeon Thoresen vs. Besam Yousef,http://ufcstats.com/fight-details/589fd70f6f8b747c
1891,200,Jason Young vs. Eric Wisely,http://ufcstats.com/fight-details/0890d21317c9aa2d
1890,199,Martin Kampmann vs. Thiago Alves,http://ufcstats.com/fight-details/b42d4c3c701945bf
1889,199,Joseph Benavidez vs. Yasuhiro Urushitani,http://ufcstats.com/fight-details/058d32372a2271fd
1888,199,Demetrious Johnson vs. Ian McCall,http://ufcstats.com/fight-details/5c55530a258a9e41
1887,199,Constantinos Philippou vs. Court McGee,http://ufcstats.com/fight-details/01e5e4099f03f20e
1886,199,James Te Huna vs. Aaron Rosa,http://ufcstats.com/fight-details/33f0817701e49bf1
1885,199,Anthony Perosh vs. Nick Penner,http://ufcstats.com/fight-details/b218d6a420abb67b
1884,199,Steven Siler vs. Cole Miller,http://ufcstats.com/fight-details/54b7b3378e394070
1883,199,Andrew Craig vs. Kyle Noke,http://ufcstats.com/fight-details/a00b98f41c05ae6c
1882,199,TJ Waldburger vs. Jake Hecht,http://ufcstats.com/fight-details/3a2bd4fe6f08bc17
1881,199,Daniel Pineda vs. Mackens Semerzier,http://ufcstats.com/fight-details/60f53ad3f114da6e
1880,199,Shawn Jordan vs. Oli Thompson,http://ufcstats.com/fight-details/6ba485fc7b8f38ee
1879,198,Benson Henderson vs. Frankie Edgar,http://ufcstats.com/fight-details/43b494c32b7f18cb
1878,198,Ryan Bader vs. Quinton Jackson,http://ufcstats.com/fight-details/7c307d98ed135d32
1877,198,Mark Hunt vs. Cheick Kongo,http://ufcstats.com/fight-details/319053a9de63ab85
1876,198,Jake Shields vs. Yoshihiro Akiyama,http://ufcstats.com/fight-details/53d2a57daaae700b
1875,198,Tim Boetsch vs. Yushin Okami,http://ufcstats.com/fight-details/eac1c31f1b3d11f3
1874,198,Hatsu Hioki vs. Bart Palaszewski,http://ufcstats.com/fight-details/6bcf5381dd8de85b
1873,198,Anthony Pettis vs. Joe Lauzon,http://ufcstats.com/fight-details/9b4bff38430a01eb
1872,198,Takanori Gomi vs. Eiji Mitsuoka,http://ufcstats.com/fight-details/1b4f87d607b3964d
1871,198,Vaughan Lee vs. Norifumi Yamamoto,http://ufcstats.com/fight-details/a196dce12754e34e
1870,198,Riki Fukuda vs. Steve Cantwell,http://ufcstats.com/fight-details/fb57dcc651894ae9
1869,198,Chris Cariaso vs. Takeya Mizugaki,http://ufcstats.com/fight-details/3101c8d54df53e27
1868,198,Issei Tamura vs. Zhang Tiequan,http://ufcstats.com/fight-details/84e800acc2aacd8e
1867,197,Jake Ellenberger vs. Diego Sanchez,http://ufcstats.com/fight-details/3e50773520e7a218
1866,197,Stefan Struve vs. Dave Herman,http://ufcstats.com/fight-details/e93d07a18ca847c8
1865,197,Ronny Markes vs. Aaron Simpson,http://ufcstats.com/fight-details/f10d3d4ffd5a4922
1864,197,Stipe Miocic vs. Philip De Fries,http://ufcstats.com/fight-details/796a7e1fa80af990
1863,197,TJ Dillashaw vs. Walel Watson,http://ufcstats.com/fight-details/5f7a1ba6e016b249
1862,197,Ivan Menjivar vs. John Albert,http://ufcstats.com/fight-details/74e92a66b29674a9
1861,197,Jonathan Brookins vs. Vagner Rocha,http://ufcstats.com/fight-details/2341651d1043e2c0
1860,197,Justin Salas vs. Anton Kuivanen,http://ufcstats.com/fight-details/adb35d212e716b8a
1859,197,Tim Means vs. Bernardo Magalhaes,http://ufcstats.com/fight-details/638a999dab6fe310
1858,196,Carlos Condit vs. Nick Diaz,http://ufcstats.com/fight-details/09a2909e1848be52
1857,196,Fabricio Werdum vs. Roy Nelson,http://ufcstats.com/fight-details/6bde0b88f21304d4
1856,196,Josh Koscheck vs. Mike Pierce,http://ufcstats.com/fight-details/cee1fb8ac703f34f
1855,196,Renan Barao vs. Scott Jorgensen,http://ufcstats.com/fight-details/6fbe7dffff5f5f1e
1854,196,Ed Herman vs. Clifford Starks,http://ufcstats.com/fight-details/7e57d7848f9faacf
1853,196,Dustin Poirier vs. Max Holloway,http://ufcstats.com/fight-details/099a2db0470d456b
1852,196,Edwin Figueroa vs. Alex Caceres,http://ufcstats.com/fight-details/d019250cc6d93527
1851,196,Matt Brown vs. Chris Cope,http://ufcstats.com/fight-details/bd340a13bc3df8a1
1850,196,Matthew Riddle vs. Henry Martinez,http://ufcstats.com/fight-details/6ecc59654c2f519f
1849,196,Rafael Natal vs. Michael Kuiper,http://ufcstats.com/fight-details/5510b86a35c5614b
1848,196,Stephen Thompson vs. Dan Stittgen,http://ufcstats.com/fight-details/40c080d0f86f1f1f
1847,195,Rashad Evans vs. Phil Davis,http://ufcstats.com/fight-details/e0df5f84686586a1
1846,195,Chael Sonnen vs. Michael Bisping,http://ufcstats.com/fight-details/81c5c897717a1ef6
1845,195,Chris Weidman vs. Demian Maia,http://ufcstats.com/fight-details/ba75be28158d424c
1844,195,Evan Dunham vs. Nik Lentz,http://ufcstats.com/fight-details/e7861d4e2b29193f
1843,195,Mike Russow vs. Jon Olav Einemo,http://ufcstats.com/fight-details/c63a050af0692daf
1842,195,Cub Swanson vs. George Roop,http://ufcstats.com/fight-details/ca263e46051261e2
1841,195,Charles Oliveira vs. Eric Wisely,http://ufcstats.com/fight-details/7a4e5bcd7336d203
1840,195,Michael Johnson vs. Shane Roller,http://ufcstats.com/fight-details/e8a167bb84082832
1839,195,Lavar Johnson vs. Joey Beltran,http://ufcstats.com/fight-details/fd230ba169b3f2b6
1838,195,Chris Camozzi vs. Dustin Jacoby,http://ufcstats.com/fight-details/7a37fd92b26d15c8
1837,194,Jim Miller vs. Melvin Guillard,http://ufcstats.com/fight-details/90d50fb7e2bf789e
1836,194,Josh Neer vs. Duane Ludwig,http://ufcstats.com/fight-details/d391ca8154bcf507
1835,194,Mike Easton vs. Jared Papazian,http://ufcstats.com/fight-details/77c1e127c1be9983
1834,194,Pat Barry vs. Christian Morecraft,http://ufcstats.com/fight-details/fc91f1e448f35797
1833,194,Jorge Rivera vs. Eric Schafer,http://ufcstats.com/fight-details/0071c5d16e6e07f6
1832,194,Khabib Nurmagomedov vs. Kamal Shalorus,http://ufcstats.com/fight-details/8360accf6f70ebc4
1831,194,Charlie Brenneman vs. Daniel Roberts,http://ufcstats.com/fight-details/be7b9301e7c689c1
1830,194,Fabricio Camoes vs. Tommy Hayden,http://ufcstats.com/fight-details/37e0251af7b18742
1829,194,Daniel Pineda vs. Pat Schilling,http://ufcstats.com/fight-details/f4bdf10856c1760e
1828,194,Nick Denis vs. Joseph Sandoval,http://ufcstats.com/fight-details/26cdaf7cf575f656
1827,193,Jose Aldo vs. Chad Mendes,http://ufcstats.com/fight-details/9afcb091777f6a83
1826,193,Vitor Belfort vs. Anthony Johnson,http://ufcstats.com/fight-details/50bdcb20286690ff
1825,193,Rousimar Palhares vs. Mike Massenzio,http://ufcstats.com/fight-details/c715c165cb3469d2
1824,193,Carlo Prater vs. Erick Silva,http://ufcstats.com/fight-details/b2a91be41c3233cd
1823,193,Edson Barboza vs. Terry Etim,http://ufcstats.com/fight-details/11e7f12ecb2d1597
1822,193,Thiago Tavares vs. Sam Stout,http://ufcstats.com/fight-details/977e37adadd1b8ad
1821,193,Gabriel Gonzaga vs. Ednaldo Oliveira,http://ufcstats.com/fight-details/0695d1f42b1550a2
1820,193,Iuri Alcantara vs. Michihiro Omigawa,http://ufcstats.com/fight-details/0be68308b5d63a47
1819,193,Mike Pyle vs. Ricardo Funch,http://ufcstats.com/fight-details/f126491f024c1563
1818,193,Felipe Arantes vs. Antonio Carvalho,http://ufcstats.com/fight-details/7bb603674999e675
1817,192,Alistair Overeem vs. Brock Lesnar,http://ufcstats.com/fight-details/5c3325b7da3f7828
1816,192,Nate Diaz vs. Donald Cerrone,http://ufcstats.com/fight-details/d940ffe543c4e38b
1815,192,Johny Hendricks vs. Jon Fitch,http://ufcstats.com/fight-details/b9508f47504ccc59
1814,192,Alexander Gustafsson vs. Vladimir Matyushenko,http://ufcstats.com/fight-details/607722017a9d7e22
1813,192,Jimy Hettes vs. Nam Phan,http://ufcstats.com/fight-details/eeef3df8adb8acc7
1812,192,Ross Pearson vs. Junior Assuncao,http://ufcstats.com/fight-details/434411f139e51760
1811,192,Danny Castillo vs. Anthony Njokuani,http://ufcstats.com/fight-details/68137e9ff22d426b
1810,192,Dong Hyun Kim vs. Sean Pierson,http://ufcstats.com/fight-details/972034fcd94ca83b
1809,192,Jacob Volkmann vs. Efrain Escudero,http://ufcstats.com/fight-details/46bea6d63ffe17e4
1808,192,Diego Nunes vs. Manvel Gamburyan,http://ufcstats.com/fight-details/2f715933d0626544
1807,191,Jon Jones vs. Lyoto Machida,http://ufcstats.com/fight-details/834968d130e1f0e9
1806,191,Frank Mir vs. Antonio Rodrigo Nogueira,http://ufcstats.com/fight-details/92d0c39f0df77c7e
1805,191,Rogerio Nogueira vs. Tito Ortiz,http://ufcstats.com/fight-details/69d6d58d58cb81e3
1804,191,Brian Ebersole vs. Claude Patrick,http://ufcstats.com/fight-details/dbe53d31f4c1ccf7
1803,191,Chan Sung Jung vs. Mark Hominick,http://ufcstats.com/fight-details/8abe79e6d300b639
1802,191,Igor Pokrajac vs. Krzysztof Soszynski,http://ufcstats.com/fight-details/e03ec6b24fca2386
1801,191,Constantinos Philippou vs. Jared Hamman,http://ufcstats.com/fight-details/76d18b94f580be6e
1800,191,Dennis Hallman vs. John Makdessi,http://ufcstats.com/fight-details/fd0c847858bd346f
1799,191,Yves Jabouin vs. Walel Watson,http://ufcstats.com/fight-details/fef109b9f26585b3
1798,191,Mark Bocek vs. Nik Lentz,http://ufcstats.com/fight-details/70995170c27c4143
1797,191,Jake Hecht vs. Rich Attonito,http://ufcstats.com/fight-details/d6d812269487071e
1796,191,John Cholish vs. Mitch Clarke,http://ufcstats.com/fight-details/e094423979fc7c6a
1795,190,Michael Bisping vs. Jason Miller,http://ufcstats.com/fight-details/f182b13c6e07dfb1
1794,190,Diego Brandao vs. Dennis Bermudez,http://ufcstats.com/fight-details/6e85d8d17c3eed58
1793,190,John Dodson vs. TJ Dillashaw,http://ufcstats.com/fight-details/9a3908ab337c5f3f
1792,190,Tony Ferguson vs. Yves Edwards,http://ufcstats.com/fight-details/381b2df85ac06615
1791,190,Johnny Bedford vs. Louis Gaudinot,http://ufcstats.com/fight-details/25783a9abbfee4fc
1790,190,Marcus Brimage vs. Stephen Bass,http://ufcstats.com/fight-details/9821faf6a5d6fd0d
1789,190,John Albert vs. Dustin Pague,http://ufcstats.com/fight-details/72481ce1897251cd
1788,190,Roland Delorme vs. Josh Ferguson,http://ufcstats.com/fight-details/c302f24082239f82
1787,190,Steven Siler vs. Josh Clopton,http://ufcstats.com/fight-details/21ebc940f3dfde82
1786,190,Bryan Caraway vs. Dustin Neace,http://ufcstats.com/fight-details/b28aad0fdc0b8cc0
1785,189,Dan Henderson vs. Mauricio Rua,http://ufcstats.com/fight-details/206db35805bb83dc
1784,189,Wanderlei Silva vs. Cung Le,http://ufcstats.com/fight-details/30c574f33700010a
1783,189,Urijah Faber vs. Brian Bowles,http://ufcstats.com/fight-details/73fd4982ef7aae44
1782,189,Martin Kampmann vs. Rick Story,http://ufcstats.com/fight-details/89820fae001dd151
1781,189,Stephan Bonnar vs. Kyle Kingsbury,http://ufcstats.com/fight-details/50ffbc85d3c50604
1780,189,Ryan Bader vs. Jason Brilz,http://ufcstats.com/fight-details/2f5ced39b8208e46
1779,189,Michael McDonald vs. Alex Soto,http://ufcstats.com/fight-details/52f77a9f9eb66ab7
1778,189,Chris Weidman vs. Tom Lawlor,http://ufcstats.com/fight-details/f754d17d5047d536
1777,189,Gleison Tibau vs. Rafael Dos Anjos,http://ufcstats.com/fight-details/a117805ab030b194
1776,189,Miguel Torres vs. Nick Pace,http://ufcstats.com/fight-details/10f54096561f587d
1775,189,Seth Baczynski vs. Matt Brown,http://ufcstats.com/fight-details/421842986f10851e
1774,189,Danny Castillo vs. Shamar Bailey,http://ufcstats.com/fight-details/39e7bb2a0842b8a1
1773,188,Junior Dos Santos vs. Cain Velasquez,http://ufcstats.com/fight-details/78294f5d5e0f2b13
1772,188,Benson Henderson vs. Clay Guida,http://ufcstats.com/fight-details/5254658d4e4126c9
1771,188,Dustin Poirier vs. Pablo Garza,http://ufcstats.com/fight-details/db690563ae7fa070
1770,188,Ricardo Lamas vs. Cub Swanson,http://ufcstats.com/fight-details/0f22781ab4635414
1769,188,DaMarques Johnson vs. Clay Harvison,http://ufcstats.com/fight-details/bc7743819590b193
1768,188,Darren Uyenoyama vs. Norifumi Yamamoto,http://ufcstats.com/fight-details/f0666193c544be4a
1767,188,Mackens Semerzier vs. Robert Peralta,http://ufcstats.com/fight-details/8208afe1e52b02e9
1766,188,Alex Caceres vs. Cole Escovedo,http://ufcstats.com/fight-details/9eed1b277c76f576
1765,188,Mike Pierce vs. Paul Bradley,http://ufcstats.com/fight-details/42a353676554ecf2
1764,188,Aaron Rosa vs. Matt Lucas,http://ufcstats.com/fight-details/48c6c45d9628bb79
1763,187,Mark Munoz vs. Chris Leben,http://ufcstats.com/fight-details/3fad8fd8b6e4465d
1762,187,Renan Barao vs. Brad Pickett,http://ufcstats.com/fight-details/3ca05de15ddd658b
1761,187,Thiago Alves vs. Papy Abedi,http://ufcstats.com/fight-details/30d0cab706e43838
1760,187,Anthony Perosh vs. Cyrille Diabate,http://ufcstats.com/fight-details/da876a1ab4b8eb48
1759,187,Terry Etim vs. Edward Faaloloto,http://ufcstats.com/fight-details/92030ef8b5796b0a
1758,187,John Maguire vs. Justin Edwards,http://ufcstats.com/fight-details/e623355d7f897b92
1757,187,Philip De Fries vs. Rob Broughton,http://ufcstats.com/fight-details/b7799cdf8a6470ea
1756,187,Michihiro Omigawa vs. Jason Young,http://ufcstats.com/fight-details/77862f580ce9bca8
1755,187,Che Mills vs. Chris Cope,http://ufcstats.com/fight-details/7360ec204d4e0e10
1754,187,Chris Cariaso vs. Vaughan Lee,http://ufcstats.com/fight-details/3ed2190f1d604432
1753,186,Nick Diaz vs. BJ Penn,http://ufcstats.com/fight-details/0583a3d402bed6e4
1752,186,Cheick Kongo vs. Matt Mitrione,http://ufcstats.com/fight-details/ce05150d524a1829
1751,186,Roy Nelson vs. Mirko Filipovic,http://ufcstats.com/fight-details/9574c1ed9ad25816
1750,186,Scott Jorgensen vs. Jeff Curran,http://ufcstats.com/fight-details/332432834ece3bc7
1749,186,Hatsu Hioki vs. George Roop,http://ufcstats.com/fight-details/040f9c9b470f3e6b
1748,186,Donald Cerrone vs. Dennis Siver,http://ufcstats.com/fight-details/f141416b02a31f4e
1747,186,Bart Palaszewski vs. Tyson Griffin,http://ufcstats.com/fight-details/8aefe4de7a490de6
1746,186,Brandon Vera vs. Eliot Marshall,http://ufcstats.com/fight-details/3ce9fb5e3bdee7b0
1745,186,Ramsey Nijem vs. Danny Downes,http://ufcstats.com/fight-details/baf123a5b5fc674c
1744,186,Francis Carmont vs. Chris Camozzi,http://ufcstats.com/fight-details/f19a56ecc6c150e3
1743,186,Clifford Starks vs. Dustin Jacoby,http://ufcstats.com/fight-details/1a28928b8d7b4c11
1742,185,Frankie Edgar vs. Gray Maynard,http://ufcstats.com/fight-details/8a660069ae42edc2
1741,185,Jose Aldo vs. Kenny Florian,http://ufcstats.com/fight-details/21d2958e13389511
1740,185,Chael Sonnen vs. Brian Stann,http://ufcstats.com/fight-details/63ee688385bf7c69
1739,185,Nam Phan vs. Leonard Garcia,http://ufcstats.com/fight-details/80538f958af30aa0
1738,185,Joe Lauzon vs. Melvin Guillard,http://ufcstats.com/fight-details/a369d5ca5aef8b25
1737,185,Demian Maia vs. Jorge Santiago,http://ufcstats.com/fight-details/5f4284409503d874
1736,185,Anthony Pettis vs. Jeremy Stephens,http://ufcstats.com/fight-details/24d92c89c893db42
1735,185,Stipe Miocic vs. Joey Beltran,http://ufcstats.com/fight-details/9274af24eb96e4b1
1734,185,Darren Elkins vs. Zhang Tiequan,http://ufcstats.com/fight-details/a730a20ab0c61499
1733,185,Aaron Simpson vs. Eric Schafer,http://ufcstats.com/fight-details/b16534d6bb279b2a
1732,185,Mike Massenzio vs. Steve Cantwell,http://ufcstats.com/fight-details/14b450e4ff3c5b97
1731,184,Dominick Cruz vs. Demetrious Johnson,http://ufcstats.com/fight-details/e2433610f128d963
1730,184,Stefan Struve vs. Pat Barry,http://ufcstats.com/fight-details/008d1123cc90f003
1729,184,Anthony Johnson vs. Charlie Brenneman,http://ufcstats.com/fight-details/f914dd2414f9a0ae
1728,184,Matt Wiman vs. Mac Danzig,http://ufcstats.com/fight-details/3542b1fd47163fcd
1727,184,Yves Edwards vs. Rafaello Oliveira,http://ufcstats.com/fight-details/765a1fde5ee12784
1726,184,Paul Sass vs. Michael Johnson,http://ufcstats.com/fight-details/6aa873e65d880322
1725,184,Mike Easton vs. Byron Bloodworth,http://ufcstats.com/fight-details/d7f151f529543431
1724,184,TJ Grant vs. Shane Roller,http://ufcstats.com/fight-details/cdedc8f026307dd7
1723,184,Josh Neer vs. Keith Wisniewski,http://ufcstats.com/fight-details/425e856cac6f521b
1722,184,Walel Watson vs. Joseph Sandoval,http://ufcstats.com/fight-details/8bd1f8cb9aa06dcf
1721,183,Jon Jones vs. Quinton Jackson,http://ufcstats.com/fight-details/181ce41897b37352
1720,183,Josh Koscheck vs. Matt Hughes,http://ufcstats.com/fight-details/8133b11f2b7ad634
1719,183,Mark Hunt vs. Ben Rothwell,http://ufcstats.com/fight-details/cca58aece2816dd1
1718,183,Travis Browne vs. Rob Broughton,http://ufcstats.com/fight-details/9cb967c62498ff02
1717,183,Nate Diaz vs. Takanori Gomi,http://ufcstats.com/fight-details/fde66b153c65e25d
1716,183,Tony Ferguson vs. Aaron Riley,http://ufcstats.com/fight-details/3f7c7917a57d2782
1715,183,Tim Boetsch vs. Nick Ring,http://ufcstats.com/fight-details/8af87933e6409e24
1714,183,Junior Assuncao vs. Eddie Yagin,http://ufcstats.com/fight-details/d7d7c9ce3d812eca
1713,183,Takeya Mizugaki vs. Cole Escovedo,http://ufcstats.com/fight-details/eb5b6287ba73640d
1712,183,James Te Huna vs. Ricardo Romero,http://ufcstats.com/fight-details/38591fb67eb2a6c3
1711,182,Jake Ellenberger vs. Jake Shields,http://ufcstats.com/fight-details/1fa175b6a35e95e2
1710,182,Court McGee vs. Dongi Yang,http://ufcstats.com/fight-details/032a61c6f9439b1d
1709,182,Erik Koch vs. Jonathan Brookins,http://ufcstats.com/fight-details/b4daedb1e0c4ee02
1708,182,Alan Belcher vs. Jason MacDonald,http://ufcstats.com/fight-details/a7fca585b4fd4255
1707,182,Vagner Rocha vs. Cody McKenzie,http://ufcstats.com/fight-details/5dc4552c9288441a
1706,182,Evan Dunham vs. Shamar Bailey,http://ufcstats.com/fight-details/fdc82a98c68588c4
1705,182,Lance Benoist vs. Matthew Riddle,http://ufcstats.com/fight-details/558b54d28a662cca
1704,182,Ken Stone vs. Donny Walker,http://ufcstats.com/fight-details/35cfe0b894b93332
1703,182,Seth Baczynski vs. Clay Harvison,http://ufcstats.com/fight-details/be5cdd4872fbd0b7
1702,182,TJ Waldburger vs. Mike Stumpf,http://ufcstats.com/fight-details/11141cf97c6156b6
1701,182,Robert Peralta vs. Mike Lullo,http://ufcstats.com/fight-details/0f5f1f5828ebd9c5
1700,182,Justin Edwards vs. Jorge Lopez,http://ufcstats.com/fight-details/1f70cf05ec46f065
1699,181,Anderson Silva vs. Yushin Okami,http://ufcstats.com/fight-details/89cc8f4a69e9ea0e
1698,181,Mauricio Rua vs. Forrest Griffin,http://ufcstats.com/fight-details/e7da014d4dfc5bf3
1697,181,Edson Barboza vs. Ross Pearson,http://ufcstats.com/fight-details/fa3294fe655440dd
1696,181,Antonio Rodrigo Nogueira vs. Brendan Schaub,http://ufcstats.com/fight-details/c8fbe7ade97e2055
1695,181,Stanislav Nedkov vs. Luiz Cane,http://ufcstats.com/fight-details/8782dca7c99717a6
1694,181,Thiago Tavares vs. Spencer Fisher,http://ufcstats.com/fight-details/6265ffd51a18ff21
1693,181,Rousimar Palhares vs. Dan Miller,http://ufcstats.com/fight-details/15b62b191eb6dacf
1692,181,Paulo Thiago vs. David Mitchell,http://ufcstats.com/fight-details/8938fad6ec08499d
1691,181,Raphael Assuncao vs. Johnny Eduardo,http://ufcstats.com/fight-details/7b1d63d0e3e12804
1690,181,Erick Silva vs. Luis Ramos,http://ufcstats.com/fight-details/9d379b41d86d7c7f
1689,181,Iuri Alcantara vs. Felipe Arantes,http://ufcstats.com/fight-details/7036a87673c98a13
1688,181,Yves Jabouin vs. Ian Loveland,http://ufcstats.com/fight-details/1fb62d8192128dc1
1687,180,Chris Lytle vs. Dan Hardy,http://ufcstats.com/fight-details/aa4aa75f0065a687
1686,180,Benson Henderson vs. Jim Miller,http://ufcstats.com/fight-details/5169aaf0ce80d1f8
1685,180,Donald Cerrone vs. Charles Oliveira,http://ufcstats.com/fight-details/295c2e1ae2d54287
1684,180,Duane Ludwig vs. Amir Sadollah,http://ufcstats.com/fight-details/09c1d4c96efd0545
1683,180,Jared Hamman vs. CB Dollaway,http://ufcstats.com/fight-details/74773b56e0b31c6b
1682,180,Joseph Benavidez vs. Eddie Wineland,http://ufcstats.com/fight-details/0fd5485e64712df9
1681,180,Ed Herman vs. Kyle Noke,http://ufcstats.com/fight-details/23243c27deb4d596
1680,180,Ronny Markes vs. Karlos Vemola,http://ufcstats.com/fight-details/a39286bf0a443ff0
1679,180,Jimy Hettes vs. Alex Caceres,http://ufcstats.com/fight-details/345f0bd50451a321
1678,180,Cole Miller vs. TJ O'Brien,http://ufcstats.com/fight-details/475c55534f9e08ee
1677,180,Jacob Volkmann vs. Danny Castillo,http://ufcstats.com/fight-details/03938272fb7c3971
1676,180,Edwin Figueroa vs. Jason Reinhardt,http://ufcstats.com/fight-details/096d656048f85b18
1675,179,Rashad Evans vs. Tito Ortiz,http://ufcstats.com/fight-details/68ac97071275099f
1674,179,Vitor Belfort vs. Yoshihiro Akiyama,http://ufcstats.com/fight-details/eb3093e235f048c8
1673,179,Brian Ebersole vs. Dennis Hallman,http://ufcstats.com/fight-details/27593cd1cda3cc2f
1672,179,Constantinos Philippou vs. Jorge Rivera,http://ufcstats.com/fight-details/04df2fbb108b23c1
1671,179,Rory MacDonald vs. Mike Pyle,http://ufcstats.com/fight-details/c299ca1bc07857d5
1670,179,Alexander Gustafsson vs. Matt Hamill,http://ufcstats.com/fight-details/48ac0e2cf3681cca
1669,179,Chad Mendes vs. Rani Yahya,http://ufcstats.com/fight-details/e516a0e035fd57f7
1668,179,Ivan Menjivar vs. Nick Pace,http://ufcstats.com/fight-details/de41ca23c9a13bfb
1667,179,Johny Hendricks vs. Mike Pierce,http://ufcstats.com/fight-details/87cc38e9d565f819
1666,179,Mike Brown vs. Nam Phan,http://ufcstats.com/fight-details/9468f58f8abf78df
1665,179,Rafael Natal vs. Paul Bradley,http://ufcstats.com/fight-details/ba2f30fb7143a6b1
1664,178,Dominick Cruz vs. Urijah Faber,http://ufcstats.com/fight-details/8f4a445ccb548f15
1663,178,Chris Leben vs. Wanderlei Silva,http://ufcstats.com/fight-details/50ebe7915d9f0cab
1662,178,Dennis Siver vs. Matt Wiman,http://ufcstats.com/fight-details/be79dafe6c0b7671
1661,178,Tito Ortiz vs. Ryan Bader,http://ufcstats.com/fight-details/34c6c06ba60a9ade
1660,178,Carlos Condit vs. Dong Hyun Kim,http://ufcstats.com/fight-details/d5d6ae85ebcfd160
1659,178,Melvin Guillard vs. Shane Roller,http://ufcstats.com/fight-details/137d7dea41cacdc6
1658,178,Rafael Dos Anjos vs. George Sotiropoulos,http://ufcstats.com/fight-details/65171ae917df102f
1657,178,Brian Bowles vs. Takeya Mizugaki,http://ufcstats.com/fight-details/a0d1be5413e301dd
1656,178,Aaron Simpson vs. Brad Tavares,http://ufcstats.com/fight-details/ec20620c294a49a4
1655,178,Anthony Njokuani vs. Andre Winner,http://ufcstats.com/fight-details/d8287db48ec356df
1654,178,Jeff Hougland vs. Donny Walker,http://ufcstats.com/fight-details/29a1ed2c88c34fe0
1653,177,Cheick Kongo vs. Pat Barry,http://ufcstats.com/fight-details/4d6f492092d827cf
1652,177,Charlie Brenneman vs. Rick Story,http://ufcstats.com/fight-details/0212461ac95ae690
1651,177,Matt Brown vs. John Howard,http://ufcstats.com/fight-details/5ad0a7ec5e99955b
1650,177,Matt Mitrione vs. Christian Morecraft,http://ufcstats.com/fight-details/41f186bffee2bb29
1649,177,Tyson Griffin vs. Manvel Gamburyan,http://ufcstats.com/fight-details/70ddd13934e6c0e9
1648,177,Javier Vazquez vs. Joe Stevenson,http://ufcstats.com/fight-details/4289bcb551b07bc1
1647,177,Joe Lauzon vs. Curt Warburton,http://ufcstats.com/fight-details/6b3038fe26a57b80
1646,177,Rich Attonito vs. Daniel Roberts,http://ufcstats.com/fight-details/6cc8c21becd17ffa
1645,177,Nik Lentz vs. Charles Oliveira,http://ufcstats.com/fight-details/91daeeeea0a83e49
1644,177,Ricardo Lamas vs. Matt Grice,http://ufcstats.com/fight-details/16da233dcf7fecc8
1643,177,Michael Johnson vs. Edward Faaloloto,http://ufcstats.com/fight-details/daa06084bcc66645
1642,176,Junior Dos Santos vs. Shane Carwin,http://ufcstats.com/fight-details/60be440e54760b40
1641,176,Kenny Florian vs. Diego Nunes,http://ufcstats.com/fight-details/c1039954c3457fe7
1640,176,Mark Munoz vs. Demian Maia,http://ufcstats.com/fight-details/6dc666fd76a3b280
1639,176,Dave Herman vs. Jon Olav Einemo,http://ufcstats.com/fight-details/65270a16c25b59ad
1638,176,Donald Cerrone vs. Vagner Rocha,http://ufcstats.com/fight-details/9f69f6420f21080a
1637,176,Sam Stout vs. Yves Edwards,http://ufcstats.com/fight-details/44e24628e8eda0b1
1636,176,Chris Weidman vs. Jesse Bongfeldt,http://ufcstats.com/fight-details/65ac65daa51720e2
1635,176,Krzysztof Soszynski vs. Mike Massenzio,http://ufcstats.com/fight-details/1878e37418f1dfcd
1634,176,Nick Ring vs. James Head,http://ufcstats.com/fight-details/06db48a74d81a15e
1633,176,Dustin Poirier vs. Jason Young,http://ufcstats.com/fight-details/b3a0fc0a945a31f7
1632,176,Joey Beltran vs. Aaron Rosa,http://ufcstats.com/fight-details/9a18479792f990f7
1631,176,Darren Elkins vs. Michihiro Omigawa,http://ufcstats.com/fight-details/29bf7862fb1c28d6
1630,175,Tony Ferguson vs. Ramsey Nijem,http://ufcstats.com/fight-details/cd0bc692a7bce9e7
1629,175,Clay Guida vs. Anthony Pettis,http://ufcstats.com/fight-details/e9fc9dcc549c7f3b
1628,175,Ed Herman vs. Tim Credeur,http://ufcstats.com/fight-details/a1f9a28339f5e1b2
1627,175,Kyle Kingsbury vs. Fabio Maldonado,http://ufcstats.com/fight-details/35e23b1917b59132
1626,175,Chris Cope vs. Chuck O'Neil,http://ufcstats.com/fight-details/1b0887e7533b9b49
1625,175,Jeremy Stephens vs. Danny Downes,http://ufcstats.com/fight-details/7240a9432bf2af67
1624,175,George Roop vs. Josh Grispi,http://ufcstats.com/fight-details/2ebfb072b178649e
1623,175,Shamar Bailey vs. Ryan McGillivray,http://ufcstats.com/fight-details/ba0b95898baad200
1622,175,Clay Harvison vs. Justin Edwards,http://ufcstats.com/fight-details/33005a28b1226d15
1621,175,Scott Jorgensen vs. Ken Stone,http://ufcstats.com/fight-details/57622ac93e8d8900
1620,175,Reuben Duran vs. Francisco Rivera,http://ufcstats.com/fight-details/07df55cb3cc0ec30
1619,174,Quinton Jackson vs. Matt Hamill,http://ufcstats.com/fight-details/9cf91ae875d886df
1618,174,Frank Mir vs. Roy Nelson,http://ufcstats.com/fight-details/c553753c64379c39
1617,174,Travis Browne vs. Stefan Struve,http://ufcstats.com/fight-details/727c8004faed648d
1616,174,Rick Story vs. Thiago Alves,http://ufcstats.com/fight-details/7956ae951020ce8c
1615,174,Brian Stann vs. Jorge Santiago,http://ufcstats.com/fight-details/6617170d3659b175
1614,174,Demetrious Johnson vs. Miguel Torres,http://ufcstats.com/fight-details/b0cfaf01a155985b
1613,174,Tim Boetsch vs. Kendall Grove,http://ufcstats.com/fight-details/3d1a835c15fd8cb2
1612,174,Gleison Tibau vs. Rafaello Oliveira,http://ufcstats.com/fight-details/6299412d7bbfbce6
1611,174,Michael McDonald vs. Chris Cariaso,http://ufcstats.com/fight-details/556952a9520d0ae0
1610,174,Renan Barao vs. Cole Escovedo,http://ufcstats.com/fight-details/4cc8bef7c487cf9d
1609,173,Georges St-Pierre vs. Jake Shields,http://ufcstats.com/fight-details/9c3c0818f0c32768
1608,173,Jose Aldo vs. Mark Hominick,http://ufcstats.com/fight-details/12b94f0229c30ead
1607,173,Lyoto Machida vs. Randy Couture,http://ufcstats.com/fight-details/f0e299c134cbac37
1606,173,Vladimir Matyushenko vs. Jason Brilz,http://ufcstats.com/fight-details/520de85f6d492264
1605,173,Benson Henderson vs. Mark Bocek,http://ufcstats.com/fight-details/eb8e4c57d131fb46
1604,173,Rory MacDonald vs. Nate Diaz,http://ufcstats.com/fight-details/6f0dc5319bf900dc
1603,173,Jake Ellenberger vs. Sean Pierson,http://ufcstats.com/fight-details/81ec228bf7af0fc1
1602,173,Claude Patrick vs. Daniel Roberts,http://ufcstats.com/fight-details/eb6a55ee772dd722
1601,173,Ivan Menjivar vs. Charlie Valencia,http://ufcstats.com/fight-details/6d83de8d54f75ffc
1600,173,Jason MacDonald vs. Ryan Jensen,http://ufcstats.com/fight-details/5aef2af22f5f2fbd
1599,173,John Makdessi vs. Kyle Watson,http://ufcstats.com/fight-details/6d3655c731347f94
1598,173,Pablo Garza vs. Yves Jabouin,http://ufcstats.com/fight-details/8348ff428d1687ab
1597,172,Phil Davis vs. Rogerio Nogueira,http://ufcstats.com/fight-details/28b405fe1552ccad
1596,172,Anthony Johnson vs. Dan Hardy,http://ufcstats.com/fight-details/60f3232bc7a73b15
1595,172,Amir Sadollah vs. DaMarques Johnson,http://ufcstats.com/fight-details/de78bdd8c734e8ab
1594,172,Chan Sung Jung vs. Leonard Garcia,http://ufcstats.com/fight-details/bb70048e290f4a86
1593,172,Mike Russow vs. Jon Madsen,http://ufcstats.com/fight-details/70e78fcf793bc82b
1592,172,Mackens Semerzier vs. Alex Caceres,http://ufcstats.com/fight-details/28f57f60a46654f6
1591,172,John Hathaway vs. Kris McCray,http://ufcstats.com/fight-details/60d27c73e4a20318
1590,172,Michael McDonald vs. Edwin Figueroa,http://ufcstats.com/fight-details/c67473192bda50d8
1589,172,Christian Morecraft vs. Sean McCorkle,http://ufcstats.com/fight-details/774f7eed6b0180be
1588,172,Johny Hendricks vs. TJ Waldburger,http://ufcstats.com/fight-details/a1f4a5fcef50915b
1587,172,Aaron Simpson vs. Mario Miranda,http://ufcstats.com/fight-details/89d39663ff1b890e
1586,172,Nik Lentz vs. Waylon Lowe,http://ufcstats.com/fight-details/04d97700dbdaef5e
1585,171,Jon Jones vs. Mauricio Rua,http://ufcstats.com/fight-details/dc2a3aeac1441991
1584,171,Urijah Faber vs. Eddie Wineland,http://ufcstats.com/fight-details/dd3ea525fe1898f1
1583,171,Jim Miller vs. Kamal Shalorus,http://ufcstats.com/fight-details/2a28ce0035468735
1582,171,Nate Marquardt vs. Dan Miller,http://ufcstats.com/fight-details/376beb49aadb06d6
1581,171,Brendan Schaub vs. Mirko Filipovic,http://ufcstats.com/fight-details/077667e3aaf314db
1580,171,Luiz Cane vs. Eliot Marshall,http://ufcstats.com/fight-details/e1563825c36aad26
1579,171,Edson Barboza vs. Anthony Njokuani,http://ufcstats.com/fight-details/42e7cc48c31d8f29
1578,171,Mike Pyle vs. Ricardo Almeida,http://ufcstats.com/fight-details/a8cf22bc7d05c0a1
1577,171,Gleison Tibau vs. Kurt Pellegrino,http://ufcstats.com/fight-details/e595cb4bfc26193b
1576,171,Joseph Benavidez vs. Ian Loveland,http://ufcstats.com/fight-details/04193f1fff93ddb1
1575,171,Nick Catone vs. Constantinos Philippou,http://ufcstats.com/fight-details/560cec2acc9b0a13
1574,171,Erik Koch vs. Raphael Assuncao,http://ufcstats.com/fight-details/18b31990d1808419
1573,170,Diego Sanchez vs. Martin Kampmann,http://ufcstats.com/fight-details/42536a8cf2eda678
1572,170,Mark Munoz vs. CB Dollaway,http://ufcstats.com/fight-details/08602f790f09d949
1571,170,Chris Weidman vs. Alessio Sakara,http://ufcstats.com/fight-details/4186686dbd9957cd
1570,170,Brian Bowles vs. Damacio Page,http://ufcstats.com/fight-details/f06030bf27ebe337
1569,170,Cyrille Diabate vs. Steve Cantwell,http://ufcstats.com/fight-details/67afd8e69820ffa0
1568,170,Danny Castillo vs. Joe Stevenson,http://ufcstats.com/fight-details/bbbb4c62c35f5390
1567,170,Shane Roller vs. Thiago Tavares,http://ufcstats.com/fight-details/16b0e962beb6d15e
1566,170,Takeya Mizugaki vs. Reuben Duran,http://ufcstats.com/fight-details/d59b40be94d5a609
1565,170,Dongi Yang vs. Rob Kimmons,http://ufcstats.com/fight-details/de2513c984996c8c
1564,170,Rousimar Palhares vs. David Branch,http://ufcstats.com/fight-details/1fa6d636d283ac84
1563,170,Igor Pokrajac vs. Todd Brown,http://ufcstats.com/fight-details/3ce9e07f51239edd
1562,169,BJ Penn vs. Jon Fitch,http://ufcstats.com/fight-details/f825e17e7a1332cd
1561,169,Michael Bisping vs. Jorge Rivera,http://ufcstats.com/fight-details/0f461c4ddf70eff9
1560,169,Dennis Siver vs. George Sotiropoulos,http://ufcstats.com/fight-details/2dd864ec1a1a4031
1559,169,Brian Ebersole vs. Chris Lytle,http://ufcstats.com/fight-details/d5e7fe1f5035505c
1558,169,Kyle Noke vs. Chris Camozzi,http://ufcstats.com/fight-details/76e6177c401f2176
1557,169,Ross Pearson vs. Spencer Fisher,http://ufcstats.com/fight-details/72372c31dee3cadc
1556,169,Alexander Gustafsson vs. James Te Huna,http://ufcstats.com/fight-details/fec8b9760d6bb235
1555,169,Nick Ring vs. Riki Fukuda,http://ufcstats.com/fight-details/ae07b35f2797242e
1554,169,Anthony Perosh vs. Tom Blackledge,http://ufcstats.com/fight-details/e4b5f0358ce7bad4
1553,169,Zhang Tiequan vs. Jason Reinhardt,http://ufcstats.com/fight-details/5b6796a9194d339b
1552,169,Mark Hunt vs. Chris Tuchscherer,http://ufcstats.com/fight-details/6ac1478baeddaae8
1551,169,Curt Warburton vs. Maciej Jewtuszko,http://ufcstats.com/fight-details/062816ff1b591bbb
1550,168,Anderson Silva vs. Vitor Belfort,http://ufcstats.com/fight-details/87c73e2086214b5c
1549,168,Forrest Griffin vs. Rich Franklin,http://ufcstats.com/fight-details/d2246624da1c4e38
1548,168,Jon Jones vs. Ryan Bader,http://ufcstats.com/fight-details/65ce293c20bd25e2
1547,168,Jake Ellenberger vs. Carlos Eduardo Rocha,http://ufcstats.com/fight-details/d1cda3a0c148b725
1546,168,Miguel Torres vs. Antonio Banuelos,http://ufcstats.com/fight-details/ce6f4d06fe5b51f3
1545,168,Donald Cerrone vs. Paul Kelly,http://ufcstats.com/fight-details/6b7033df94818cee
1544,168,Chad Mendes vs. Michihiro Omigawa,http://ufcstats.com/fight-details/ae3ab5d1892153ef
1543,168,Demetrious Johnson vs. Norifumi Yamamoto,http://ufcstats.com/fight-details/20aa994cd23074b9
1542,168,Paul Taylor vs. Gabe Ruediger,http://ufcstats.com/fight-details/95f136c07f9834be
1541,168,Kyle Kingsbury vs. Ricardo Romero,http://ufcstats.com/fight-details/c1843fa8f113d321
1540,168,Mike Pierce vs. Kenny Robertson,http://ufcstats.com/fight-details/791b8b3a475487e9
1539,167,Melvin Guillard vs. Evan Dunham,http://ufcstats.com/fight-details/6963c65b49e47277
1538,167,Matt Mitrione vs. Tim Hague,http://ufcstats.com/fight-details/a60ba933a7ea898e
1537,167,Mark Hominick vs. George Roop,http://ufcstats.com/fight-details/9a71dc94152a76ac
1536,167,Pat Barry vs. Joey Beltran,http://ufcstats.com/fight-details/4abf375aa97364f6
1535,167,Matt Wiman vs. Cole Miller,http://ufcstats.com/fight-details/dc58af0c02a42743
1534,167,Yves Edwards vs. Cody McKenzie,http://ufcstats.com/fight-details/ab8b506dd2277da3
1533,167,DaMarques Johnson vs. Mike Guymon,http://ufcstats.com/fight-details/a245b4d0a7861fb8
1532,167,Rani Yahya vs. Mike Brown,http://ufcstats.com/fight-details/ba5b23e7ef308883
1531,167,Waylon Lowe vs. Willamy Freire,http://ufcstats.com/fight-details/dbfac95047e7b33a
1530,167,Charlie Brenneman vs. Amilcar Alves,http://ufcstats.com/fight-details/986bc0ce25dac848
1529,167,Chris Cariaso vs. Will Campuzano,http://ufcstats.com/fight-details/89cb6801b51f2216
1528,166,Frankie Edgar vs. Gray Maynard,http://ufcstats.com/fight-details/91bb64656e13a1d4
1527,166,Brian Stann vs. Chris Leben,http://ufcstats.com/fight-details/075be81e3f92c2bf
1526,166,Brandon Vera vs. Thiago Silva,http://ufcstats.com/fight-details/65b4d4be2d04bb34
1525,166,Dong Hyun Kim vs. Nate Diaz,http://ufcstats.com/fight-details/de7eec13356baebe
1524,166,Clay Guida vs. Takanori Gomi,http://ufcstats.com/fight-details/f327f8e59acfab1b
1523,166,Jeremy Stephens vs. Marcus Davis,http://ufcstats.com/fight-details/df42fd9af4740d24
1522,166,Dustin Poirier vs. Josh Grispi,http://ufcstats.com/fight-details/b13e3620949300c5
1521,166,Brad Tavares vs. Phil Baroni,http://ufcstats.com/fight-details/fbc7d73f7bf60b9c
1520,166,Diego Nunes vs. Mike Brown,http://ufcstats.com/fight-details/965989097794b22b
1519,166,Daniel Roberts vs. Greg Soto,http://ufcstats.com/fight-details/33c8395139de7551
1518,166,Jacob Volkmann vs. Antonio McKee,http://ufcstats.com/fight-details/e7ace0544d5ab596
1517,165,Georges St-Pierre vs. Josh Koscheck,http://ufcstats.com/fight-details/e87b5c403533b057
1516,165,Stefan Struve vs. Sean McCorkle,http://ufcstats.com/fight-details/ed6a02c8dcc6f922
1515,165,Jim Miller vs. Charles Oliveira,http://ufcstats.com/fight-details/77785292d4df807c
1514,165,Mac Danzig vs. Joe Stevenson,http://ufcstats.com/fight-details/ecc41acbd699812a
1513,165,Thiago Alves vs. John Howard,http://ufcstats.com/fight-details/f0d86420d88ca27b
1512,165,Dan Miller vs. Joe Doerksen,http://ufcstats.com/fight-details/ecc80630494d402a
1511,165,Mark Bocek vs. Dustin Hazelett,http://ufcstats.com/fight-details/94a3e3df3d28d8f0
1510,165,Jesse Bongfeldt vs. Rafael Natal,http://ufcstats.com/fight-details/1de579eecc094c8b
1509,165,Sean Pierson vs. Matthew Riddle,http://ufcstats.com/fight-details/37d988593cb5f14a
1508,165,Ricardo Almeida vs. TJ Grant,http://ufcstats.com/fight-details/42a361f33cbb8d6f
1507,165,John Makdessi vs. Pat Audinwood,http://ufcstats.com/fight-details/c4bbae7615545c85
1506,164,Jonathan Brookins vs. Michael Johnson,http://ufcstats.com/fight-details/dca2a0eb4cd3deac
1505,164,Stephan Bonnar vs. Igor Pokrajac,http://ufcstats.com/fight-details/a2be3b3f9739d0af
1504,164,Demian Maia vs. Kendall Grove,http://ufcstats.com/fight-details/dee976dde74e7e05
1503,164,Rick Story vs. Johny Hendricks,http://ufcstats.com/fight-details/dca074896265f816
1502,164,Leonard Garcia vs. Nam Phan,http://ufcstats.com/fight-details/6e574bd614afffd9
1501,164,Cody McKenzie vs. Aaron Wilkinson,http://ufcstats.com/fight-details/f5686732b85adafc
1500,164,Ian Loveland vs. Tyler Toner,http://ufcstats.com/fight-details/ee85a66d86490f83
1499,164,Kyle Watson vs. Sako Chivitchian,http://ufcstats.com/fight-details/a1b035662f43aae2
1498,164,Nick Pace vs. Will Campuzano,http://ufcstats.com/fight-details/d2287a9cfb6b9b07
1497,164,Pablo Garza vs. Fredson Paixao,http://ufcstats.com/fight-details/7206d0aa1d53e518
1496,164,David Branch vs. Rich Attonito,http://ufcstats.com/fight-details/3d16f99de58b9d0e
1495,163,Quinton Jackson vs. Lyoto Machida,http://ufcstats.com/fight-details/47b690fb54f2eaf9
1494,163,BJ Penn vs. Matt Hughes,http://ufcstats.com/fight-details/552973c278f08fbb
1493,163,Maiquel Falcao vs. Gerald Harris,http://ufcstats.com/fight-details/256aacb8cb2c4289
1492,163,Phil Davis vs. Tim Boetsch,http://ufcstats.com/fight-details/71bcafd04decc8ce
1491,163,George Sotiropoulos vs. Joe Lauzon,http://ufcstats.com/fight-details/3e0301367e511512
1490,163,Brian Foster vs. Matt Brown,http://ufcstats.com/fight-details/15cae38f1326adfb
1489,163,Mark Munoz vs. Aaron Simpson,http://ufcstats.com/fight-details/8d886fba9328269c
1488,163,Dennis Hallman vs. Karo Parisyan,http://ufcstats.com/fight-details/0ed093f6aaab94d3
1487,163,Edson Barboza vs. Mike Lullo,http://ufcstats.com/fight-details/8b87b341bcd130ee
1486,163,Paul Kelly vs. TJ O'Brien,http://ufcstats.com/fight-details/e76c3346ad9be24a
1485,163,Nik Lentz vs. Tyson Griffin,http://ufcstats.com/fight-details/83ea3c36a6f91cb8
1484,162,Yushin Okami vs. Nate Marquardt,http://ufcstats.com/fight-details/fdb7377a34603e47
1483,162,Dennis Siver vs. Andre Winner,http://ufcstats.com/fight-details/6a32cabbcd9b1e42
1482,162,Amir Sadollah vs. Peter Sobotta,http://ufcstats.com/fight-details/82ad4eb50b3d7bd0
1481,162,Krzysztof Soszynski vs. Goran Reljic,http://ufcstats.com/fight-details/5e3f46e6f46d5a90
1480,162,Duane Ludwig vs. Nick Osipczak,http://ufcstats.com/fight-details/68b3222e977a6a11
1479,162,Vladimir Matyushenko vs. Alexandre Ferreira,http://ufcstats.com/fight-details/2a9755f4d43f3e2f
1478,162,Pascal Krauss vs. Mark Scanlon,http://ufcstats.com/fight-details/d2ce61c578e67067
1477,162,Kyle Noke vs. Rob Kimmons,http://ufcstats.com/fight-details/0a5d29e380f1e3e0
1476,162,Karlos Vemola vs. Seth Petruzelli,http://ufcstats.com/fight-details/ebf204638524c377
1475,162,Carlos Eduardo Rocha vs. Kris McCray,http://ufcstats.com/fight-details/d87755257628de36
1474,161,Cain Velasquez vs. Brock Lesnar,http://ufcstats.com/fight-details/8f301d4eb8e97449
1473,161,Jake Shields vs. Martin Kampmann,http://ufcstats.com/fight-details/1a0b90c661fd603e
1472,161,Diego Sanchez vs. Paulo Thiago,http://ufcstats.com/fight-details/635763ab6b5f0bf0
1471,161,Matt Hamill vs. Tito Ortiz,http://ufcstats.com/fight-details/ec618a1214d4b171
1470,161,Brendan Schaub vs. Gabriel Gonzaga,http://ufcstats.com/fight-details/8787d56f59bfb4c3
1469,161,Court McGee vs. Ryan Jensen,http://ufcstats.com/fight-details/46c74829fb4c2dd5
1468,161,Tom Lawlor vs. Patrick Cote,http://ufcstats.com/fight-details/704e1351a64581ed
1467,161,Daniel Roberts vs. Mike Guymon,http://ufcstats.com/fight-details/f7e5e9fdcbff28b3
1466,161,Sam Stout vs. Paul Taylor,http://ufcstats.com/fight-details/95ca100d6bf829b2
1465,161,Chris Camozzi vs. Dongi Yang,http://ufcstats.com/fight-details/f817a161eb72e685
1464,161,Jon Madsen vs. Gilbert Yvel,http://ufcstats.com/fight-details/9c354bd6ea1bf25a
1463,160,Michael Bisping vs. Yoshihiro Akiyama,http://ufcstats.com/fight-details/ab341b7bb01cdc89
1462,160,Carlos Condit vs. Dan Hardy,http://ufcstats.com/fight-details/9984333d8933dd58
1461,160,Mike Pyle vs. John Hathaway,http://ufcstats.com/fight-details/a829493aa8d25e3c
1460,160,Cheick Kongo vs. Travis Browne,http://ufcstats.com/fight-details/00ecb8ea731e64d6
1459,160,Claude Patrick vs. James Wilks,http://ufcstats.com/fight-details/2037295b161c8269
1458,160,Alexander Gustafsson vs. Cyrille Diabate,http://ufcstats.com/fight-details/5014298453caf116
1457,160,Rob Broughton vs. Vinicius Queiroz,http://ufcstats.com/fight-details/9f2e58bf880157b2
1456,160,Paul Sass vs. Mark Holst,http://ufcstats.com/fight-details/676f5091ce2c3c90
1455,160,Spencer Fisher vs. Curt Warburton,http://ufcstats.com/fight-details/62d4a918256c83e8
1454,160,Fabio Maldonado vs. James McSweeney,http://ufcstats.com/fight-details/8c8d46d89bf899e8
1453,159,Frank Mir vs. Mirko Filipovic,http://ufcstats.com/fight-details/301b145c186635de
1452,159,Ryan Bader vs. Rogerio Nogueira,http://ufcstats.com/fight-details/7e3679992f2c6ff6
1451,159,Chris Lytle vs. Matt Serra,http://ufcstats.com/fight-details/5b986cd7289a0884
1450,159,Sean Sherk vs. Evan Dunham,http://ufcstats.com/fight-details/81b5e933186a685a
1449,159,Melvin Guillard vs. Jeremy Stephens,http://ufcstats.com/fight-details/8e2e14693e04bf45
1448,159,CB Dollaway vs. Joe Doerksen,http://ufcstats.com/fight-details/1733594124569598
1447,159,Matt Mitrione vs. Joey Beltran,http://ufcstats.com/fight-details/b2717e8f7e7a196f
1446,159,Thiago Tavares vs. Pat Audinwood,http://ufcstats.com/fight-details/c22d25f1febd8d09
1445,159,Waylon Lowe vs. Steve Lopez,http://ufcstats.com/fight-details/b30bb2ba5b68a180
1444,159,TJ Grant vs. Julio Paulino,http://ufcstats.com/fight-details/a8b22e990cba6144
1443,159,Sean McCorkle vs. Mark Hunt,http://ufcstats.com/fight-details/bd057764cb51f065
1442,158,Nate Marquardt vs. Rousimar Palhares,http://ufcstats.com/fight-details/48db60440ead6f6d
1441,158,Charles Oliveira vs. Efrain Escudero,http://ufcstats.com/fight-details/a24121c70f773fe2
1440,158,Jim Miller vs. Gleison Tibau,http://ufcstats.com/fight-details/108140213049e629
1439,158,Cole Miller vs. Ross Pearson,http://ufcstats.com/fight-details/2aeba1cc4004d0bc
1438,158,Yves Edwards vs. John Gunderson,http://ufcstats.com/fight-details/25137d9cc8b47f57
1437,158,Kyle Kingsbury vs. Jared Hamman,http://ufcstats.com/fight-details/b972f998103731da
1436,158,David Branch vs. Tomasz Drwal,http://ufcstats.com/fight-details/2f2ac4c08e763d38
1435,158,Rich Attonito vs. Rafael Natal,http://ufcstats.com/fight-details/f1ffe3ba615ad7b9
1434,158,TJ Waldburger vs. David Mitchell,http://ufcstats.com/fight-details/a4bc92bfe82d0547
1433,158,Brian Foster vs. Forrest Petz,http://ufcstats.com/fight-details/88ef809a0fde3900
1432,157,Frankie Edgar vs. BJ Penn,http://ufcstats.com/fight-details/3d38022fdcb3b5c9
1431,157,Randy Couture vs. James Toney,http://ufcstats.com/fight-details/bec66de67818a9b1
1430,157,Demian Maia vs. Mario Miranda,http://ufcstats.com/fight-details/4bb7363bb03628f6
1429,157,Gray Maynard vs. Kenny Florian,http://ufcstats.com/fight-details/f484290346cfcf73
1428,157,Nate Diaz vs. Marcus Davis,http://ufcstats.com/fight-details/17a8fbfbe8d32258
1427,157,Joe Lauzon vs. Gabe Ruediger,http://ufcstats.com/fight-details/a5962421d687de8f
1426,157,Nik Lentz vs. Andre Winner,http://ufcstats.com/fight-details/65290fc5216c2a73
1425,157,Dan Miller vs. John Salter,http://ufcstats.com/fight-details/18cfc2f58d20c0f2
1424,157,Greg Soto vs. Nick Osipczak,http://ufcstats.com/fight-details/dacca5ea6be14d08
1423,157,Mike Pierce vs. Amilcar Alves,http://ufcstats.com/fight-details/9443197a9e0a22a2
1422,156,Anderson Silva vs. Chael Sonnen,http://ufcstats.com/fight-details/bcab3ebdc21b0b64
1421,156,Jon Fitch vs. Thiago Alves,http://ufcstats.com/fight-details/c92c53954903554a
1420,156,Clay Guida vs. Rafael Dos Anjos,http://ufcstats.com/fight-details/3559cab3329e5431
1419,156,Matt Hughes vs. Ricardo Almeida,http://ufcstats.com/fight-details/10fd87a88178aedd
1418,156,Junior Dos Santos vs. Roy Nelson,http://ufcstats.com/fight-details/241a307a9c3d9a21
1417,156,Rick Story vs. Dustin Hazelett,http://ufcstats.com/fight-details/57d481c10c842ba2
1416,156,Phil Davis vs. Rodney Wallace,http://ufcstats.com/fight-details/10e35a0667d39086
1415,156,Johny Hendricks vs. Charlie Brenneman,http://ufcstats.com/fight-details/2592954ad51764b0
1414,156,Tim Boetsch vs. Todd Brown,http://ufcstats.com/fight-details/0072df705378477c
1413,156,Stefan Struve vs. Christian Morecraft,http://ufcstats.com/fight-details/55e12d44e9e524cf
1412,156,Dennis Hallman vs. Ben Saunders,http://ufcstats.com/fight-details/951d11f8684ed734
1411,155,Jon Jones vs. Vladimir Matyushenko,http://ufcstats.com/fight-details/7949430ebc47f31b
1410,155,Yushin Okami vs. Mark Munoz,http://ufcstats.com/fight-details/743f9df5bdfbcb95
1409,155,Jake Ellenberger vs. John Howard,http://ufcstats.com/fight-details/c0dc7511452ed0f8
1408,155,Takanori Gomi vs. Tyson Griffin,http://ufcstats.com/fight-details/a01524699dfa3526
1407,155,Jacob Volkmann vs. Paul Kelly,http://ufcstats.com/fight-details/71cb15f6dbdaccd8
1406,155,Matthew Riddle vs. DaMarques Johnson,http://ufcstats.com/fight-details/860954fbe26b867a
1405,155,Igor Pokrajac vs. James Irvin,http://ufcstats.com/fight-details/26800d759ba50371
1404,155,Brian Stann vs. Mike Massenzio,http://ufcstats.com/fight-details/a3902e22c10725c4
1403,155,Charles Oliveira vs. Darren Elkins,http://ufcstats.com/fight-details/db1c5b5a710fbdb0
1402,155,Rob Kimmons vs. Steve Steinbeiss,http://ufcstats.com/fight-details/92dea6ff8f0c1b10
1401,154,Brock Lesnar vs. Shane Carwin,http://ufcstats.com/fight-details/d9c61052035c9b69
1400,154,Chris Leben vs. Yoshihiro Akiyama,http://ufcstats.com/fight-details/049659c5a58ebb61
1399,154,Chris Lytle vs. Matt Brown,http://ufcstats.com/fight-details/4c5a2a3cf2bea222
1398,154,Stephan Bonnar vs. Krzysztof Soszynski,http://ufcstats.com/fight-details/536c26ef4da9ace7
1397,154,George Sotiropoulos vs. Kurt Pellegrino,http://ufcstats.com/fight-details/b5608e83faac1387
1396,154,Brendan Schaub vs. Chris Tuchscherer,http://ufcstats.com/fight-details/07ba406a1d0a5a71
1395,154,Ricardo Romero vs. Seth Petruzelli,http://ufcstats.com/fight-details/20d28c177a7d43a4
1394,154,Kendall Grove vs. Goran Reljic,http://ufcstats.com/fight-details/16cab4b91e2c8881
1393,154,Gerald Harris vs. David Branch,http://ufcstats.com/fight-details/458e6de1b9ef3500
1392,154,Daniel Roberts vs. Forrest Petz,http://ufcstats.com/fight-details/bb7df9a9c9a69914
1391,154,Jon Madsen vs. Karlos Vemola,http://ufcstats.com/fight-details/6e62908d6639dcdb
1390,153,Court McGee vs. Kris McCray,http://ufcstats.com/fight-details/8c082a3c69e2d192
1389,153,Matt Hamill vs. Keith Jardine,http://ufcstats.com/fight-details/13fa791f0772250c
1388,153,Chris Leben vs. Aaron Simpson,http://ufcstats.com/fight-details/a754766050409638
1387,153,Dennis Siver vs. Spencer Fisher,http://ufcstats.com/fight-details/9b38456520395242
1386,153,Rich Attonito vs. Jamie Yager,http://ufcstats.com/fight-details/256c9a39386f94a9
1385,153,John Gunderson vs. Mark Holst,http://ufcstats.com/fight-details/76ca3d1cefd6945a
1384,153,Brad Tavares vs. Seth Baczynski,http://ufcstats.com/fight-details/3eb829eb77256ac0
1383,153,Kyle Noke vs. Josh Bryant,http://ufcstats.com/fight-details/3657196c2f624138
1382,153,Chris Camozzi vs. James Hammortree,http://ufcstats.com/fight-details/c3e49cc87bd262c8
1381,153,Travis Browne vs. James McSweeney,http://ufcstats.com/fight-details/a9da6a31229b136c
1380,152,Rich Franklin vs. Chuck Liddell,http://ufcstats.com/fight-details/8c3179f0fd62af14
1379,152,Mirko Filipovic vs. Pat Barry,http://ufcstats.com/fight-details/9ae6a6f0f0730fa1
1378,152,Martin Kampmann vs. Paulo Thiago,http://ufcstats.com/fight-details/11774c581b818e30
1377,152,Ben Rothwell vs. Gilbert Yvel,http://ufcstats.com/fight-details/dd7920cac66bed25
1376,152,Carlos Condit vs. Rory MacDonald,http://ufcstats.com/fight-details/0031c043c9f14eb8
1375,152,Evan Dunham vs. Tyson Griffin,http://ufcstats.com/fight-details/72d69e969eda8679
1374,152,Matt Wiman vs. Mac Danzig,http://ufcstats.com/fight-details/c40fd062610d4e61
1373,152,Mario Miranda vs. David Loiseau,http://ufcstats.com/fight-details/37e2f89510cc0bba
1372,152,James Wilks vs. Peter Sobotta,http://ufcstats.com/fight-details/e7cb3f5cb39c33e6
1371,152,Claude Patrick vs. Ricardo Funch,http://ufcstats.com/fight-details/ab7934f39038ab27
1370,152,Mike Pyle vs. Jesse Lennox,http://ufcstats.com/fight-details/fcac56089f65d04e
1369,151,Rashad Evans vs. Quinton Jackson,http://ufcstats.com/fight-details/3046c0d0208a65f1
1368,151,Michael Bisping vs. Dan Miller,http://ufcstats.com/fight-details/f89589236dc3cbd7
1367,151,Mike Russow vs. Todd Duffee,http://ufcstats.com/fight-details/094a77eecd56a27a
1366,151,Rogerio Nogueira vs. Jason Brilz,http://ufcstats.com/fight-details/26025a42e011229f
1365,151,John Hathaway vs. Diego Sanchez,http://ufcstats.com/fight-details/7f35ce1469dab556
1364,151,Dong Hyun Kim vs. Amir Sadollah,http://ufcstats.com/fight-details/96f51af6a93b94c6
1363,151,Efrain Escudero vs. Dan Lauzon,http://ufcstats.com/fight-details/3832958c913305f0
1362,151,Melvin Guillard vs. Waylon Lowe,http://ufcstats.com/fight-details/655a110a0bd2ea42
1361,151,Cyrille Diabate vs. Luiz Cane,http://ufcstats.com/fight-details/8ba089858a7d647b
1360,151,Aaron Riley vs. Joe Brammer,http://ufcstats.com/fight-details/6190569c372725bf
1359,151,Ryan Jensen vs. Jesse Forbes,http://ufcstats.com/fight-details/5000a0bde6213fd9
1358,150,Mauricio Rua vs. Lyoto Machida,http://ufcstats.com/fight-details/1572dbb2433d2201
1357,150,Josh Koscheck vs. Paul Daley,http://ufcstats.com/fight-details/bb58aad30b58b1e4
1356,150,Jeremy Stephens vs. Sam Stout,http://ufcstats.com/fight-details/fc2badbeebf85ebf
1355,150,Matt Mitrione vs. Kevin Ferguson,http://ufcstats.com/fight-details/19425b506594d5c7
1354,150,Alan Belcher vs. Patrick Cote,http://ufcstats.com/fight-details/44adac5d05f7e883
1353,150,Joe Doerksen vs. Tom Lawlor,http://ufcstats.com/fight-details/351dccf63078a20e
1352,150,Marcus Davis vs. Jonathan Goulet,http://ufcstats.com/fight-details/59f77a6ecd041dff
1351,150,Johny Hendricks vs. TJ Grant,http://ufcstats.com/fight-details/e3846855a38f0bce
1350,150,Joey Beltran vs. Tim Hague,http://ufcstats.com/fight-details/d4415f08ba3e017e
1349,150,Mike Guymon vs. Yoshiyuki Yoshida,http://ufcstats.com/fight-details/189d14e4e1602c48
1348,150,John Salter vs. Jason MacDonald,http://ufcstats.com/fight-details/c795c4b7beb89bee
1347,149,Anderson Silva vs. Demian Maia,http://ufcstats.com/fight-details/63f744d672fbb8b4
1346,149,Frankie Edgar vs. BJ Penn,http://ufcstats.com/fight-details/29c9e57b23116aa2
1345,149,Matt Hughes vs. Renzo Gracie,http://ufcstats.com/fight-details/5a6861ca6d7fd021
1344,149,Rafael Dos Anjos vs. Terry Etim,http://ufcstats.com/fight-details/38ea5a7a5b4932cb
1343,149,Mark Munoz vs. Kendall Grove,http://ufcstats.com/fight-details/354a92ca4fd824a1
1342,149,Phil Davis vs. Alexander Gustafsson,http://ufcstats.com/fight-details/e1f77d40503e5259
1341,149,Rick Story vs. Nick Osipczak,http://ufcstats.com/fight-details/3a1d4016452477f5
1340,149,DaMarques Johnson vs. Brad Blackburn,http://ufcstats.com/fight-details/867904bc58d656df
1339,149,Paul Kelly vs. Matt Veach,http://ufcstats.com/fight-details/a2e7273a95d5db4a
1338,149,Jon Madsen vs. Mostapha Al-Turk,http://ufcstats.com/fight-details/2fec2ba8ea346a3a
1337,148,Kenny Florian vs. Takanori Gomi,http://ufcstats.com/fight-details/8d986c9ee38daf19
1336,148,Roy Nelson vs. Stefan Struve,http://ufcstats.com/fight-details/17cda9957f96883f
1335,148,Jorge Rivera vs. Nate Quarry,http://ufcstats.com/fight-details/516868e246064e2b
1334,148,Ross Pearson vs. Dennis Siver,http://ufcstats.com/fight-details/2328c7832a356a6d
1333,148,Andre Winner vs. Rafaello Oliveira,http://ufcstats.com/fight-details/eeb8b25df8543e0f
1332,148,Jacob Volkmann vs. Ronys Torres,http://ufcstats.com/fight-details/c16403197580e0af
1331,148,Nik Lentz vs. Rob Emerson,http://ufcstats.com/fight-details/b32acf1c70321321
1330,148,Gleison Tibau vs. Caol Uno,http://ufcstats.com/fight-details/2e8217f029c25a3a
1329,148,Yushin Okami vs. Lucio Linhares,http://ufcstats.com/fight-details/713c9b6d0abe5cfc
1328,148,Gerald Harris vs. Mario Miranda,http://ufcstats.com/fight-details/9eaea5e0165802d0
1327,148,Charlie Brenneman vs. Jason High,http://ufcstats.com/fight-details/8afb878a0900372e
1326,147,Georges St-Pierre vs. Dan Hardy,http://ufcstats.com/fight-details/d0e4876ab954d27d
1325,147,Shane Carwin vs. Frank Mir,http://ufcstats.com/fight-details/5755a68d39867abc
1324,147,Kurt Pellegrino vs. Fabricio Camoes,http://ufcstats.com/fight-details/e74e3c2a96fa9c55
1323,147,Jon Fitch vs. Ben Saunders,http://ufcstats.com/fight-details/d89e004e3992c5a4
1322,147,Jim Miller vs. Mark Bocek,http://ufcstats.com/fight-details/3b8e793ed8151a51
1321,147,Nate Diaz vs. Rory Markham,http://ufcstats.com/fight-details/0ae251dd5c0b5304
1320,147,Ricardo Almeida vs. Matt Brown,http://ufcstats.com/fight-details/103b36a1b9d98102
1319,147,Rousimar Palhares vs. Tomasz Drwal,http://ufcstats.com/fight-details/828776734a528b62
1318,147,Jared Hamman vs. Rodney Wallace,http://ufcstats.com/fight-details/4be101dd6883d9bb
1317,147,Matthew Riddle vs. Greg Soto,http://ufcstats.com/fight-details/2059fd17f2ff4e4a
1316,146,Jon Jones vs. Brandon Vera,http://ufcstats.com/fight-details/43f0495855470427
1315,146,Junior Dos Santos vs. Gabriel Gonzaga,http://ufcstats.com/fight-details/7aa7b0c5706a0492
1314,146,Cheick Kongo vs. Paul Buentello,http://ufcstats.com/fight-details/d215c4e6dc1346ae
1313,146,Alessio Sakara vs. James Irvin,http://ufcstats.com/fight-details/275c22a93bdd84d8
1312,146,Clay Guida vs. Shannon Gugerty,http://ufcstats.com/fight-details/9368a80ba62d87e2
1311,146,Vladimir Matyushenko vs. Eliot Marshall,http://ufcstats.com/fight-details/2270b89b17067838
1310,146,Darren Elkins vs. Duane Ludwig,http://ufcstats.com/fight-details/f63a647b74359194
1309,146,John Howard vs. Daniel Roberts,http://ufcstats.com/fight-details/eb62bfcd3d96a182
1308,146,Brendan Schaub vs. Chase Gormley,http://ufcstats.com/fight-details/dd56acbfb08aa6b2
1307,146,Mike Pierce vs. Julio Paulino,http://ufcstats.com/fight-details/a41be337367884e6
1306,146,Jason Brilz vs. Eric Schafer,http://ufcstats.com/fight-details/9f6f356a56e4fe6f
1305,145,Cain Velasquez vs. Antonio Rodrigo Nogueira,http://ufcstats.com/fight-details/ca93e3f69fa3d725
1304,145,Wanderlei Silva vs. Michael Bisping,http://ufcstats.com/fight-details/241a722f3b042c59
1303,145,George Sotiropoulos vs. Joe Stevenson,http://ufcstats.com/fight-details/b4d624bdc27dff83
1302,145,Ryan Bader vs. Keith Jardine,http://ufcstats.com/fight-details/aefca2869c87eb11
1301,145,Mirko Filipovic vs. Anthony Perosh,http://ufcstats.com/fight-details/e716f8079c60bc66
1300,145,Krzysztof Soszynski vs. Stephan Bonnar,http://ufcstats.com/fight-details/0ea087a71863184d
1299,145,Chris Lytle vs. Brian Foster,http://ufcstats.com/fight-details/3b0258eb19d66f8f
1298,145,CB Dollaway vs. Goran Reljic,http://ufcstats.com/fight-details/e892b4a03304f2a4
1297,145,James Te Huna vs. Igor Pokrajac,http://ufcstats.com/fight-details/46a7cb6937144ba2
1296,144,Randy Couture vs. Mark Coleman,http://ufcstats.com/fight-details/f92e8d6c96306013
1295,144,Chael Sonnen vs. Nate Marquardt,http://ufcstats.com/fight-details/b091e021e61f1950
1294,144,Paulo Thiago vs. Mike Swick,http://ufcstats.com/fight-details/5e52b0bf9719f0ae
1293,144,Demian Maia vs. Dan Miller,http://ufcstats.com/fight-details/83a7cc0b0de904b9
1292,144,Matt Serra vs. Frank Trigg,http://ufcstats.com/fight-details/2bf24d9c33bb4d49
1291,144,Mac Danzig vs. Justin Buchholz,http://ufcstats.com/fight-details/1fc065e1d3243594
1290,144,Melvin Guillard vs. Ronys Torres,http://ufcstats.com/fight-details/fb9b03644f559604
1289,144,Rob Emerson vs. Phillipe Nover,http://ufcstats.com/fight-details/840863604b38a33f
1288,144,Phil Davis vs. Brian Stann,http://ufcstats.com/fight-details/adddc6e46da5ca19
1287,144,Chris Tuchscherer vs. Tim Hague,http://ufcstats.com/fight-details/20628fd4e19a97e4
1286,144,Joey Beltran vs. Rolles Gracie,http://ufcstats.com/fight-details/1a21263dc5d866b6
1285,143,Gray Maynard vs. Nate Diaz,http://ufcstats.com/fight-details/5355fd4a2598f679
1284,143,Evan Dunham vs. Efrain Escudero,http://ufcstats.com/fight-details/504b540805598fa5
1283,143,Aaron Simpson vs. Tom Lawlor,http://ufcstats.com/fight-details/be72958d9715757d
1282,143,Amir Sadollah vs. Brad Blackburn,http://ufcstats.com/fight-details/a570acbbcbbd151d
1281,143,Chris Leben vs. Jay Silva,http://ufcstats.com/fight-details/d5e0fd3eec76f7e1
1280,143,Rick Story vs. Jesse Lennox,http://ufcstats.com/fight-details/f4641db74fcb8ab7
1279,143,Thiago Tavares vs. Nik Lentz,http://ufcstats.com/fight-details/bad1f36202e2c7d7
1278,143,Rory MacDonald vs. Mike Guymon,http://ufcstats.com/fight-details/19f615a7a5cfd304
1277,143,Rafael Dos Anjos vs. Kyle Bradley,http://ufcstats.com/fight-details/c4fa93a4f37a6ca7
1276,143,Gerald Harris vs. John Salter,http://ufcstats.com/fight-details/db620510bbb3f0af
1275,143,Nick Catone vs. Jesse Forbes,http://ufcstats.com/fight-details/f338da998c4fdf53
1274,142,Rashad Evans vs. Thiago Silva,http://ufcstats.com/fight-details/57dca2ebe96ed622
1273,142,Paul Daley vs. Dustin Hazelett,http://ufcstats.com/fight-details/c99370e3e54bd5fd
1272,142,Sam Stout vs. Joe Lauzon,http://ufcstats.com/fight-details/d7f9a09021a9a13c
1271,142,Jim Miller vs. Duane Ludwig,http://ufcstats.com/fight-details/9d2c9d2249d4fe50
1270,142,Junior Dos Santos vs. Gilbert Yvel,http://ufcstats.com/fight-details/41e9da89f349b2bc
1269,142,Martin Kampmann vs. Jacob Volkmann,http://ufcstats.com/fight-details/78b928a602a81971
1268,142,Cole Miller vs. Dan Lauzon,http://ufcstats.com/fight-details/47245dd345d9ef7e
1267,142,Mark Munoz vs. Ryan Jensen,http://ufcstats.com/fight-details/0e05f54d8b66f317
1266,142,Jake Ellenberger vs. Mike Pyle,http://ufcstats.com/fight-details/24e14c4824144c64
1265,142,Rafaello Oliveira vs. John Gunderson,http://ufcstats.com/fight-details/0949caefc6735f9b
1264,141,BJ Penn vs. Diego Sanchez,http://ufcstats.com/fight-details/f6d078e9fe7d17c8
1263,141,Frank Mir vs. Cheick Kongo,http://ufcstats.com/fight-details/a9bc7915974b7d15
1262,141,Jon Fitch vs. Mike Pierce,http://ufcstats.com/fight-details/ccac56928fc2b40b
1261,141,Kenny Florian vs. Clay Guida,http://ufcstats.com/fight-details/9172138df0d70cb0
1260,141,Stefan Struve vs. Paul Buentello,http://ufcstats.com/fight-details/a29236fcb395f443
1259,141,Alan Belcher vs. Wilson Gouveia,http://ufcstats.com/fight-details/7f9a1b6d83d08c42
1258,141,Matt Wiman vs. Shane Nelson,http://ufcstats.com/fight-details/8e9f2b82a7b87778
1257,141,Johny Hendricks vs. Ricardo Funch,http://ufcstats.com/fight-details/afd5e85676eb697d
1256,141,Rousimar Palhares vs. Lucio Linhares,http://ufcstats.com/fight-details/a7c63a2b33049ace
1255,141,DaMarques Johnson vs. Edgar Garcia,http://ufcstats.com/fight-details/483d934c46351c78
1254,141,TJ Grant vs. Kevin Burns,http://ufcstats.com/fight-details/7e50ae4dbdd380a1
1253,140,Roy Nelson vs. Brendan Schaub,http://ufcstats.com/fight-details/e246b6a8cd7853de
1252,140,Matt Hamill vs. Jon Jones,http://ufcstats.com/fight-details/3f0826158f87f41d
1251,140,Kevin Ferguson vs. Houston Alexander,http://ufcstats.com/fight-details/de2328aa13e5ecdc
1250,140,Frankie Edgar vs. Matt Veach,http://ufcstats.com/fight-details/5ab4bdec4db84f7d
1249,140,Matt Mitrione vs. Marcus Jones,http://ufcstats.com/fight-details/f6246d2b9f663e33
1248,140,James McSweeney vs. Darrill Schoonover,http://ufcstats.com/fight-details/f5affe923c640d0e
1247,140,Jon Madsen vs. Justin Wren,http://ufcstats.com/fight-details/4182524382590e07
1246,140,Brian Stann vs. Rodney Wallace,http://ufcstats.com/fight-details/c32b24a24d946893
1245,140,John Howard vs. Dennis Hallman,http://ufcstats.com/fight-details/0b0ba5238399545c
1244,140,Mark Bocek vs. Joe Brammer,http://ufcstats.com/fight-details/7f0e469103ab46b6
1243,139,Forrest Griffin vs. Tito Ortiz,http://ufcstats.com/fight-details/9fa3f9f7caf429d6
1242,139,Josh Koscheck vs. Anthony Johnson,http://ufcstats.com/fight-details/31f12d3f95576ef4
1241,139,Paulo Thiago vs. Jacob Volkmann,http://ufcstats.com/fight-details/70228adf93b6434f
1240,139,Rogerio Nogueira vs. Luiz Cane,http://ufcstats.com/fight-details/119b156ded2af0f1
1239,139,Amir Sadollah vs. Phil Baroni,http://ufcstats.com/fight-details/fc0f12be6552bfe5
1238,139,Ben Saunders vs. Marcus Davis,http://ufcstats.com/fight-details/0c6055509d98ed06
1237,139,Kendall Grove vs. Jake Rosholt,http://ufcstats.com/fight-details/c52e23519279d18a
1236,139,Brian Foster vs. Brock Larson,http://ufcstats.com/fight-details/ef8f31b86469a967
1235,139,Caol Uno vs. Fabricio Camoes,http://ufcstats.com/fight-details/d66f2c83c26e5b80
1234,139,George Sotiropoulos vs. Jason Dent,http://ufcstats.com/fight-details/6f78fc53b8662627
1233,138,Randy Couture vs. Brandon Vera,http://ufcstats.com/fight-details/7cdc6fdf983fb412
1232,138,Dan Hardy vs. Mike Swick,http://ufcstats.com/fight-details/bf8164367980fcd3
1231,138,Michael Bisping vs. Denis Kang,http://ufcstats.com/fight-details/b12d96ba9426b8d4
1230,138,Matt Brown vs. James Wilks,http://ufcstats.com/fight-details/2c07f8ba25640237
1229,138,Ross Pearson vs. Aaron Riley,http://ufcstats.com/fight-details/b4ebb7576e9745e7
1228,138,John Hathaway vs. Paul Taylor,http://ufcstats.com/fight-details/cb510afff3dafdab
1227,138,Terry Etim vs. Shannon Gugerty,http://ufcstats.com/fight-details/4f36bc6fe119c4ac
1226,138,Nick Osipczak vs. Matthew Riddle,http://ufcstats.com/fight-details/81283a33e907dbbe
1225,138,Dennis Siver vs. Paul Kelly,http://ufcstats.com/fight-details/6c569785225fd2e7
1224,138,Alexander Gustafsson vs. Jared Hamman,http://ufcstats.com/fight-details/964245b54324810d
1223,138,Andre Winner vs. Rolando Delgado,http://ufcstats.com/fight-details/b0ee33ab448e252b
1222,137,Lyoto Machida vs. Mauricio Rua,http://ufcstats.com/fight-details/e60e53bdc614a0af
1221,137,Cain Velasquez vs. Ben Rothwell,http://ufcstats.com/fight-details/b4627dd3bb50be2c
1220,137,Gleison Tibau vs. Josh Neer,http://ufcstats.com/fight-details/92975b516e6463b6
1219,137,Joe Stevenson vs. Spencer Fisher,http://ufcstats.com/fight-details/1238f31a41b78528
1218,137,Anthony Johnson vs. Yoshiyuki Yoshida,http://ufcstats.com/fight-details/7a72d7448159fb59
1217,137,Ryan Bader vs. Eric Schafer,http://ufcstats.com/fight-details/5c612d2cc1f5da21
1216,137,Pat Barry vs. Antoni Hardonk,http://ufcstats.com/fight-details/d77a72e3fa8db853
1215,137,Chael Sonnen vs. Yushin Okami,http://ufcstats.com/fight-details/32ae3f0d43babd86
1214,137,Jorge Rivera vs. Rob Kimmons,http://ufcstats.com/fight-details/5a9ecff594dc6bb9
1213,137,Kyle Kingsbury vs. Razak Al-Hassan,http://ufcstats.com/fight-details/03c2cebad8d8c012
1212,137,Stefan Struve vs. Chase Gormley,http://ufcstats.com/fight-details/1298d89922befa8c
1211,136,Vitor Belfort vs. Rich Franklin,http://ufcstats.com/fight-details/ec271393bc31ab72
1210,136,Junior Dos Santos vs. Mirko Filipovic,http://ufcstats.com/fight-details/2ff09ddaa2b78cc4
1209,136,Paul Daley vs. Martin Kampmann,http://ufcstats.com/fight-details/acfa3a3c0d09bb57
1208,136,Josh Koscheck vs. Frank Trigg,http://ufcstats.com/fight-details/fd61b04ee64f7f20
1207,136,Tyson Griffin vs. Hermes Franca,http://ufcstats.com/fight-details/b272e9a4ed7a1b23
1206,136,Efrain Escudero vs. Cole Miller,http://ufcstats.com/fight-details/656e1040e6e007b2
1205,136,Tomasz Drwal vs. Drew McFedries,http://ufcstats.com/fight-details/a2da03d9c25b49e5
1204,136,Jim Miller vs. Steve Lopez,http://ufcstats.com/fight-details/42a7d576dc207e63
1203,136,Nik Lentz vs. Rafaello Oliveira,http://ufcstats.com/fight-details/92ea4999f99f55fd
1202,136,Rick Story vs. Brian Foster,http://ufcstats.com/fight-details/7b06e7f2b34d24b8
1201,136,Eliot Marshall vs. Jason Brilz,http://ufcstats.com/fight-details/d359fe8a99250f64
1200,136,Vladimir Matyushenko vs. Igor Pokrajac,http://ufcstats.com/fight-details/e314474cb6a7a65c
1199,136,Rafael Dos Anjos vs. Rob Emerson,http://ufcstats.com/fight-details/329a097e0b53daac
1198,135,Nate Diaz vs. Melvin Guillard,http://ufcstats.com/fight-details/1287c631cb74f1d9
1197,135,Gray Maynard vs. Roger Huerta,http://ufcstats.com/fight-details/b4a81d7eb4e42c1c
1196,135,Carlos Condit vs. Jake Ellenberger,http://ufcstats.com/fight-details/aceaa32be99719b0
1195,135,Nate Quarry vs. Tim Credeur,http://ufcstats.com/fight-details/b589aba75770bc6b
1194,135,Brian Stann vs. Steve Cantwell,http://ufcstats.com/fight-details/c1be2b862f737c18
1193,135,Mike Pyle vs. Chris Wilson,http://ufcstats.com/fight-details/7c620723b6840231
1192,135,CB Dollaway vs. Jay Silva,http://ufcstats.com/fight-details/e83b214695941af1
1191,135,Jeremy Stephens vs. Justin Buchholz,http://ufcstats.com/fight-details/4553c3ab494c2d05
1190,135,Mike Pierce vs. Brock Larson,http://ufcstats.com/fight-details/0454bfbc49e95c16
1189,135,Ryan Jensen vs. Steve Steinbeiss,http://ufcstats.com/fight-details/d6e75e0238d3ad9b
1188,134,Antonio Rodrigo Nogueira vs. Randy Couture,http://ufcstats.com/fight-details/2a23f787fff1d837
1187,134,Thiago Silva vs. Keith Jardine,http://ufcstats.com/fight-details/39f07708af6ecfc7
1186,134,Jake Rosholt vs. Chris Leben,http://ufcstats.com/fight-details/e3c9c95b67580b9b
1185,134,Nate Marquardt vs. Demian Maia,http://ufcstats.com/fight-details/3445246f8e3eba24
1184,134,Brandon Vera vs. Krzysztof Soszynski,http://ufcstats.com/fight-details/6d32a829217cf2fa
1183,134,Aaron Simpson vs. Ed Herman,http://ufcstats.com/fight-details/2711e57bbef4d928
1182,134,Gabriel Gonzaga vs. Chris Tuchscherer,http://ufcstats.com/fight-details/4d3297af1b7889ba
1181,134,Mike Russow vs. Justin McCully,http://ufcstats.com/fight-details/6ae10aa4c6dc986d
1180,134,Todd Duffee vs. Tim Hague,http://ufcstats.com/fight-details/fa0d393a452c0809
1179,134,Mark Munoz vs. Nick Catone,http://ufcstats.com/fight-details/fd292c2a587bb2f5
1178,134,Evan Dunham vs. Marcus Aurelio,http://ufcstats.com/fight-details/b0958ed411ae9675
1177,133,BJ Penn vs. Kenny Florian,http://ufcstats.com/fight-details/73a4a092c1850b57
1176,133,Anderson Silva vs. Forrest Griffin,http://ufcstats.com/fight-details/de495aa2ec1f1e91
1175,133,Aaron Riley vs. Shane Nelson,http://ufcstats.com/fight-details/6a61d45818534b19
1174,133,Johny Hendricks vs. Amir Sadollah,http://ufcstats.com/fight-details/28037f9be7e0781a
1173,133,Ricardo Almeida vs. Kendall Grove,http://ufcstats.com/fight-details/a9dc59e90779c1e3
1172,133,Kurt Pellegrino vs. Josh Neer,http://ufcstats.com/fight-details/b71f07f052d0a48b
1171,133,John Howard vs. Tamdan McCrory,http://ufcstats.com/fight-details/ef6a0ee848382391
1170,133,Alessio Sakara vs. Thales Leites,http://ufcstats.com/fight-details/faec13fd40b6d797
1169,133,Matthew Riddle vs. Dan Cramer,http://ufcstats.com/fight-details/5a8c92dfbb16d26f
1168,133,George Sotiropoulos vs. George Roop,http://ufcstats.com/fight-details/8ead66bc1678519b
1167,133,Jesse Lennox vs. Danillo Villefort,http://ufcstats.com/fight-details/ea9edb20f527b49e
1166,132,Jon Fitch vs. Paulo Thiago,http://ufcstats.com/fight-details/55833bf5054126e2
1165,132,Brock Lesnar vs. Frank Mir,http://ufcstats.com/fight-details/8df2751dcbfa0fa2
1164,132,Georges St-Pierre vs. Thiago Alves,http://ufcstats.com/fight-details/b0dfb313364a7c80
1163,132,Dan Henderson vs. Michael Bisping,http://ufcstats.com/fight-details/6d1093a1c31dab94
1162,132,Yoshihiro Akiyama vs. Alan Belcher,http://ufcstats.com/fight-details/15705df8ba8dcbe1
1161,132,Mark Coleman vs. Stephan Bonnar,http://ufcstats.com/fight-details/f885b95dbb354e3d
1160,132,Jim Miller vs. Mac Danzig,http://ufcstats.com/fight-details/d9c3d7b09d8df3e4
1159,132,Jon Jones vs. Jake O'Brien,http://ufcstats.com/fight-details/6f6158830b01ea27
1158,132,Dong Hyun Kim vs. TJ Grant,http://ufcstats.com/fight-details/b6234bf015c80fc5
1157,132,Tom Lawlor vs. CB Dollaway,http://ufcstats.com/fight-details/f8896b43f4ecf861
1156,132,Shannon Gugerty vs. Matt Grice,http://ufcstats.com/fight-details/55bcf58be822d115
1155,131,Diego Sanchez vs. Clay Guida,http://ufcstats.com/fight-details/468d6da7f097e449
1154,131,James Wilks vs. DaMarques Johnson,http://ufcstats.com/fight-details/036bb5b335e93ca8
1153,131,Chris Lytle vs. Kevin Burns,http://ufcstats.com/fight-details/4ae231bd909ceddc
1152,131,Ross Pearson vs. Andre Winner,http://ufcstats.com/fight-details/1d30430af5257347
1151,131,Joe Stevenson vs. Nate Diaz,http://ufcstats.com/fight-details/11871325db7a13ec
1150,131,Melvin Guillard vs. Gleison Tibau,http://ufcstats.com/fight-details/a5a5e24f4dd40fbf
1149,131,Brad Blackburn vs. Edgar Garcia,http://ufcstats.com/fight-details/08c5dcd426dea606
1148,131,Tomasz Drwal vs. Mike Ciesnolevicz,http://ufcstats.com/fight-details/0486ad62f7dfd11e
1147,131,Nick Osipczak vs. Frank Lester,http://ufcstats.com/fight-details/707d6023b8723c5d
1146,131,Jason Dent vs. Cameron Dollar,http://ufcstats.com/fight-details/43712d71cec9bde6
1145,130,Rich Franklin vs. Wanderlei Silva,http://ufcstats.com/fight-details/fcf3b0d21df10f56
1144,130,Cain Velasquez vs. Cheick Kongo,http://ufcstats.com/fight-details/09e7db36cd72bf61
1143,130,Mirko Filipovic vs. Mostapha Al-Turk,http://ufcstats.com/fight-details/3b44d0179f94726c
1142,130,Mike Swick vs. Ben Saunders,http://ufcstats.com/fight-details/df28f8cb5a12ec8e
1141,130,Spencer Fisher vs. Caol Uno,http://ufcstats.com/fight-details/cfacff39c9f3b2f9
1140,130,Dan Hardy vs. Marcus Davis,http://ufcstats.com/fight-details/11ca5d09db47708b
1139,130,Terry Etim vs. Justin Buchholz,http://ufcstats.com/fight-details/0d09e95e85efad69
1138,130,Dennis Siver vs. Dale Hartt,http://ufcstats.com/fight-details/bb0794053766a866
1137,130,Paul Taylor vs. Peter Sobotta,http://ufcstats.com/fight-details/83314e1ed6f7d94e
1136,130,Paul Kelly vs. Rolando Delgado,http://ufcstats.com/fight-details/cd45a78028039f53
1135,130,Stefan Struve vs. Denis Stojnic,http://ufcstats.com/fight-details/440936f9db783997
1134,130,John Hathaway vs. Rick Story,http://ufcstats.com/fight-details/f25d324841223f26
1133,129,Lyoto Machida vs. Rashad Evans,http://ufcstats.com/fight-details/15750dc75b7426f3
1132,129,Matt Hughes vs. Matt Serra,http://ufcstats.com/fight-details/d1e144ce44599f3a
1131,129,Drew McFedries vs. Xavier Foupa-Pokam,http://ufcstats.com/fight-details/62fbd9d089a9a306
1130,129,Chael Sonnen vs. Dan Miller,http://ufcstats.com/fight-details/1e87e0e4da55c92f
1129,129,Frankie Edgar vs. Sean Sherk,http://ufcstats.com/fight-details/eb23f3574b656624
1128,129,Brock Larson vs. Mike Pyle,http://ufcstats.com/fight-details/b9be472f456cac79
1127,129,Tim Hague vs. Pat Barry,http://ufcstats.com/fight-details/f1423b63d81c88ea
1126,129,Kyle Bradley vs. Phillipe Nover,http://ufcstats.com/fight-details/b4bf090eb5c57903
1125,129,Krzysztof Soszynski vs. Andre Gusmao,http://ufcstats.com/fight-details/dd400f38c483f629
1124,129,Yoshiyuki Yoshida vs. Brandon Wolff,http://ufcstats.com/fight-details/54d14f98d4a83def
1123,129,George Roop vs. David Kaplan,http://ufcstats.com/fight-details/5060770f197e2147
1122,128,Anderson Silva vs. Thales Leites,http://ufcstats.com/fight-details/7291a111058dbf0e
1121,128,Sam Stout vs. Matt Wiman,http://ufcstats.com/fight-details/de84ebe3b8cb8cd3
1120,128,Mauricio Rua vs. Chuck Liddell,http://ufcstats.com/fight-details/d29dd21d8881a0e0
1119,128,Krzysztof Soszynski vs. Brian Stann,http://ufcstats.com/fight-details/1f64e532f942ef57
1118,128,Cheick Kongo vs. Antoni Hardonk,http://ufcstats.com/fight-details/bcba81de8f082768
1117,128,Luiz Cane vs. Steve Cantwell,http://ufcstats.com/fight-details/0bf025d86cc2a409
1116,128,Denis Kang vs. Xavier Foupa-Pokam,http://ufcstats.com/fight-details/154da5e0d8541508
1115,128,Nate Quarry vs. Jason MacDonald,http://ufcstats.com/fight-details/793432d042384a02
1114,128,Ed Herman vs. David Loiseau,http://ufcstats.com/fight-details/06142a1de3bbae75
1113,128,Mark Bocek vs. David Bielkheden,http://ufcstats.com/fight-details/bdb62b661d033fe2
1112,128,TJ Grant vs. Ryo Chonan,http://ufcstats.com/fight-details/226de3e7e71f2b4f
1111,128,Eliot Marshall vs. Vinny Magalhaes,http://ufcstats.com/fight-details/c6a5ed1127cbc9b9
1110,127,Martin Kampmann vs. Carlos Condit,http://ufcstats.com/fight-details/ae68274ab6f78cd8
1109,127,Ryan Bader vs. Carmelo Marrero,http://ufcstats.com/fight-details/a7d42315236560e9
1108,127,Tyson Griffin vs. Rafael Dos Anjos,http://ufcstats.com/fight-details/f1100f1bc6cbb351
1107,127,Cole Miller vs. Junie Browning,http://ufcstats.com/fight-details/33e576af1d064e4e
1106,127,Gleison Tibau vs. Jeremy Stephens,http://ufcstats.com/fight-details/9c7a67ce1d6a01f9
1105,127,Ricardo Almeida vs. Matt Horwich,http://ufcstats.com/fight-details/4b9203b86f0aa870
1104,127,Brock Larson vs. Jesse Sanders,http://ufcstats.com/fight-details/47e17513aae45a95
1103,127,Tim Credeur vs. Nick Catone,http://ufcstats.com/fight-details/c642640db89fb033
1102,127,Jorge Rivera vs. Nissen Osterneck,http://ufcstats.com/fight-details/4cffb137402f7bb0
1101,127,Rob Kimmons vs. Joe Vedepo,http://ufcstats.com/fight-details/a561360edf66ee6f
1100,127,Aaron Simpson vs. Tim McKenzie,http://ufcstats.com/fight-details/ddc233f8ca7c05aa
1099,126,Quinton Jackson vs. Keith Jardine,http://ufcstats.com/fight-details/011d818ec9bb3de6
1098,126,Shane Carwin vs. Gabriel Gonzaga,http://ufcstats.com/fight-details/038c472ae3fd7728
1097,126,Matt Brown vs. Pete Sell,http://ufcstats.com/fight-details/1df12710cfdb60f4
1096,126,Matt Hamill vs. Mark Munoz,http://ufcstats.com/fight-details/798ca95afb5875ef
1095,126,Gray Maynard vs. Jim Miller,http://ufcstats.com/fight-details/789a8911fcd6de13
1094,126,Tamdan McCrory vs. Ryan Madigan,http://ufcstats.com/fight-details/31535a79c5959be8
1093,126,Kendall Grove vs. Jason Day,http://ufcstats.com/fight-details/d9d7e8e9149e61b1
1092,126,Jason Brilz vs. Tim Boetsch,http://ufcstats.com/fight-details/39b79764bbac93cb
1091,126,Brandon Vera vs. Michael Patt,http://ufcstats.com/fight-details/731a3120fdffa44c
1090,126,Shane Nelson vs. Aaron Riley,http://ufcstats.com/fight-details/21b02cb26307ac0f
1089,125,Diego Sanchez vs. Joe Stevenson,http://ufcstats.com/fight-details/56aac937d9f1d13a
1088,125,Dan Hardy vs. Rory Markham,http://ufcstats.com/fight-details/9379672d351808a3
1087,125,Nate Marquardt vs. Wilson Gouveia,http://ufcstats.com/fight-details/c1b0670419fa0894
1086,125,Demian Maia vs. Chael Sonnen,http://ufcstats.com/fight-details/995d42d9ff422ed1
1085,125,Paulo Thiago vs. Josh Koscheck,http://ufcstats.com/fight-details/fd05ac3ac2f7d042
1084,125,Terry Etim vs. Brian Cobb,http://ufcstats.com/fight-details/0bf249717dacc5c3
1083,125,Junior Dos Santos vs. Stefan Struve,http://ufcstats.com/fight-details/95c229097cd2d7c3
1082,125,Evan Dunham vs. Per Eklund,http://ufcstats.com/fight-details/d89b849df7bff79b
1081,125,Mike Ciesnolevicz vs. Neil Grove,http://ufcstats.com/fight-details/0d395cb5d91f811f
1080,125,Paul Kelly vs. Troy Mandaloniz,http://ufcstats.com/fight-details/cdfaa6f4154a0ee9
1079,124,Joe Lauzon vs. Jeremy Stephens,http://ufcstats.com/fight-details/83c5a944258d2332
1078,124,Cain Velasquez vs. Denis Stojnic,http://ufcstats.com/fight-details/2d80f60b67791b97
1077,124,Josh Neer vs. Mac Danzig,http://ufcstats.com/fight-details/df7f3c60c523ca55
1076,124,Anthony Johnson vs. Luigi Fioravanti,http://ufcstats.com/fight-details/868833557ae90877
1075,124,Kurt Pellegrino vs. Rob Emerson,http://ufcstats.com/fight-details/0a1f2e1f9d91bc9a
1074,124,Dan Miller vs. Jake Rosholt,http://ufcstats.com/fight-details/14c3447726332f2b
1073,124,Matt Veach vs. Matt Grice,http://ufcstats.com/fight-details/6a663c04dfe5b88e
1072,124,Gleison Tibau vs. Rich Clementi,http://ufcstats.com/fight-details/c9721146eba68c2a
1071,124,Nick Catone vs. Derek Downey,http://ufcstats.com/fight-details/26888b89fbd860cf
1070,124,Matthew Riddle vs. Steve Bruno,http://ufcstats.com/fight-details/e4420b9812501c17
1069,123,Georges St-Pierre vs. BJ Penn,http://ufcstats.com/fight-details/a158e4ff7ea93d43
1068,123,Lyoto Machida vs. Thiago Silva,http://ufcstats.com/fight-details/41b9240c854b0956
1067,123,Jon Jones vs. Stephan Bonnar,http://ufcstats.com/fight-details/afb9d3476c5caafa
1066,123,Karo Parisyan vs. Dong Hyun Kim,http://ufcstats.com/fight-details/aa161809e78bef96
1065,123,Clay Guida vs. Nate Diaz,http://ufcstats.com/fight-details/92e9c53671ac8fe7
1064,123,Jon Fitch vs. Akihiro Gono,http://ufcstats.com/fight-details/c598261fac8cf23a
1063,123,Thiago Tavares vs. Manvel Gamburyan,http://ufcstats.com/fight-details/e6dd15ef9fd7927e
1062,123,John Howard vs. Chris Wilson,http://ufcstats.com/fight-details/08f5bdfe45082ec5
1061,123,Jake O'Brien vs. Christian Wellisch,http://ufcstats.com/fight-details/1cb28e867dd749b8
1060,123,Dan Cramer vs. Matt Arroyo,http://ufcstats.com/fight-details/fb7d31b36bebc5af
1059,122,Dan Henderson vs. Rich Franklin,http://ufcstats.com/fight-details/cb7cfa8b9900878f
1058,122,Mauricio Rua vs. Mark Coleman,http://ufcstats.com/fight-details/396214fd188c2549
1057,122,Rousimar Palhares vs. Jeremy Horn,http://ufcstats.com/fight-details/dd5f7a14f5782f79
1056,122,Alan Belcher vs. Denis Kang,http://ufcstats.com/fight-details/591e7797363a6c89
1055,122,Marcus Davis vs. Chris Lytle,http://ufcstats.com/fight-details/e90dd017386025c4
1054,122,John Hathaway vs. Tom Egan,http://ufcstats.com/fight-details/20b84b2cbfb92dc7
1053,122,Martin Kampmann vs. Alexandre Barros,http://ufcstats.com/fight-details/e9658a79cfaafbb1
1052,122,Eric Schafer vs. Antonio Mendes,http://ufcstats.com/fight-details/4da34f2980b5c58d
1051,122,Tomasz Drwal vs. Ivan Serati,http://ufcstats.com/fight-details/5a3b530c73106c5c
1050,122,Dennis Siver vs. Nate Mohr,http://ufcstats.com/fight-details/f046dfa306dc7acb
1049,121,Rashad Evans vs. Forrest Griffin,http://ufcstats.com/fight-details/041dd0fae4650970
1048,121,Frank Mir vs. Antonio Rodrigo Nogueira,http://ufcstats.com/fight-details/02c54d382fb1c347
1047,121,CB Dollaway vs. Mike Massenzio,http://ufcstats.com/fight-details/b8927a3a2735acb0
1046,121,Quinton Jackson vs. Wanderlei Silva,http://ufcstats.com/fight-details/c62d5962b99938de
1045,121,Cheick Kongo vs. Mostapha Al-Turk,http://ufcstats.com/fight-details/b3f4583109b429af
1044,121,Yushin Okami vs. Dean Lister,http://ufcstats.com/fight-details/4918b7e3600f67a1
1043,121,Antoni Hardonk vs. Mike Wessel,http://ufcstats.com/fight-details/59e653313c871c3f
1042,121,Matt Hamill vs. Reese Andy,http://ufcstats.com/fight-details/539eff1fe2fb39ba
1041,121,Brad Blackburn vs. Ryo Chonan,http://ufcstats.com/fight-details/f27bf6f21410547f
1040,121,Pat Barry vs. Dan Evensen,http://ufcstats.com/fight-details/8add23232cdb36ee
1039,120,Efrain Escudero vs. Phillipe Nover,http://ufcstats.com/fight-details/86b8419f22f398c0
1038,120,Ryan Bader vs. Vinny Magalhaes,http://ufcstats.com/fight-details/e65da830a1928fe6
1037,120,Anthony Johnson vs. Kevin Burns,http://ufcstats.com/fight-details/f7cd0a90da3be3b2
1036,120,Wilson Gouveia vs. Jason MacDonald,http://ufcstats.com/fight-details/0b58bd40373b1811
1035,120,Junie Browning vs. David Kaplan,http://ufcstats.com/fight-details/ec8ad2966a6816b3
1034,120,Krzysztof Soszynski vs. Shane Primm,http://ufcstats.com/fight-details/edeba52fc9b2855f
1033,120,Eliot Marshall vs. Jules Bruchez,http://ufcstats.com/fight-details/59bd4e83d8f846ee
1032,120,Tom Lawlor vs. Kyle Kingsbury,http://ufcstats.com/fight-details/09b36c7157770516
1031,120,Shane Nelson vs. George Roop,http://ufcstats.com/fight-details/52e07b6540fad19e
1030,120,Rolando Delgado vs. John Polakowski,http://ufcstats.com/fight-details/bacb62c4f2058fd8
1029,119,Josh Koscheck vs. Yoshiyuki Yoshida,http://ufcstats.com/fight-details/11c3035dd9104e50
1028,119,Mike Swick vs. Jonathan Goulet,http://ufcstats.com/fight-details/0f235698600c962e
1027,119,Steve Cantwell vs. Razak Al-Hassan,http://ufcstats.com/fight-details/d8f64b001cd590fa
1026,119,Tim Credeur vs. Nate Loughran,http://ufcstats.com/fight-details/83406cd29d3c2d0f
1025,119,Jim Miller vs. Matt Wiman,http://ufcstats.com/fight-details/d90567f7d4372160
1024,119,Luigi Fioravanti vs. Brodie Farber,http://ufcstats.com/fight-details/ecfe522e5f1e766b
1023,119,Steve Bruno vs. Johnny Rees,http://ufcstats.com/fight-details/44c9ca6a502db390
1022,119,Ben Saunders vs. Brandon Wolff,http://ufcstats.com/fight-details/79298011365a6d90
1021,119,Dale Hartt vs. Corey Hill,http://ufcstats.com/fight-details/c4e16d57dd9a1b39
1020,119,Justin McCully vs. Eddie Sanchez,http://ufcstats.com/fight-details/2f736846aebbf12d
1019,118,Brock Lesnar vs. Randy Couture,http://ufcstats.com/fight-details/75577b11361cb645
1018,118,Kenny Florian vs. Joe Stevenson,http://ufcstats.com/fight-details/821c27f0dbb27e86
1017,118,Dustin Hazelett vs. Tamdan McCrory,http://ufcstats.com/fight-details/c739195deef32b45
1016,118,Gabriel Gonzaga vs. Josh Hendricks,http://ufcstats.com/fight-details/e94d7bfb0c92e30d
1015,118,Demian Maia vs. Nate Quarry,http://ufcstats.com/fight-details/bfd846ad4d597bbb
1014,118,Aaron Riley vs. Jorge Gurgel,http://ufcstats.com/fight-details/958bd435389dd12a
1013,118,Jeremy Stephens vs. Rafael Dos Anjos,http://ufcstats.com/fight-details/9e99536eae6d709b
1012,118,Mark Bocek vs. Alvin Robinson,http://ufcstats.com/fight-details/8191b8edfde3b9c3
1011,118,Matt Brown vs. Ryan Thomas,http://ufcstats.com/fight-details/b34fb9e15fbd6b3b
1010,117,Anderson Silva vs. Patrick Cote,http://ufcstats.com/fight-details/2281dea0c5903a2f
1009,117,Thiago Alves vs. Josh Koscheck,http://ufcstats.com/fight-details/64da1f4774624b72
1008,117,Gray Maynard vs. Rich Clementi,http://ufcstats.com/fight-details/27868eac1d141498
1007,117,Junior Dos Santos vs. Fabricio Werdum,http://ufcstats.com/fight-details/af4cbb9072814a86
1006,117,Sean Sherk vs. Tyson Griffin,http://ufcstats.com/fight-details/d5a0e8c67ed8abe0
1005,117,Thales Leites vs. Drew McFedries,http://ufcstats.com/fight-details/3feb2a8de9cf37da
1004,117,Spencer Fisher vs. Shannon Gugerty,http://ufcstats.com/fight-details/80fd1902547e0744
1003,117,Dan Miller vs. Matt Horwich,http://ufcstats.com/fight-details/34d1bfdde8ea3e11
1002,117,Hermes Franca vs. Marcus Aurelio,http://ufcstats.com/fight-details/854c64fe481e65ee
1001,117,Pete Sell vs. Joshua Burkman,http://ufcstats.com/fight-details/cfbeeffd65101ae1
1000,116,Michael Bisping vs. Chris Leben,http://ufcstats.com/fight-details/1776c84e3d22d7cc
999,116,Keith Jardine vs. Brandon Vera,http://ufcstats.com/fight-details/01d71345ba7ea6f9
998,116,Luiz Cane vs. Rameau Thierry Sokoudjou,http://ufcstats.com/fight-details/781017bfa44d4058
997,116,Chris Lytle vs. Paul Taylor,http://ufcstats.com/fight-details/f24db9d7c3636a2a
996,116,Marcus Davis vs. Paul Kelly,http://ufcstats.com/fight-details/cc9cabc1fc747aaf
995,116,Dan Hardy vs. Akihiro Gono,http://ufcstats.com/fight-details/0510d12ad43ede89
994,116,Shane Carwin vs. Neil Wain,http://ufcstats.com/fight-details/550daf3853d050ba
993,116,David Bielkheden vs. Jess Liaudin,http://ufcstats.com/fight-details/194f8d501f318ada
992,116,Terry Etim vs. Sam Stout,http://ufcstats.com/fight-details/cd5336ef8b2329f4
991,116,Jim Miller vs. David Baron,http://ufcstats.com/fight-details/9b8c29f50d452025
990,116,Per Eklund vs. Samy Schiavo,http://ufcstats.com/fight-details/757c11f17278b06a
989,115,Nate Diaz vs. Josh Neer,http://ufcstats.com/fight-details/9fc232c3829a1ef0
988,115,Clay Guida vs. Mac Danzig,http://ufcstats.com/fight-details/d460961065f1198b
987,115,Alan Belcher vs. Ed Herman,http://ufcstats.com/fight-details/3818a33c9103c88f
986,115,Eric Schafer vs. Houston Alexander,http://ufcstats.com/fight-details/505d3d9b006014c8
985,115,Alessio Sakara vs. Joe Vedepo,http://ufcstats.com/fight-details/830bf05d0ee635a1
984,115,Wilson Gouveia vs. Ryan Jensen,http://ufcstats.com/fight-details/43e8fcd8e4d015fb
983,115,Joe Lauzon vs. Kyle Bradley,http://ufcstats.com/fight-details/f6ea148cfeb1aaf7
982,115,Jason Brilz vs. Brad Morris,http://ufcstats.com/fight-details/d23b05f33b741c47
981,115,Mike Massenzio vs. Drew McFedries,http://ufcstats.com/fight-details/2822226962195259
980,115,Dan Miller vs. Rob Kimmons,http://ufcstats.com/fight-details/1992dcae0699200e
979,114,Rashad Evans vs. Chuck Liddell,http://ufcstats.com/fight-details/3e126f482e9a84b8
978,114,Rich Franklin vs. Matt Hamill,http://ufcstats.com/fight-details/c5574b79e31a1b2b
977,114,Dan Henderson vs. Rousimar Palhares,http://ufcstats.com/fight-details/a34dc525a16ce375
976,114,Nate Marquardt vs. Martin Kampmann,http://ufcstats.com/fight-details/b74ecc368d3ecbc4
975,114,Dong Hyun Kim vs. Matt Brown,http://ufcstats.com/fight-details/cafb86764ea92268
974,114,Kurt Pellegrino vs. Thiago Tavares,http://ufcstats.com/fight-details/976f7f5e7537c62b
973,114,Tim Boetsch vs. Michael Patt,http://ufcstats.com/fight-details/0568994b8323d640
972,114,Jason MacDonald vs. Jason Lambert,http://ufcstats.com/fight-details/81734d11cb6a8ebb
971,114,Ryo Chonan vs. Roan Carneiro,http://ufcstats.com/fight-details/9a596aaa2b9a18db
970,113,Georges St-Pierre vs. Jon Fitch,http://ufcstats.com/fight-details/a23b4817f0b773c8
969,113,Brock Lesnar vs. Heath Herring,http://ufcstats.com/fight-details/b2013a8b4ed68c8d
968,113,Rob Emerson vs. Manvel Gamburyan,http://ufcstats.com/fight-details/e915c1987050eac8
967,113,Kenny Florian vs. Roger Huerta,http://ufcstats.com/fight-details/c2fd7ee22721846c
966,113,Demian Maia vs. Jason MacDonald,http://ufcstats.com/fight-details/31362d9ea15127b2
965,113,Tamdan McCrory vs. Luke Cummo,http://ufcstats.com/fight-details/e2a61ec3bc83da98
964,113,Cheick Kongo vs. Dan Evensen,http://ufcstats.com/fight-details/4f7a7a0b67f085b3
963,113,Jon Jones vs. Andre Gusmao,http://ufcstats.com/fight-details/c5e0e4ee11903076
962,113,Chris Wilson vs. Steve Bruno,http://ufcstats.com/fight-details/c92a4fe402579c49
961,113,Ben Saunders vs. Ryan Thomas,http://ufcstats.com/fight-details/204fe39cf94f45dc
960,112,Anderson Silva vs. James Irvin,http://ufcstats.com/fight-details/4eafb2657c3781f5
959,112,Brandon Vera vs. Reese Andy,http://ufcstats.com/fight-details/512f2d10f92d0d36
958,112,Frankie Edgar vs. Hermes Franca,http://ufcstats.com/fight-details/9f14f080b08e6869
957,112,Cain Velasquez vs. Jake O'Brien,http://ufcstats.com/fight-details/333c9e6f3cc8f91e
956,112,Kevin Burns vs. Anthony Johnson,http://ufcstats.com/fight-details/51ae1d8a663ae1fe
955,112,CB Dollaway vs. Jesse Taylor,http://ufcstats.com/fight-details/403bed9fe983b10a
954,112,Tim Credeur vs. Cale Yarbrough,http://ufcstats.com/fight-details/b9b8509c568dc144
953,112,Rory Markham vs. Brodie Farber,http://ufcstats.com/fight-details/82f2afc6d7db44f3
952,112,Nate Loughran vs. Johnny Rees,http://ufcstats.com/fight-details/f8b6468621db85ca
951,112,Brad Blackburn vs. James Giboo,http://ufcstats.com/fight-details/62f487635d7a9bb0
950,112,Shannon Gugerty vs. Dale Hartt,http://ufcstats.com/fight-details/8d26509990b6e518
949,111,Forrest Griffin vs. Quinton Jackson,http://ufcstats.com/fight-details/ae674ec42bd0a979
948,111,Patrick Cote vs. Ricardo Almeida,http://ufcstats.com/fight-details/6760e48a36571feb
947,111,Joe Stevenson vs. Gleison Tibau,http://ufcstats.com/fight-details/51b0cc51799e7d5d
946,111,Josh Koscheck vs. Chris Lytle,http://ufcstats.com/fight-details/ac82d28aaa5faaf0
945,111,Tyson Griffin vs. Marcus Aurelio,http://ufcstats.com/fight-details/61f0ceb980c1ae81
944,111,Gabriel Gonzaga vs. Justin McCully,http://ufcstats.com/fight-details/bbe3d2a2ad8d204e
943,111,Cole Miller vs. Jorge Gurgel,http://ufcstats.com/fight-details/66f0238fac31130f
942,111,Melvin Guillard vs. Dennis Siver,http://ufcstats.com/fight-details/13858ffdaaef5671
941,111,Justin Buchholz vs. Corey Hill,http://ufcstats.com/fight-details/bcefcb29bec709d6
940,110,Kendall Grove vs. Evan Tanner,http://ufcstats.com/fight-details/98b1ee14ad4ea1c6
939,110,Amir Sadollah vs. CB Dollaway,http://ufcstats.com/fight-details/0064bbc554d85421
938,110,Diego Sanchez vs. Luigi Fioravanti,http://ufcstats.com/fight-details/31c2d8648b06a001
937,110,Spencer Fisher vs. Jeremy Stephens,http://ufcstats.com/fight-details/7ddaf46a81b7e616
936,110,Matthew Riddle vs. Dante Rivera,http://ufcstats.com/fight-details/61d89b0cb175430c
935,110,Dustin Hazelett vs. Joshua Burkman,http://ufcstats.com/fight-details/688c8b695e521ce8
934,110,Drew McFedries vs. Marvin Eastman,http://ufcstats.com/fight-details/98a1121ffbc47657
933,110,Matt Brown vs. Matt Arroyo,http://ufcstats.com/fight-details/6aee27cc2610b56a
932,110,Dean Lister vs. Jeremy Horn,http://ufcstats.com/fight-details/5288ef3edf1eda6e
931,110,Rob Kimmons vs. Rob Yundt,http://ufcstats.com/fight-details/0700b74037329215
930,109,Thiago Alves vs. Matt Hughes,http://ufcstats.com/fight-details/b3a3341a5db2d484
929,109,Michael Bisping vs. Jason Day,http://ufcstats.com/fight-details/761681c1ab0fdead
928,109,Mike Swick vs. Marcus Davis,http://ufcstats.com/fight-details/ff872fa3e9ec32a9
927,109,Thales Leites vs. Nate Marquardt,http://ufcstats.com/fight-details/171007deb1cc56aa
926,109,Fabricio Werdum vs. Brandon Vera,http://ufcstats.com/fight-details/0fe3681eb934bdc3
925,109,Martin Kampmann vs. Jorge Rivera,http://ufcstats.com/fight-details/4a482ad5b021bb25
924,109,Matt Wiman vs. Thiago Tavares,http://ufcstats.com/fight-details/94f880f25dd011cd
923,109,Kevin Burns vs. Roan Carneiro,http://ufcstats.com/fight-details/f8f73efa2d4cc566
922,109,Luiz Cane vs. Jason Lambert,http://ufcstats.com/fight-details/b976eb99de0f63ca
921,109,Paul Taylor vs. Jess Liaudin,http://ufcstats.com/fight-details/96c95cff535291d9
920,109,Antoni Hardonk vs. Eddie Sanchez,http://ufcstats.com/fight-details/8a8400c6c42df59a
919,108,BJ Penn vs. Sean Sherk,http://ufcstats.com/fight-details/c9d3ccbfef600989
918,108,Wanderlei Silva vs. Keith Jardine,http://ufcstats.com/fight-details/6baa381a75582d98
917,108,Goran Reljic vs. Wilson Gouveia,http://ufcstats.com/fight-details/c5bef3da17e595ee
916,108,Lyoto Machida vs. Tito Ortiz,http://ufcstats.com/fight-details/bd5edc0bfa0db8c8
915,108,Thiago Silva vs. Antonio Mendes,http://ufcstats.com/fight-details/e57d1260201e5101
914,108,Rousimar Palhares vs. Ivan Salaverry,http://ufcstats.com/fight-details/03d30a534dee8ac5
913,108,Rameau Thierry Sokoudjou vs. Kazuhiro Nakamura,http://ufcstats.com/fight-details/004b9368337d3cd6
912,108,Rich Clementi vs. Terry Etim,http://ufcstats.com/fight-details/02d2da0420fbdd39
911,108,Yoshiyuki Yoshida vs. War Machine,http://ufcstats.com/fight-details/b376a6fb0ca4862e
910,108,Dong Hyun Kim vs. Jason Tan,http://ufcstats.com/fight-details/1d00497a573d7f4c
909,108,Shane Carwin vs. Christian Wellisch,http://ufcstats.com/fight-details/628d02b6046d5f73
908,107,Georges St-Pierre vs. Matt Serra,http://ufcstats.com/fight-details/67948da92e6c9bdc
907,107,Rich Franklin vs. Travis Lutter,http://ufcstats.com/fight-details/6ae2cd7feede5a33
906,107,Nate Quarry vs. Kalib Starnes,http://ufcstats.com/fight-details/b675c94f20551631
905,107,Michael Bisping vs. Charles McCarthy,http://ufcstats.com/fight-details/8153c30fad5b2ad8
904,107,Mac Danzig vs. Mark Bocek,http://ufcstats.com/fight-details/df3b75809b7fe252
903,107,Jason MacDonald vs. Joe Doerksen,http://ufcstats.com/fight-details/96da5813683649f5
902,107,Jason Day vs. Alan Belcher,http://ufcstats.com/fight-details/920194911d727a38
901,107,Demian Maia vs. Ed Herman,http://ufcstats.com/fight-details/af178adff964d854
900,107,Rich Clementi vs. Sam Stout,http://ufcstats.com/fight-details/219bd976b8ca745d
899,107,Cain Velasquez vs. Brad Morris,http://ufcstats.com/fight-details/eb1b371dfc37fcdb
898,107,Jonathan Goulet vs. Kuniyoshi Hironaka,http://ufcstats.com/fight-details/be38ed9ccfe2ee03
897,106,Kenny Florian vs. Joe Lauzon,http://ufcstats.com/fight-details/362f78f23304c6f4
896,106,Gray Maynard vs. Frankie Edgar,http://ufcstats.com/fight-details/190c61d5a67018b5
895,106,Thiago Alves vs. Karo Parisyan,http://ufcstats.com/fight-details/78f46acac9223859
894,106,Matt Hamill vs. Tim Boetsch,http://ufcstats.com/fight-details/dbe6c361530958bc
893,106,Nate Diaz vs. Kurt Pellegrino,http://ufcstats.com/fight-details/089dd2e0cc6395fa
892,106,James Irvin vs. Houston Alexander,http://ufcstats.com/fight-details/10b19bb48aadc6bd
891,106,Josh Neer vs. Din Thomas,http://ufcstats.com/fight-details/9103686732816d77
890,106,Marcus Aurelio vs. Ryan Roberts,http://ufcstats.com/fight-details/6ca284a75c21c2e0
889,106,Manvel Gamburyan vs. Jeff Cox,http://ufcstats.com/fight-details/b89dea8c3e6bba6f
888,106,Clay Guida vs. Samy Schiavo,http://ufcstats.com/fight-details/f35b859289fba80e
887,106,George Sotiropoulos vs. Roman Mitichyan,http://ufcstats.com/fight-details/53e9e8fefa2c2f42
886,106,Anthony Johnson vs. Tommy Speer,http://ufcstats.com/fight-details/30aa9b4d266eb622
885,105,Anderson Silva vs. Dan Henderson,http://ufcstats.com/fight-details/a53b8686b748849f
884,105,Heath Herring vs. Cheick Kongo,http://ufcstats.com/fight-details/65352762d807cd59
883,105,Chris Leben vs. Alessio Sakara,http://ufcstats.com/fight-details/50325e08203fedbd
882,105,Yushin Okami vs. Evan Tanner,http://ufcstats.com/fight-details/04476d021385a621
881,105,Jon Fitch vs. Chris Wilson,http://ufcstats.com/fight-details/029cd254fe02d4b8
880,105,Andrei Arlovski vs. Jake O'Brien,http://ufcstats.com/fight-details/8b15591a73aa7eb0
879,105,Luigi Fioravanti vs. Luke Cummo,http://ufcstats.com/fight-details/5182daf3d8726f6d
878,105,Josh Koscheck vs. Dustin Hazelett,http://ufcstats.com/fight-details/825aa322af15780a
877,105,Diego Sanchez vs. David Bielkheden,http://ufcstats.com/fight-details/bcf49463525efbee
876,105,Jorge Gurgel vs. John Halverson,http://ufcstats.com/fight-details/d036a7aeab47cf8c
875,104,Antonio Rodrigo Nogueira vs. Tim Sylvia,http://ufcstats.com/fight-details/fc6d1396755692b4
874,104,Frank Mir vs. Brock Lesnar,http://ufcstats.com/fight-details/f0b42c9e55025ad3
873,104,Nate Marquardt vs. Jeremy Horn,http://ufcstats.com/fight-details/8f560a1fa19c122a
872,104,Ricardo Almeida vs. Rob Yundt,http://ufcstats.com/fight-details/96828ec042f211bf
871,104,Tyson Griffin vs. Gleison Tibau,http://ufcstats.com/fight-details/dd47c3359dc1b7d0
870,104,Chris Lytle vs. Kyle Bradley,http://ufcstats.com/fight-details/bb6eacc986791dcd
869,104,Tim Boetsch vs. David Heath,http://ufcstats.com/fight-details/d9a8d19107d2bd9e
868,104,Marvin Eastman vs. Terry Martin,http://ufcstats.com/fight-details/7929542a0003799f
867,104,Rob Emerson vs. Keita Nakamura,http://ufcstats.com/fight-details/c5f56797c68ecbeb
866,103,Mike Swick vs. Joshua Burkman,http://ufcstats.com/fight-details/20fc3b3ab2d2fecf
865,103,Patrick Cote vs. Drew McFedries,http://ufcstats.com/fight-details/d470bb3cb98d9ed7
864,103,Thiago Tavares vs. Michihiro Omigawa,http://ufcstats.com/fight-details/b5bef60f79b38e69
863,103,Nate Diaz vs. Alvin Robinson,http://ufcstats.com/fight-details/d9decf169a2da676
862,103,Kurt Pellegrino vs. Alberto Crane,http://ufcstats.com/fight-details/3957d820e11275f7
861,103,Gray Maynard vs. Dennis Siver,http://ufcstats.com/fight-details/804eff79a58ad250
860,103,Jeremy Stephens vs. Cole Miller,http://ufcstats.com/fight-details/c4b0ef8f42eecbcc
859,103,Corey Hill vs. Joe Veres,http://ufcstats.com/fight-details/e1c333892d395a35
858,103,Matt Wiman vs. Justin Buchholz,http://ufcstats.com/fight-details/fc0d77057ec806fe
857,102,BJ Penn vs. Joe Stevenson,http://ufcstats.com/fight-details/d98d5a3800cd21fb
856,102,Fabricio Werdum vs. Gabriel Gonzaga,http://ufcstats.com/fight-details/f9b600343a31227b
855,102,Marcus Davis vs. Jess Liaudin,http://ufcstats.com/fight-details/524ce5c0d6db74bb
854,102,Wilson Gouveia vs. Jason Lambert,http://ufcstats.com/fight-details/0e37ea649c51fba9
853,102,Jorge Rivera vs. Kendall Grove,http://ufcstats.com/fight-details/74c98716b4a74a3d
852,102,Antoni Hardonk vs. Colin Robinson,http://ufcstats.com/fight-details/26ad51050ea55600
851,102,Paul Kelly vs. Paul Taylor,http://ufcstats.com/fight-details/cfca060f39db1742
850,102,Alessio Sakara vs. James Lee,http://ufcstats.com/fight-details/1197b94bb4b56cc2
849,102,Sam Stout vs. Per Eklund,http://ufcstats.com/fight-details/db68ff7bf2487971
848,101,Georges St-Pierre vs. Matt Hughes,http://ufcstats.com/fight-details/71e3272f7ebcca26
847,101,Chuck Liddell vs. Wanderlei Silva,http://ufcstats.com/fight-details/2c9ddc75869894c5
846,101,Eddie Sanchez vs. Soa Palelei,http://ufcstats.com/fight-details/6d691b736d8c98b0
845,101,Lyoto Machida vs. Rameau Thierry Sokoudjou,http://ufcstats.com/fight-details/2886e831af3994b7
844,101,Rich Clementi vs. Melvin Guillard,http://ufcstats.com/fight-details/17404e252bdab9e7
843,101,James Irvin vs. Luiz Cane,http://ufcstats.com/fight-details/2b2a50d442da2b84
842,101,Manvel Gamburyan vs. Nate Mohr,http://ufcstats.com/fight-details/478b0eaf22475be0
841,101,Dean Lister vs. Jordan Radev,http://ufcstats.com/fight-details/afedd038b986cebc
840,101,Roan Carneiro vs. Tony DeSouza,http://ufcstats.com/fight-details/b03816c9ccd089d7
839,101,Mark Bocek vs. Doug Evans,http://ufcstats.com/fight-details/c1b59b145d064048
838,100,Roger Huerta vs. Clay Guida,http://ufcstats.com/fight-details/6ed5847dd874d2d2
837,100,Mac Danzig vs. Tommy Speer,http://ufcstats.com/fight-details/0fd639e6e28c51bb
836,100,War Machine vs. Jared Rollins,http://ufcstats.com/fight-details/fc1f199c8ba32a19
835,100,George Sotiropoulos vs. Billy Miles,http://ufcstats.com/fight-details/d1ce7361cb4e442b
834,100,Ben Saunders vs. Dan Barrera,http://ufcstats.com/fight-details/7f47865cfb9b0d55
833,100,Troy Mandaloniz vs. Richie Hightower,http://ufcstats.com/fight-details/f62c29310e1d6253
832,100,Matt Arroyo vs. John Kolosci,http://ufcstats.com/fight-details/d3e37d1c95a5f382
831,100,Roman Mitichyan vs. Dorian Price,http://ufcstats.com/fight-details/759659ca9303c720
830,100,Jonathan Goulet vs. Paul Georgieff,http://ufcstats.com/fight-details/e301a2c3a415cd33
829,99,Rashad Evans vs. Michael Bisping,http://ufcstats.com/fight-details/0b217fc503bd0585
828,99,Thiago Silva vs. Houston Alexander,http://ufcstats.com/fight-details/9d59ae86a2e6c444
827,99,Karo Parisyan vs. Ryo Chonan,http://ufcstats.com/fight-details/04995619538ae939
826,99,Ed Herman vs. Joe Doerksen,http://ufcstats.com/fight-details/bdd782059be98dfb
825,99,Frankie Edgar vs. Spencer Fisher,http://ufcstats.com/fight-details/0dddf7ec457caab3
824,99,Thiago Alves vs. Chris Lytle,http://ufcstats.com/fight-details/177201b1a7fa0dd0
823,99,Joe Lauzon vs. Jason Reinhardt,http://ufcstats.com/fight-details/71440bf87b9c58a1
822,99,Marcus Aurelio vs. Luke Caudillo,http://ufcstats.com/fight-details/63cfbf28e44febc2
821,99,Akihiro Gono vs. Tamdan McCrory,http://ufcstats.com/fight-details/ec041009ce404879
820,98,Anderson Silva vs. Rich Franklin,http://ufcstats.com/fight-details/3fe3208df1098fdc
819,98,Tim Sylvia vs. Brandon Vera,http://ufcstats.com/fight-details/2e43a2f6e9336e2b
818,98,Alvin Robinson vs. Jorge Gurgel,http://ufcstats.com/fight-details/2571e91b263df9fb
817,98,Stephan Bonnar vs. Eric Schafer,http://ufcstats.com/fight-details/f4e5f49ca3831e64
816,98,Alan Belcher vs. Kalib Starnes,http://ufcstats.com/fight-details/431282ab4ee417f6
815,98,Yushin Okami vs. Jason MacDonald,http://ufcstats.com/fight-details/c7f6da6cd8e940b2
814,98,Demian Maia vs. Ryan Jensen,http://ufcstats.com/fight-details/5498622706d8dc17
813,98,Joshua Burkman vs. Forrest Petz,http://ufcstats.com/fight-details/a9e13a29a332c886
812,98,Matt Grice vs. Jason Black,http://ufcstats.com/fight-details/91f7986d6fee7d57
811,97,Keith Jardine vs. Chuck Liddell,http://ufcstats.com/fight-details/068e118edac9e057
810,97,Forrest Griffin vs. Mauricio Rua,http://ufcstats.com/fight-details/6773055965441b18
809,97,Jon Fitch vs. Diego Sanchez,http://ufcstats.com/fight-details/344e6898a381648f
808,97,Lyoto Machida vs. Kazuhiro Nakamura,http://ufcstats.com/fight-details/90fb826944c46000
807,97,Tyson Griffin vs. Thiago Tavares,http://ufcstats.com/fight-details/669e3927b38a36fb
806,97,Rich Clementi vs. Anthony Johnson,http://ufcstats.com/fight-details/4a7d39ebc9dce5db
805,97,Jeremy Stephens vs. Diego Saraiva,http://ufcstats.com/fight-details/a1b912fe361f75bc
804,97,Christian Wellisch vs. Scott Junk,http://ufcstats.com/fight-details/51696044aafb2037
803,97,Matt Wiman vs. Michihiro Omigawa,http://ufcstats.com/fight-details/73726e32d26c17ee
802,96,Kenny Florian vs. Din Thomas,http://ufcstats.com/fight-details/62dd8808ce397fa6
801,96,Chris Leben vs. Terry Martin,http://ufcstats.com/fight-details/e7d444e279914116
800,96,Nate Diaz vs. Junior Assuncao,http://ufcstats.com/fight-details/a1950f4bd19ed06f
799,96,Nate Quarry vs. Pete Sell,http://ufcstats.com/fight-details/b46679306287ea79
798,96,Luke Cummo vs. Edilberto de Oliveira,http://ufcstats.com/fight-details/997eda9196aad7f9
797,96,Cole Miller vs. Leonard Garcia,http://ufcstats.com/fight-details/be307e6647a655c8
796,96,Gray Maynard vs. Joe Veres,http://ufcstats.com/fight-details/c86702c01c4cfee2
795,96,Thiago Alves vs. Kuniyoshi Hironaka,http://ufcstats.com/fight-details/c536a1119406c0f0
794,96,Dustin Hazelett vs. Jonathan Goulet,http://ufcstats.com/fight-details/88295b0ab9868db5
793,95,Quinton Jackson vs. Dan Henderson,http://ufcstats.com/fight-details/49458279eafdaf94
792,95,Michael Bisping vs. Matt Hamill,http://ufcstats.com/fight-details/59d456f0da1159cf
791,95,Cheick Kongo vs. Mirko Filipovic,http://ufcstats.com/fight-details/76d490a8bb168c78
790,95,Marcus Davis vs. Paul Taylor,http://ufcstats.com/fight-details/b953a9b5357cbf99
789,95,Houston Alexander vs. Alessio Sakara,http://ufcstats.com/fight-details/79db1d9b15e16b1d
788,95,Gleison Tibau vs. Terry Etim,http://ufcstats.com/fight-details/9971f8bcd3b10069
787,95,Thiago Silva vs. Tomasz Drwal,http://ufcstats.com/fight-details/a3dfa0ac05433450
786,95,Dennis Siver vs. Naoyuki Kotani,http://ufcstats.com/fight-details/574b4599ae9cb64e
785,95,Jess Liaudin vs. Anthony Torres,http://ufcstats.com/fight-details/8f5e57a21383fa87
784,94,Randy Couture vs. Gabriel Gonzaga,http://ufcstats.com/fight-details/2f22e38844aa7d96
783,94,Georges St-Pierre vs. Josh Koscheck,http://ufcstats.com/fight-details/675cbe90f6d96feb
782,94,Roger Huerta vs. Alberto Crane,http://ufcstats.com/fight-details/6ce5d8041189d652
781,94,Joe Stevenson vs. Kurt Pellegrino,http://ufcstats.com/fight-details/f00b588a0d9a90e4
780,94,Patrick Cote vs. Kendall Grove,http://ufcstats.com/fight-details/cc17e4d182235a95
779,94,Renato Sobral vs. David Heath,http://ufcstats.com/fight-details/6b38906e77607c77
778,94,Frank Mir vs. Antoni Hardonk,http://ufcstats.com/fight-details/e7ff18a0cfa09702
777,94,Thales Leites vs. Ryan Jensen,http://ufcstats.com/fight-details/4a9b3b97fa2bbca9
776,94,Clay Guida vs. Marcus Aurelio,http://ufcstats.com/fight-details/fa2271eecde701ed
775,93,Kenny Florian vs. Alvin Robinson,http://ufcstats.com/fight-details/19da32f5af2e8e2b
774,93,Anderson Silva vs. Nate Marquardt,http://ufcstats.com/fight-details/eff9207427f0e02c
773,93,Rashad Evans vs. Tito Ortiz,http://ufcstats.com/fight-details/0ec579db0efcf0c6
772,93,Sean Sherk vs. Hermes Franca,http://ufcstats.com/fight-details/6a9e343bd12dfa64
771,93,Antonio Rodrigo Nogueira vs. Heath Herring,http://ufcstats.com/fight-details/4dd2cd7da33e35d7
770,93,Stephan Bonnar vs. Mike Nickels,http://ufcstats.com/fight-details/340a08b1f3d1dd36
769,93,Jorge Gurgel vs. Diego Saraiva,http://ufcstats.com/fight-details/a8bab8884249f634
768,93,Chris Lytle vs. Jason Gilliam,http://ufcstats.com/fight-details/3aa19b85fbf4114c
767,93,Frankie Edgar vs. Mark Bocek,http://ufcstats.com/fight-details/2748001ead121b8a
766,92,BJ Penn vs. Jens Pulver,http://ufcstats.com/fight-details/30d7a9a1d99b327c
765,92,Nate Diaz vs. Manvel Gamburyan,http://ufcstats.com/fight-details/3542c5c5c5180090
764,92,Thales Leites vs. Floyd Sword,http://ufcstats.com/fight-details/1c36ff6c6284a523
763,92,Roger Huerta vs. Doug Evans,http://ufcstats.com/fight-details/518fec4812ed1587
762,92,Joe Lauzon vs. Brandon Melendez,http://ufcstats.com/fight-details/5ab0e805e90d20d5
761,92,Cole Miller vs. Andy Wang,http://ufcstats.com/fight-details/41c979b223b3fb56
760,92,Gray Maynard vs. Rob Emerson,http://ufcstats.com/fight-details/53343bd123bcf651
759,92,Leonard Garcia vs. Allen Berube,http://ufcstats.com/fight-details/fda850240fb80339
758,92,Matt Wiman vs. Brian Geraghty,http://ufcstats.com/fight-details/62454fb3a4fd5737
757,91,Rich Franklin vs. Yushin Okami,http://ufcstats.com/fight-details/dbc30717a3efba58
756,91,Forrest Griffin vs. Hector Ramirez,http://ufcstats.com/fight-details/6603ed5f10bd8047
755,91,Jason MacDonald vs. Rory Singer,http://ufcstats.com/fight-details/e8005a8c3c029a73
754,91,Tyson Griffin vs. Clay Guida,http://ufcstats.com/fight-details/071d716229f5ae7f
753,91,Ed Herman vs. Scott Smith,http://ufcstats.com/fight-details/805bc227bd40b0cc
752,91,Marcus Davis vs. Jason Tan,http://ufcstats.com/fight-details/f1c1890491959bcf
751,91,Eddie Sanchez vs. Colin Robinson,http://ufcstats.com/fight-details/d4fa680b2a912534
750,91,Dustin Hazelett vs. Stevie Lynch,http://ufcstats.com/fight-details/62048467be051636
749,90,Spencer Fisher vs. Sam Stout,http://ufcstats.com/fight-details/07018cb7ae879456
748,90,Jon Fitch vs. Roan Carneiro,http://ufcstats.com/fight-details/59da727c3ae7b497
747,90,Drew McFedries vs. Jordan Radev,http://ufcstats.com/fight-details/3b52291052353eef
746,90,Thiago Tavares vs. Jason Black,http://ufcstats.com/fight-details/a6edcccdfccb9132
745,90,Forrest Petz vs. Luigi Fioravanti,http://ufcstats.com/fight-details/1e12c4828d576b5c
744,90,Tamdan McCrory vs. Pete Spratt,http://ufcstats.com/fight-details/1d127ec120dcb58e
743,90,Gleison Tibau vs. Jeff Cox,http://ufcstats.com/fight-details/ff8802aae3b81c3f
742,90,Anthony Johnson vs. Chad Reiner,http://ufcstats.com/fight-details/764e5910ac779ae9
741,90,Nate Mohr vs. Luke Caudillo,http://ufcstats.com/fight-details/ee071b5125ced92a
740,89,Quinton Jackson vs. Chuck Liddell,http://ufcstats.com/fight-details/88b225f6f1fa5c59
739,89,Karo Parisyan vs. Joshua Burkman,http://ufcstats.com/fight-details/2ce541a11b2eb392
738,89,Terry Martin vs. Ivan Salaverry,http://ufcstats.com/fight-details/1ac335f049ed4e5e
737,89,Houston Alexander vs. Keith Jardine,http://ufcstats.com/fight-details/5157988b77ca1097
736,89,Kalib Starnes vs. Chris Leben,http://ufcstats.com/fight-details/71348fd10e392dac
735,89,Thiago Silva vs. James Irvin,http://ufcstats.com/fight-details/cc444b10ea87c381
734,89,Alan Belcher vs. Sean Salmon,http://ufcstats.com/fight-details/b6462127cf553ff3
733,89,Din Thomas vs. Jeremy Stephens,http://ufcstats.com/fight-details/a6cb909888f6a495
732,89,Wilson Gouveia vs. Carmelo Marrero,http://ufcstats.com/fight-details/dab2d3e9f2052047
731,88,Gabriel Gonzaga vs. Mirko Filipovic,http://ufcstats.com/fight-details/e7a7ab126225540c
730,88,Andrei Arlovski vs. Fabricio Werdum,http://ufcstats.com/fight-details/57871671074ceb4c
729,88,Michael Bisping vs. Elvis Sinosic,http://ufcstats.com/fight-details/05b7bfd4fe75af69
728,88,Lyoto Machida vs. David Heath,http://ufcstats.com/fight-details/89b27e0bfa4ef4c3
727,88,Cheick Kongo vs. Assuerio Silva,http://ufcstats.com/fight-details/67160b93dec2b399
726,88,Terry Etim vs. Matt Grice,http://ufcstats.com/fight-details/8dbd4d1df2e7ff67
725,88,Junior Assuncao vs. David Lee,http://ufcstats.com/fight-details/4563e02bc4c1a1ef
724,88,Alessio Sakara vs. Victor Valimaki,http://ufcstats.com/fight-details/d8b098e5598509cc
723,88,Jess Liaudin vs. Dennis Siver,http://ufcstats.com/fight-details/bc8e4abec782fd2b
722,88,Paul Taylor vs. Edilberto de Oliveira,http://ufcstats.com/fight-details/57a71ab365d2b64d
721,87,Matt Serra vs. Georges St-Pierre,http://ufcstats.com/fight-details/9f60dd19c5705d45
720,87,Josh Koscheck vs. Diego Sanchez,http://ufcstats.com/fight-details/fc4e42a55ba285f6
719,87,Roger Huerta vs. Leonard Garcia,http://ufcstats.com/fight-details/e7fdbd5c65798a5c
718,87,Yushin Okami vs. Mike Swick,http://ufcstats.com/fight-details/cb93f5f9d09b29f1
717,87,Kendall Grove vs. Alan Belcher,http://ufcstats.com/fight-details/33b9285aec39e37f
716,87,Heath Herring vs. Brad Imes,http://ufcstats.com/fight-details/579f0be80b359d8b
715,87,Thales Leites vs. Pete Sell,http://ufcstats.com/fight-details/54cf1ffbc6e7a9fd
714,87,Marcus Davis vs. Pete Spratt,http://ufcstats.com/fight-details/f25e367b1cb8fab5
713,87,Luke Cummo vs. Josh Haynes,http://ufcstats.com/fight-details/32b058d82c9e38de
712,86,Joe Stevenson vs. Melvin Guillard,http://ufcstats.com/fight-details/e9390cff6e5d52d0
711,86,Justin McCully vs. Antoni Hardonk,http://ufcstats.com/fight-details/fc4fc81d3b7cc3bd
710,86,Kenny Florian vs. Dokonjonosuke Mishima,http://ufcstats.com/fight-details/b2443846570bee7b
709,86,Wilson Gouveia vs. Seth Petruzelli,http://ufcstats.com/fight-details/de2b0b8ef112f3b7
708,86,Drew Fickett vs. Keita Nakamura,http://ufcstats.com/fight-details/73ed365b57dc1a6e
707,86,Kurt Pellegrino vs. Nate Mohr,http://ufcstats.com/fight-details/b15bebf4c6b6f495
706,86,Kuniyoshi Hironaka vs. Forrest Petz,http://ufcstats.com/fight-details/6d370bfe4248dc88
705,86,Roan Carneiro vs. Rich Clementi,http://ufcstats.com/fight-details/460b421493dd9fb8
704,86,Thiago Tavares vs. Naoyuki Kotani,http://ufcstats.com/fight-details/e89db3b111f92587
703,85,Randy Couture vs. Tim Sylvia,http://ufcstats.com/fight-details/7401d0f8ededa102
702,85,Martin Kampmann vs. Drew McFedries,http://ufcstats.com/fight-details/0653b6227894cfd7
701,85,Rich Franklin vs. Jason MacDonald,http://ufcstats.com/fight-details/3404f9095676a556
700,85,Matt Hughes vs. Chris Lytle,http://ufcstats.com/fight-details/204932945d332406
699,85,Jason Lambert vs. Renato Sobral,http://ufcstats.com/fight-details/8ca1bb1b2517f2e5
698,85,Matt Hamill vs. Rex Holman,http://ufcstats.com/fight-details/8afc674a60abab61
697,85,Jon Fitch vs. Luigi Fioravanti,http://ufcstats.com/fight-details/94df6c8cd2256f54
696,85,Gleison Tibau vs. Jason Dent,http://ufcstats.com/fight-details/808d47f905e84e7e
695,85,Jamie Varner vs. Jason Gilliam,http://ufcstats.com/fight-details/85e130a7c48f25f6
694,84,Anderson Silva vs. Travis Lutter,http://ufcstats.com/fight-details/33065e87a42a74a2
693,84,Mirko Filipovic vs. Eddie Sanchez,http://ufcstats.com/fight-details/ca5b6d6a26891f4b
692,84,Roger Huerta vs. John Halverson,http://ufcstats.com/fight-details/5d06b45564f62c80
691,84,Quinton Jackson vs. Marvin Eastman,http://ufcstats.com/fight-details/c1df212ba092c404
690,84,Patrick Cote vs. Scott Smith,http://ufcstats.com/fight-details/f0b7729fba7e4533
689,84,Terry Martin vs. Jorge Rivera,http://ufcstats.com/fight-details/c742bd1673635ded
688,84,Frankie Edgar vs. Tyson Griffin,http://ufcstats.com/fight-details/063599b1d4107289
687,84,Lyoto Machida vs. Sam Hoger,http://ufcstats.com/fight-details/77df989840c76a08
686,84,Dustin Hazelett vs. Diego Saraiva,http://ufcstats.com/fight-details/d6e35b8c66732da6
685,83,Rashad Evans vs. Sean Salmon,http://ufcstats.com/fight-details/88d9e7ec7f228908
684,83,Jake O'Brien vs. Heath Herring,http://ufcstats.com/fight-details/830e59a396dddec3
683,83,Hermes Franca vs. Spencer Fisher,http://ufcstats.com/fight-details/17b2d89ceb879a29
682,83,Nate Marquardt vs. Dean Lister,http://ufcstats.com/fight-details/7253daded133e97c
681,83,Joshua Burkman vs. Chad Reiner,http://ufcstats.com/fight-details/539a550c0c1acd3e
680,83,Ed Herman vs. Chris Price,http://ufcstats.com/fight-details/221928c8441779e4
679,83,Din Thomas vs. Clay Guida,http://ufcstats.com/fight-details/9c9039f921aa86ca
678,83,Rich Clementi vs. Ross Pointon,http://ufcstats.com/fight-details/14df6d96c5f2d1df
677,82,Chuck Liddell vs. Tito Ortiz,http://ufcstats.com/fight-details/f507b715628d7bcb
676,82,Keith Jardine vs. Forrest Griffin,http://ufcstats.com/fight-details/bb007be9f60ab3da
675,82,Jason MacDonald vs. Chris Leben,http://ufcstats.com/fight-details/3825f998c01cbeab
674,82,Andrei Arlovski vs. Marcio Cruz,http://ufcstats.com/fight-details/5027a869467001d3
673,82,Michael Bisping vs. Eric Schafer,http://ufcstats.com/fight-details/da666b02372a465b
672,82,Thiago Alves vs. Tony DeSouza,http://ufcstats.com/fight-details/cc02aaf53503d022
671,82,Gabriel Gonzaga vs. Carmelo Marrero,http://ufcstats.com/fight-details/2606c3853a8c0b62
670,82,Yushin Okami vs. Rory Singer,http://ufcstats.com/fight-details/343b016754852c36
669,82,Christian Wellisch vs. Anthony Perosh,http://ufcstats.com/fight-details/56f77263c75392f2
668,81,Diego Sanchez vs. Joe Riggs,http://ufcstats.com/fight-details/bc0155d267fb5892
667,81,Josh Koscheck vs. Jeff Joslin,http://ufcstats.com/fight-details/0d2314d23dee3796
666,81,Karo Parisyan vs. Drew Fickett,http://ufcstats.com/fight-details/844fc95da48937b3
665,81,Marcus Davis vs. Shonie Carter,http://ufcstats.com/fight-details/a5155aef1093048b
664,81,David Heath vs. Victor Valimaki,http://ufcstats.com/fight-details/4faa30eab9089d71
663,81,Alan Belcher vs. Jorge Santiago,http://ufcstats.com/fight-details/77a8a6e2c3a09d19
662,81,Luigi Fioravanti vs. Dave Menne,http://ufcstats.com/fight-details/e52eae4ea46c6010
661,81,Brock Larson vs. Keita Nakamura,http://ufcstats.com/fight-details/abf6ea197979e634
660,81,Logan Clark vs. Steve Byrnes,http://ufcstats.com/fight-details/8d3c5635cffe12cb
659,80,Georges St-Pierre vs. Matt Hughes,http://ufcstats.com/fight-details/148f5128a45e9212
658,80,Tim Sylvia vs. Jeff Monson,http://ufcstats.com/fight-details/2f379b530fefb7ea
657,80,Drew McFedries vs. Alessio Sakara,http://ufcstats.com/fight-details/cb17062bfd400fb2
656,80,Brandon Vera vs. Frank Mir,http://ufcstats.com/fight-details/ba0a3a4b80418db9
655,80,Joe Stevenson vs. Dokonjonosuke Mishima,http://ufcstats.com/fight-details/e3d9bbea4c51dec4
654,80,Nick Diaz vs. Gleison Tibau,http://ufcstats.com/fight-details/b03109dd04b2fa60
653,80,Antoni Hardonk vs. Sherman Pendergarst,http://ufcstats.com/fight-details/3f7bf047b310943d
652,80,James Irvin vs. Hector Ramirez,http://ufcstats.com/fight-details/719dbfab71e6c0bd
651,80,Jake O'Brien vs. Josh Shockman,http://ufcstats.com/fight-details/f743abae6896c1e8
650,79,Matt Serra vs. Chris Lytle,http://ufcstats.com/fight-details/71900a1af85710a9
649,79,Travis Lutter vs. Patrick Cote,http://ufcstats.com/fight-details/c00a49eadfb592f0
648,79,Din Thomas vs. Rich Clementi,http://ufcstats.com/fight-details/c0e8b02fd4a5e56c
647,79,Jorge Rivera vs. Edwin DeWees,http://ufcstats.com/fight-details/b34aa3946ccfcfbb
646,79,Pete Spratt vs. Jeremy Jackson,http://ufcstats.com/fight-details/4cd909fa0d3e0483
645,79,Scott Smith vs. Pete Sell,http://ufcstats.com/fight-details/36895d9bbf5abc51
644,79,Charles McCarthy vs. Gideon Ray,http://ufcstats.com/fight-details/cf1f2322c4b8bc64
643,79,Martin Kampmann vs. Thales Leites,http://ufcstats.com/fight-details/f8e3b306cf3e6d95
642,78,Anderson Silva vs. Rich Franklin,http://ufcstats.com/fight-details/84efac79989f4d0a
641,78,Sean Sherk vs. Kenny Florian,http://ufcstats.com/fight-details/e30ee434b864e4ac
640,78,Jon Fitch vs. Kuniyoshi Hironaka,http://ufcstats.com/fight-details/1ef09b1bf60f23cb
639,78,Carmelo Marrero vs. Cheick Kongo,http://ufcstats.com/fight-details/95f052cbeb1d5e65
638,78,Spencer Fisher vs. Dan Lauzon,http://ufcstats.com/fight-details/94c1844d487490ef
637,78,Yushin Okami vs. Kalib Starnes,http://ufcstats.com/fight-details/b23c7d4fb2068989
636,78,Clay Guida vs. Justin James,http://ufcstats.com/fight-details/a2e2d0e8b94d8eba
635,78,Kurt Pellegrino vs. Junior Assuncao,http://ufcstats.com/fight-details/7455cb1ee651f774
634,77,Tito Ortiz vs. Ken Shamrock,http://ufcstats.com/fight-details/2cbba9394114edb5
633,77,Kendall Grove vs. Chris Price,http://ufcstats.com/fight-details/2e5a301f042f1fd6
632,77,Jason MacDonald vs. Ed Herman,http://ufcstats.com/fight-details/27cdd152218b44d4
631,77,Matt Hamill vs. Seth Petruzelli,http://ufcstats.com/fight-details/724dd26b47b7349e
630,77,Nate Marquardt vs. Crafton Wallace,http://ufcstats.com/fight-details/fee1d48d7bc17e56
629,77,Tony DeSouza vs. Dustin Hazelett,http://ufcstats.com/fight-details/2e6c21d6bad88346
628,77,Rory Singer vs. Josh Haynes,http://ufcstats.com/fight-details/963631fe3261f8e1
627,77,Thiago Alves vs. John Alessio,http://ufcstats.com/fight-details/ebfdeab96ca766be
626,77,Marcus Davis vs. Forrest Petz,http://ufcstats.com/fight-details/afda8492a55f1c5d
625,76,Matt Hughes vs. BJ Penn,http://ufcstats.com/fight-details/b4a2fc934d4660ff
624,76,Mike Swick vs. David Loiseau,http://ufcstats.com/fight-details/07c3ec83596e9798
623,76,Melvin Guillard vs. Gabe Ruediger,http://ufcstats.com/fight-details/28a8c644c87ce45e
622,76,Rashad Evans vs. Jason Lambert,http://ufcstats.com/fight-details/87c07416af211de1
621,76,Joe Lauzon vs. Jens Pulver,http://ufcstats.com/fight-details/cd9f95344fe14e37
620,76,Roger Huerta vs. Jason Dent,http://ufcstats.com/fight-details/67a3b8dc3c0c3e45
619,76,Eddie Sanchez vs. Mario Neto,http://ufcstats.com/fight-details/9a6b4829863eb9dc
618,76,Jorge Gurgel vs. Danny Abbadi,http://ufcstats.com/fight-details/38231925d72d1309
617,76,Tyson Griffin vs. David Lee,http://ufcstats.com/fight-details/16dcd55681f990c0
616,75,Chuck Liddell vs. Renato Sobral,http://ufcstats.com/fight-details/ec916b9f67175633
615,75,Forrest Griffin vs. Stephan Bonnar,http://ufcstats.com/fight-details/c151729e47d9122b
614,75,Nick Diaz vs. Josh Neer,http://ufcstats.com/fight-details/cd6070783f11619b
613,75,Cheick Kongo vs. Christian Wellisch,http://ufcstats.com/fight-details/2de0acc04cba91d3
612,75,Hermes Franca vs. Jamie Varner,http://ufcstats.com/fight-details/d40bfa821f2fe46a
611,75,Eric Schafer vs. Rob MacDonald,http://ufcstats.com/fight-details/eb5fd91dd3d937db
610,75,Wilson Gouveia vs. Wes Combs,http://ufcstats.com/fight-details/7c7177a028d55964
609,75,David Heath vs. Cory Walmsley,http://ufcstats.com/fight-details/14b61d9b3f6ddd37
608,75,Yushin Okami vs. Alan Belcher,http://ufcstats.com/fight-details/5ed402ad08d9d4f9
607,74,Diego Sanchez vs. Karo Parisyan,http://ufcstats.com/fight-details/8b07bdaa0402bf2b
606,74,Chris Leben vs. Jorge Santiago,http://ufcstats.com/fight-details/8304a0ea004e73f5
605,74,Dean Lister vs. Yuki Sasaki,http://ufcstats.com/fight-details/d14abced904806ca
604,74,Josh Koscheck vs. Jonathan Goulet,http://ufcstats.com/fight-details/9450f80c9fab4da1
603,74,Martin Kampmann vs. Crafton Wallace,http://ufcstats.com/fight-details/1c9798288310201c
602,74,Joe Riggs vs. Jason Von Flue,http://ufcstats.com/fight-details/8e51f8648840eb38
601,74,Jake O'Brien vs. Kristof Midoux,http://ufcstats.com/fight-details/2f4baf8f94c400cd
600,74,Forrest Petz vs. Sammy Morgan,http://ufcstats.com/fight-details/fa2be4b37de934bf
599,74,Anthony Torres vs. Pat Healy,http://ufcstats.com/fight-details/0c96a5a8ab740ca8
598,73,Tim Sylvia vs. Andrei Arlovski,http://ufcstats.com/fight-details/3c3533ba486a2006
597,73,Joshua Burkman vs. Josh Neer,http://ufcstats.com/fight-details/000da3152b7b5ab1
596,73,Tito Ortiz vs. Ken Shamrock,http://ufcstats.com/fight-details/ee6000812e2b9f9d
595,73,Frank Mir vs. Dan Christison,http://ufcstats.com/fight-details/9ce2d0b880e88934
594,73,Joe Stevenson vs. Yves Edwards,http://ufcstats.com/fight-details/4000e1f32058796a
593,73,Hermes Franca vs. Joe Jordan,http://ufcstats.com/fight-details/01733579ef03be00
592,73,Jeff Monson vs. Anthony Perosh,http://ufcstats.com/fight-details/bc7a81a81840e4be
591,73,Cheick Kongo vs. Gilbert Aldana,http://ufcstats.com/fight-details/e3b5f66198161226
590,73,Drew Fickett vs. Kurt Pellegrino,http://ufcstats.com/fight-details/979318b05efd1ea4
589,72,Jonathan Goulet vs. Luke Cummo,http://ufcstats.com/fight-details/c4f05ff2781530f4
588,72,Anderson Silva vs. Chris Leben,http://ufcstats.com/fight-details/ccdd6c7577927a8c
587,72,Rashad Evans vs. Stephan Bonnar,http://ufcstats.com/fight-details/e22b2f50d7eeed3a
586,72,Mark Hominick vs. Jorge Gurgel,http://ufcstats.com/fight-details/e7225dcc3349ae57
585,72,Josh Koscheck vs. Dave Menne,http://ufcstats.com/fight-details/4f1a8eade87e928e
584,72,Jason Lambert vs. Branden Lee Hinkle,http://ufcstats.com/fight-details/b0ba95fd1503411f
583,72,Jon Fitch vs. Thiago Alves,http://ufcstats.com/fight-details/16de071ad45cd350
582,72,Rob MacDonald vs. Kristian Rothaermel,http://ufcstats.com/fight-details/282d8651ca34b7f6
581,72,Jorge Santiago vs. Justin Levens,http://ufcstats.com/fight-details/919c86cce0eca615
580,71,Kenny Florian vs. Sam Stout,http://ufcstats.com/fight-details/7cdb56b2f207a41b
579,71,Michael Bisping vs. Josh Haynes,http://ufcstats.com/fight-details/b48a211abe177846
578,71,Kendall Grove vs. Ed Herman,http://ufcstats.com/fight-details/2b95f2982b19518a
577,71,Keith Jardine vs. Wilson Gouveia,http://ufcstats.com/fight-details/2168b2c814faada6
576,71,Rory Singer vs. Ross Pointon,http://ufcstats.com/fight-details/4df8efe64e83f74e
575,71,Kalib Starnes vs. Danny Abbadi,http://ufcstats.com/fight-details/387bdcc2ca8709c1
574,71,Luigi Fioravanti vs. Solomon Hutcherson,http://ufcstats.com/fight-details/5bfba809430d178b
573,71,Matt Hamill vs. Jesse Forbes,http://ufcstats.com/fight-details/20e28ee267d9b5dc
572,71,Mike Nickels vs. Wes Combs,http://ufcstats.com/fight-details/43e5f75fe9cedafd
571,70,Matt Hughes vs. Royce Gracie,http://ufcstats.com/fight-details/ed3ae3852fe549d4
570,70,Dean Lister vs. Alessio Sakara,http://ufcstats.com/fight-details/356fdab9bc109093
569,70,Diego Sanchez vs. John Alessio,http://ufcstats.com/fight-details/d490c78bd5d0145a
568,70,Brandon Vera vs. Assuerio Silva,http://ufcstats.com/fight-details/c66bd50ed1e75d2b
567,70,Mike Swick vs. Joe Riggs,http://ufcstats.com/fight-details/c409c3a5eda764ba
566,70,Jeremy Horn vs. Chael Sonnen,http://ufcstats.com/fight-details/d1b8ff290d09013b
565,70,Spencer Fisher vs. Matt Wiman,http://ufcstats.com/fight-details/857365273ed2f353
564,70,Gabriel Gonzaga vs. Fabiano Scherner,http://ufcstats.com/fight-details/3df422ea531e16c6
563,70,Melvin Guillard vs. Rick Davis,http://ufcstats.com/fight-details/25acf5f94667e79d
562,69,Tim Sylvia vs. Andrei Arlovski,http://ufcstats.com/fight-details/57a7767c4255e034
561,69,Sean Sherk vs. Nick Diaz,http://ufcstats.com/fight-details/fef433a7cb7a2029
560,69,Tito Ortiz vs. Forrest Griffin,http://ufcstats.com/fight-details/5f9b063630e52778
559,69,Evan Tanner vs. Justin Levens,http://ufcstats.com/fight-details/f747fbe721cdb042
558,69,Jeff Monson vs. Marcio Cruz,http://ufcstats.com/fight-details/fb972da69450127f
557,69,Karo Parisyan vs. Nick Thompson,http://ufcstats.com/fight-details/0a083ab881ef3a5f
556,69,David Terrell vs. Scott Smith,http://ufcstats.com/fight-details/fdafa20b7ec8cb44
555,69,Jason Lambert vs. Terry Martin,http://ufcstats.com/fight-details/3fe41b95899316d5
554,69,Thiago Alves vs. Derrick Noble,http://ufcstats.com/fight-details/12231c1ca2e09011
553,68,Stephan Bonnar vs. Keith Jardine,http://ufcstats.com/fight-details/d39ce3ecd3fbdadf
552,68,Rashad Evans vs. Sam Hoger,http://ufcstats.com/fight-details/99eb03e6c7dc4be2
551,68,Josh Neer vs. Joe Stevenson,http://ufcstats.com/fight-details/d066287b31c871a6
550,68,Chris Leben vs. Luigi Fioravanti,http://ufcstats.com/fight-details/44a79a250fdd61cd
549,68,Luke Cummo vs. Jason Von Flue,http://ufcstats.com/fight-details/3adae93bbf06287a
548,68,Jon Fitch vs. Joshua Burkman,http://ufcstats.com/fight-details/eeb77732d7c3389a
547,68,Dan Christison vs. Brad Imes,http://ufcstats.com/fight-details/fb1f1b0c9ef454dc
546,68,Josh Koscheck vs. Ansar Chalangov,http://ufcstats.com/fight-details/622cada31f247f9a
545,68,Chael Sonnen vs. Trevor Prangley,http://ufcstats.com/fight-details/fa193b3d07c0ed9b
544,67,Rich Franklin vs. David Loiseau,http://ufcstats.com/fight-details/002cb1bb411c5f60
543,67,Mike Swick vs. Steve Vigneault,http://ufcstats.com/fight-details/f989a1acbda0e16a
542,67,Georges St-Pierre vs. BJ Penn,http://ufcstats.com/fight-details/817c3b44517daa91
541,67,Nate Marquardt vs. Joe Doerksen,http://ufcstats.com/fight-details/00dc5354794818a7
540,67,Mark Hominick vs. Yves Edwards,http://ufcstats.com/fight-details/0cc225bf45697271
539,67,Sam Stout vs. Spencer Fisher,http://ufcstats.com/fight-details/7ba640f8b70bc685
538,67,Jason Lambert vs. Rob MacDonald,http://ufcstats.com/fight-details/7ca8095148c23b71
537,67,Tom Murphy vs. Icho Larenas,http://ufcstats.com/fight-details/82a5e1bba6b843be
536,66,Chuck Liddell vs. Randy Couture,http://ufcstats.com/fight-details/0e94e0a8c2130cea
535,66,Brandon Vera vs. Justin Eilers,http://ufcstats.com/fight-details/235e4c69d5d945e8
534,66,Marcio Cruz vs. Frank Mir,http://ufcstats.com/fight-details/44592a74cda71275
533,66,Renato Sobral vs. Mike van Arsdale,http://ufcstats.com/fight-details/357f438c15e1326f
532,66,Joe Riggs vs. Nick Diaz,http://ufcstats.com/fight-details/d9499d55f9f53112
531,66,Alessio Sakara vs. Elvis Sinosic,http://ufcstats.com/fight-details/14850f48b2bede47
530,66,Paul Buentello vs. Gilbert Aldana,http://ufcstats.com/fight-details/bb5ceaf835c0bb18
529,66,Jeff Monson vs. Branden Lee Hinkle,http://ufcstats.com/fight-details/d49bc8e4e5613614
528,66,Keith Jardine vs. Mike Whitehead,http://ufcstats.com/fight-details/a63ed5d48f00ad18
527,65,Tim Sylvia vs. Assuerio Silva,http://ufcstats.com/fight-details/537012aa6fb20f00
526,65,Stephan Bonnar vs. James Irvin,http://ufcstats.com/fight-details/bd5afec6940c5d32
525,65,Joshua Burkman vs. Drew Fickett,http://ufcstats.com/fight-details/fbd75b08f377d149
524,65,Chris Leben vs. Jorge Rivera,http://ufcstats.com/fight-details/0582b78dc635301b
523,65,Josh Neer vs. Melvin Guillard,http://ufcstats.com/fight-details/e55b69543aa74907
522,65,Duane Ludwig vs. Jonathan Goulet,http://ufcstats.com/fight-details/392089df68b1a721
521,65,Spencer Fisher vs. Aaron Riley,http://ufcstats.com/fight-details/52125c3e41a1bd1e
520,65,Jason Von Flue vs. Alex Karalexis,http://ufcstats.com/fight-details/d0fcabb07a3e9500
519,64,Rich Franklin vs. Nate Quarry,http://ufcstats.com/fight-details/2dfda46cbc17bc99
518,64,Gabriel Gonzaga vs. Kevin Jordan,http://ufcstats.com/fight-details/670db5afcb26df7c
517,64,Matt Hughes vs. Joe Riggs,http://ufcstats.com/fight-details/8062a7852a8b1560
516,64,Georges St-Pierre vs. Sean Sherk,http://ufcstats.com/fight-details/388df822e50b04f8
515,64,Jeremy Horn vs. Trevor Prangley,http://ufcstats.com/fight-details/5f9d5ebe5ec28753
514,64,Sam Hoger vs. Jeff Newton,http://ufcstats.com/fight-details/84c510ab7e764598
513,64,Thiago Alves vs. Ansar Chalangov,http://ufcstats.com/fight-details/678af75cb4c155a9
512,64,Nick Thompson vs. Keith Wisniewski,http://ufcstats.com/fight-details/57b5e8bda9447b77
511,63,Diego Sanchez vs. Nick Diaz,http://ufcstats.com/fight-details/2eb9b36c09c00d69
510,63,Rashad Evans vs. Brad Imes,http://ufcstats.com/fight-details/c22f4a7540cffdda
509,63,Joe Stevenson vs. Luke Cummo,http://ufcstats.com/fight-details/e364cd5772cfd27c
508,63,Kenny Florian vs. Kit Cope,http://ufcstats.com/fight-details/19646a0c8baee966
507,63,Joshua Burkman vs. Sammy Morgan,http://ufcstats.com/fight-details/e050c299ffa1f2d3
506,63,Melvin Guillard vs. Marcus Davis,http://ufcstats.com/fight-details/f846fd001397db45
505,63,Keith Jardine vs. Kerry Schall,http://ufcstats.com/fight-details/39c4f4a1aff68189
504,62,Andrei Arlovski vs. Paul Buentello,http://ufcstats.com/fight-details/1c45d0feab67364f
503,62,Branden Lee Hinkle vs. Sean Gannon,http://ufcstats.com/fight-details/f8a90f8a7beaa330
502,62,Forrest Griffin vs. Elvis Sinosic,http://ufcstats.com/fight-details/e917559aedf85a98
501,62,Renato Sobral vs. Chael Sonnen,http://ufcstats.com/fight-details/75926dd5b984aa06
500,62,Joe Riggs vs. Chris Lytle,http://ufcstats.com/fight-details/f15be91b30b11e0c
499,62,Jorge Rivera vs. Dennis Hallman,http://ufcstats.com/fight-details/06a75406d3dd5cfd
498,62,Marcio Cruz vs. Keigo Kunihara,http://ufcstats.com/fight-details/fea1931b041cc5ff
497,62,Alessio Sakara vs. Ron Faircloth,http://ufcstats.com/fight-details/2aa175f3ebffcdf2
496,61,David Loiseau vs. Evan Tanner,http://ufcstats.com/fight-details/5521b9bb8f220993
495,61,Chris Leben vs. Edwin DeWees,http://ufcstats.com/fight-details/0731a4519d64df6d
494,61,Brandon Vera vs. Fabiano Scherner,http://ufcstats.com/fight-details/6ddabf12abd6fe25
493,61,Drew Fickett vs. Josh Koscheck,http://ufcstats.com/fight-details/f5cb6cbb09ee8a16
492,61,Spencer Fisher vs. Thiago Alves,http://ufcstats.com/fight-details/926091425f88d038
491,61,Jon Fitch vs. Brock Larson,http://ufcstats.com/fight-details/5f2240d94375f907
490,61,Jonathan Goulet vs. Jay Hieron,http://ufcstats.com/fight-details/c25a97523bf56e49
489,60,Chuck Liddell vs. Jeremy Horn,http://ufcstats.com/fight-details/5a3fcd3d3a1e1c38
488,60,Tim Sylvia vs. Tra Telligman,http://ufcstats.com/fight-details/8a380b11aaf82c49
487,60,Randy Couture vs. Mike van Arsdale,http://ufcstats.com/fight-details/093ef5ab2081cf65
486,60,Diego Sanchez vs. Brian Gassaway,http://ufcstats.com/fight-details/d250a9d1c602e266
485,60,Georges St-Pierre vs. Frank Trigg,http://ufcstats.com/fight-details/beaa6ae419b8c8c6
484,60,Matt Lindland vs. Joe Doerksen,http://ufcstats.com/fight-details/adc0b9c6afe76c23
483,60,Trevor Prangley vs. Travis Lutter,http://ufcstats.com/fight-details/ee69302c232e0909
482,60,James Irvin vs. Terry Martin,http://ufcstats.com/fight-details/42957e04417af1d8
481,59,Nate Marquardt vs. Ivan Salaverry,http://ufcstats.com/fight-details/fd2f0f36b1eb5f83
480,59,Chris Leben vs. Patrick Cote,http://ufcstats.com/fight-details/389b7ca84b333c4c
479,59,Stephan Bonnar vs. Sam Hoger,http://ufcstats.com/fight-details/994739f676c2105f
478,59,Nate Quarry vs. Pete Sell,http://ufcstats.com/fight-details/bf1525f9761a116e
477,59,Josh Koscheck vs. Pete Spratt,http://ufcstats.com/fight-details/44e4a1caae180261
476,59,Mike Swick vs. Gideon Ray,http://ufcstats.com/fight-details/b2f604f2332cd8af
475,59,Kenny Florian vs. Alex Karalexis,http://ufcstats.com/fight-details/c2c000a37a89b82f
474,59,Drew Fickett vs. Josh Neer,http://ufcstats.com/fight-details/7acca0910edd7023
473,58,Andrei Arlovski vs. Justin Eilers,http://ufcstats.com/fight-details/a507bfa374885a25
472,58,Karo Parisyan vs. Matt Serra,http://ufcstats.com/fight-details/d80b07269dd36aad
471,58,Rich Franklin vs. Evan Tanner,http://ufcstats.com/fight-details/98cc8f5dd64895c4
470,58,Forrest Griffin vs. Bill Mahood,http://ufcstats.com/fight-details/ea8b1a909155b0c2
469,58,Paul Buentello vs. Kevin Jordan,http://ufcstats.com/fight-details/fb252c420e9830cd
468,58,Nate Quarry vs. Shonie Carter,http://ufcstats.com/fight-details/ca3230227ee700b7
467,58,David Loiseau vs. Charles McCarthy,http://ufcstats.com/fight-details/e5261884b0a0ed39
466,58,Nick Diaz vs. Koji Oishi,http://ufcstats.com/fight-details/07886c772e37d5de
465,57,Chuck Liddell vs. Randy Couture,http://ufcstats.com/fight-details/2ae8623ef4156105
464,57,Renato Sobral vs. Travis Wiuff,http://ufcstats.com/fight-details/cb8e91f8b9f0e24f
463,57,Matt Hughes vs. Frank Trigg,http://ufcstats.com/fight-details/b1b66441acc5e8df
462,57,Matt Lindland vs. Travis Lutter,http://ufcstats.com/fight-details/36dbc3cee586e53d
461,57,Georges St-Pierre vs. Jason Miller,http://ufcstats.com/fight-details/f4e6f8223d0816fe
460,57,Ivan Salaverry vs. Joe Riggs,http://ufcstats.com/fight-details/5d72fa4562b13f7b
459,57,Joe Doerksen vs. Patrick Cote,http://ufcstats.com/fight-details/026e64f70e319e00
458,57,Mike van Arsdale vs. John Marsh,http://ufcstats.com/fight-details/5e1b0e52d2bb1b5c
457,56,Rich Franklin vs. Ken Shamrock,http://ufcstats.com/fight-details/c50a3025d1519fc8
456,56,Forrest Griffin vs. Stephan Bonnar,http://ufcstats.com/fight-details/4705a4db0bf1edcd
455,56,Diego Sanchez vs. Kenny Florian,http://ufcstats.com/fight-details/d172d88fbeb8c6a8
454,56,Sam Hoger vs. Bobby Southworth,http://ufcstats.com/fight-details/ddb950831580a5fe
453,56,Chris Leben vs. Jason Thacker,http://ufcstats.com/fight-details/a3b268798d3ab216
452,56,Josh Koscheck vs. Chris Sanford,http://ufcstats.com/fight-details/61733e5f00f4e194
451,56,Nate Quarry vs. Lodune Sincaid,http://ufcstats.com/fight-details/f434775e97920d95
450,56,Mike Swick vs. Alex Schoenauer,http://ufcstats.com/fight-details/74f757bacb86a71c
449,56,Alex Karalexis vs. Josh Rafferty,http://ufcstats.com/fight-details/17affee2c796c225
448,55,Tito Ortiz vs. Vitor Belfort,http://ufcstats.com/fight-details/4fb2c181e8fd5910
447,55,Pete Sell vs. Phil Baroni,http://ufcstats.com/fight-details/987b6b4f7825e40e
446,55,Andrei Arlovski vs. Tim Sylvia,http://ufcstats.com/fight-details/dae856cb00cf5163
445,55,Evan Tanner vs. David Terrell,http://ufcstats.com/fight-details/7cfc8649d07b704c
444,55,Paul Buentello vs. Justin Eilers,http://ufcstats.com/fight-details/c91ef06766009965
443,55,Mike Kyle vs. James Irvin,http://ufcstats.com/fight-details/48189cad0c11ff63
442,55,David Loiseau vs. Gideon Ray,http://ufcstats.com/fight-details/e30780438191654f
441,55,Karo Parisyan vs. Chris Lytle,http://ufcstats.com/fight-details/45a52e065b73ecba
440,55,Nick Diaz vs. Drew Fickett,http://ufcstats.com/fight-details/e8196de20c4a969a
439,54,Tito Ortiz vs. Patrick Cote,http://ufcstats.com/fight-details/9422b3caf780a995
438,54,Rich Franklin vs. Jorge Rivera,http://ufcstats.com/fight-details/b76a722dd429612e
437,54,Matt Hughes vs. Georges St-Pierre,http://ufcstats.com/fight-details/6f21a27075f0695c
436,54,Frank Trigg vs. Renato Verissimo,http://ufcstats.com/fight-details/1a471a1bff47a960
435,54,Evan Tanner vs. Robbie Lawler,http://ufcstats.com/fight-details/929fb67b49eaa405
434,54,Ivan Salaverry vs. Tony Fryklund,http://ufcstats.com/fight-details/0d15b14d1215c853
433,54,Travis Lutter vs. Marvin Eastman,http://ufcstats.com/fight-details/dc9b52352dca15ef
432,53,Randy Couture vs. Vitor Belfort,http://ufcstats.com/fight-details/977e56ada4acc596
431,53,Joe Riggs vs. Joe Doerksen,http://ufcstats.com/fight-details/719f21fdb310fcfb
430,53,Chuck Liddell vs. Vernon White,http://ufcstats.com/fight-details/ebd51f898209c4c8
429,53,David Terrell vs. Matt Lindland,http://ufcstats.com/fight-details/6e2254b4fd39ce40
428,53,Justin Eilers vs. Mike Kyle,http://ufcstats.com/fight-details/c74eef9b337602c6
427,53,Chris Lytle vs. Ronald Jhun,http://ufcstats.com/fight-details/5db23cc876db1619
426,53,Karo Parisyan vs. Nick Diaz,http://ufcstats.com/fight-details/6996eb7755709945
425,53,Yves Edwards vs. Josh Thomson,http://ufcstats.com/fight-details/c9c5b2507c6be9e3
424,52,Ken Shamrock vs. Kimo Leopoldo,http://ufcstats.com/fight-details/66eaf9f4a2cd67d8
423,52,Frank Trigg vs. Dennis Hallman,http://ufcstats.com/fight-details/1201d192092baacf
422,52,Frank Mir vs. Tim Sylvia,http://ufcstats.com/fight-details/dffef4343e822399
421,52,Matt Hughes vs. Renato Verissimo,http://ufcstats.com/fight-details/5261874c58322b46
420,52,Evan Tanner vs. Phil Baroni,http://ufcstats.com/fight-details/7014356795515aea
419,52,Matt Serra vs. Ivan Menjivar,http://ufcstats.com/fight-details/41222c4fab03d6f8
418,52,Georges St-Pierre vs. Jay Hieron,http://ufcstats.com/fight-details/a40e421630b67e5c
417,52,Trevor Prangley vs. Curtis Stout,http://ufcstats.com/fight-details/5cbd93c68225a845
416,51,Chuck Liddell vs. Tito Ortiz,http://ufcstats.com/fight-details/2dbd0bc3e61ca00b
415,51,Chris Lytle vs. Tiki Ghosn,http://ufcstats.com/fight-details/eecbc6c850e62d97
414,51,Yves Edwards vs. Hermes Franca,http://ufcstats.com/fight-details/268f0fcc45e1a6fe
413,51,Andrei Arlovski vs. Wesley Correira,http://ufcstats.com/fight-details/0f23c5569204a69b
412,51,Nick Diaz vs. Robbie Lawler,http://ufcstats.com/fight-details/0374646197b8e0fa
411,51,Mike Kyle vs. Wes Sims,http://ufcstats.com/fight-details/3b8bfe14b0c297b2
410,51,Jonathan Wiezorek vs. Wade Shipp,http://ufcstats.com/fight-details/ba5e8c30d41559fd
409,51,Genki Sudo vs. Mike Brown,http://ufcstats.com/fight-details/1d9d91f78334129d
408,50,Vitor Belfort vs. Randy Couture,http://ufcstats.com/fight-details/9cd343b9d5d87528
407,50,Renato Verissimo vs. Carlos Newton,http://ufcstats.com/fight-details/829146a45b3b236b
406,50,BJ Penn vs. Matt Hughes,http://ufcstats.com/fight-details/4076a87092da5bfa
405,50,Frank Mir vs. Wes Sims,http://ufcstats.com/fight-details/476548ca3d8cf0ee
404,50,Lee Murray vs. Jorge Rivera,http://ufcstats.com/fight-details/bee02eaf332eb7f1
403,50,Georges St-Pierre vs. Karo Parisyan,http://ufcstats.com/fight-details/1bc4996fa543a91a
402,50,Josh Thomson vs. Hermes Franca,http://ufcstats.com/fight-details/fab7e4790b11de3c
401,50,Matt Serra vs. Jeff Curran,http://ufcstats.com/fight-details/5bdaa71a5daebcb5
400,49,Matt Hughes vs. Frank Trigg,http://ufcstats.com/fight-details/2cfde31b41b2220d
399,49,Matt Lindland vs. Falaniko Vitale,http://ufcstats.com/fight-details/9f108233c7c787d9
398,49,Wesley Correira vs. David Abbott,http://ufcstats.com/fight-details/d1d33be012417f75
397,49,Evan Tanner vs. Phil Baroni,http://ufcstats.com/fight-details/b35adb9d047f5cd8
396,49,Robbie Lawler vs. Chris Lytle,http://ufcstats.com/fight-details/7d2d327fd7580364
395,49,Pedro Rizzo vs. Ricco Rodriguez,http://ufcstats.com/fight-details/906d6f62fb7f9b19
394,49,Keith Rockel vs. Chris Liguori,http://ufcstats.com/fight-details/61a211b4a7f942cd
393,49,Yves Edwards vs. Nick Agallar,http://ufcstats.com/fight-details/823d7037552a8907
392,48,Randy Couture vs. Tito Ortiz,http://ufcstats.com/fight-details/6cd107e2f5886b25
391,48,Andrei Arlovski vs. Vladimir Matyushenko,http://ufcstats.com/fight-details/fdb4ea9783c4452a
390,48,Tim Sylvia vs. Gan McGee,http://ufcstats.com/fight-details/6e7eb1720bec2bca
389,48,Jorge Rivera vs. David Loiseau,http://ufcstats.com/fight-details/ac6fd4c78f0e3198
388,48,Rich Franklin vs. Edwin DeWees,http://ufcstats.com/fight-details/180128adae7897db
387,48,Karo Parisyan vs. Dave Strasser,http://ufcstats.com/fight-details/e5b2782426c8109c
386,48,Josh Thomson vs. Gerald Strebendt,http://ufcstats.com/fight-details/3cdcaa0a59dfb8ea
385,48,Nick Diaz vs. Jeremy Jackson,http://ufcstats.com/fight-details/5ac9cf4ffc15ccca
384,48,Hermes Franca vs. Caol Uno,http://ufcstats.com/fight-details/10976fbb37d41c43
383,47,Randy Couture vs. Chuck Liddell,http://ufcstats.com/fight-details/c83cba9573cca196
382,47,Kimo Leopoldo vs. David Abbott,http://ufcstats.com/fight-details/ffe629a5232a878b
381,47,Vitor Belfort vs. Marvin Eastman,http://ufcstats.com/fight-details/400aa8a24e1d8997
380,47,Vernon White vs. Ian Freeman,http://ufcstats.com/fight-details/ed503d1c8963d894
379,47,Frank Mir vs. Wes Sims,http://ufcstats.com/fight-details/b5854feb57f40bb4
378,47,Yves Edwards vs. Eddie Ruiz,http://ufcstats.com/fight-details/be0507682d0ce713
377,47,Falaniko Vitale vs. Matt Lindland,http://ufcstats.com/fight-details/4f5ce22f8384d151
376,47,Pedro Rizzo vs. Tra Telligman,http://ufcstats.com/fight-details/9fb822537c12d726
375,46,Matt Hughes vs. Sean Sherk,http://ufcstats.com/fight-details/00a5e033391bf8df
374,46,Pete Spratt vs. Robbie Lawler,http://ufcstats.com/fight-details/808245ba66df5f1c
373,46,Dave Strasser vs. Romie Aram,http://ufcstats.com/fight-details/9f5f9173666ce1b7
372,46,Wesley Correira vs. Sean Alvarez,http://ufcstats.com/fight-details/4e75ed154de637e2
371,46,Rich Franklin vs. Evan Tanner,http://ufcstats.com/fight-details/af59e32a5b3f6065
370,46,Duane Ludwig vs. Genki Sudo,http://ufcstats.com/fight-details/5a9657d4faeea2c5
369,46,Hermes Franca vs. Richard Crunkilton,http://ufcstats.com/fight-details/363efd241750c23d
368,46,David Loiseau vs. Mark Weir,http://ufcstats.com/fight-details/863319fd2e711ffc
367,45,Tim Sylvia vs. Ricco Rodriguez,http://ufcstats.com/fight-details/334cd8572d9842cb
366,45,Frank Mir vs. David Abbott,http://ufcstats.com/fight-details/a85a0831580696ff
365,45,BJ Penn vs. Caol Uno,http://ufcstats.com/fight-details/63ff2ed92c800ef8
364,45,Matt Lindland vs. Phil Baroni,http://ufcstats.com/fight-details/795c682c30d66c19
363,45,Vladimir Matyushenko vs. Pedro Rizzo,http://ufcstats.com/fight-details/558ef0822c8fa5b9
362,45,Din Thomas vs. Matt Serra,http://ufcstats.com/fight-details/6a0c5b9079a4128e
361,45,Gan McGee vs. Alexandre Dantas,http://ufcstats.com/fight-details/62ed2b178310306e
360,45,Yves Edwards vs. Rich Clementi,http://ufcstats.com/fight-details/0dade757305afebd
359,44,Tito Ortiz vs. Ken Shamrock,http://ufcstats.com/fight-details/9e6f956caa7b549b
358,44,Chuck Liddell vs. Renato Sobral,http://ufcstats.com/fight-details/9a0865000a3d642e
357,44,Matt Hughes vs. Gil Castillo,http://ufcstats.com/fight-details/b0bb09e4ca8343af
356,44,Carlos Newton vs. Pete Spratt,http://ufcstats.com/fight-details/497a87188392e057
355,44,Robbie Lawler vs. Tiki Ghosn,http://ufcstats.com/fight-details/68b141785f76575b
354,44,Andrei Arlovski vs. Ian Freeman,http://ufcstats.com/fight-details/9d9c2c8802d21887
353,44,Vladimir Matyushenko vs. Travis Wiuff,http://ufcstats.com/fight-details/754882d95491d287
352,44,Phillip Miller vs. Mark Weir,http://ufcstats.com/fight-details/e66eebeff23ceb1e
351,43,Ricco Rodriguez vs. Randy Couture,http://ufcstats.com/fight-details/e06ff3d3f1c0ab69
350,43,Tim Sylvia vs. Wesley Correira,http://ufcstats.com/fight-details/ffe4379d6bd1e82b
349,43,BJ Penn vs. Matt Serra,http://ufcstats.com/fight-details/b0ed7f6450ad33c5
348,43,Caol Uno vs. Din Thomas,http://ufcstats.com/fight-details/826b03504b9bad4e
347,43,Gan McGee vs. Pedro Rizzo,http://ufcstats.com/fight-details/56ba0c15cf501669
346,43,Phil Baroni vs. Dave Menne,http://ufcstats.com/fight-details/20a6710c50698166
345,43,Matt Lindland vs. Ivan Salaverry,http://ufcstats.com/fight-details/e7183e758f6b8bda
344,43,Sean Sherk vs. Benji Radach,http://ufcstats.com/fight-details/9e62f31318d21a32
343,42,Matt Hughes vs. Carlos Newton,http://ufcstats.com/fight-details/0f6dd5d9a96ceb9d
342,42,Ian Freeman vs. Frank Mir,http://ufcstats.com/fight-details/2a2f50039ac636d0
341,42,Mark Weir vs. Eugene Jackson,http://ufcstats.com/fight-details/38d8b19a1ef5942a
340,42,Genki Sudo vs. Leigh Remedios,http://ufcstats.com/fight-details/fb93d1cafcc6b455
339,42,Phillip Miller vs. James Zikic,http://ufcstats.com/fight-details/90b36806779330b9
338,42,Renato Sobral vs. Elvis Sinosic,http://ufcstats.com/fight-details/1531cb3152157ada
337,42,Evan Tanner vs. Chris Haseman,http://ufcstats.com/fight-details/b5c4fbd6e1d94594
336,41,Chuck Liddell vs. Vitor Belfort,http://ufcstats.com/fight-details/2d1c4027b8e50a0d
335,41,Benji Radach vs. Nick Serra,http://ufcstats.com/fight-details/255da7afa89eb0e5
334,41,Pete Spratt vs. Zach Light,http://ufcstats.com/fight-details/3c27780140809908
333,41,Robbie Lawler vs. Steve Berger,http://ufcstats.com/fight-details/37ae54e5a84fd646
332,41,Tony Fryklund vs. Rodrigo Ruas,http://ufcstats.com/fight-details/0e30b22cd0987640
331,41,Yves Edwards vs. Joao Pierini,http://ufcstats.com/fight-details/5637c7b3e4131941
330,40,Murilo Bustamante vs. Matt Lindland,http://ufcstats.com/fight-details/188537d906b30a7c
329,40,Ricco Rodriguez vs. Tsuyoshi Kohsaka,http://ufcstats.com/fight-details/18273af728dda0c8
328,40,BJ Penn vs. Paul Creighton,http://ufcstats.com/fight-details/92de601366ced6dc
327,40,Phil Baroni vs. Amar Suloev,http://ufcstats.com/fight-details/56812137775844c8
326,40,Caol Uno vs. Yves Edwards,http://ufcstats.com/fight-details/1228c4297882e8ba
325,40,Ivan Salaverry vs. Andrei Semenov,http://ufcstats.com/fight-details/b82abffcf66db401
324,40,Benji Radach vs. Steve Berger,http://ufcstats.com/fight-details/fe60fd0ee67902dc
323,40,Robbie Lawler vs. Aaron Riley,http://ufcstats.com/fight-details/5550e3d9ff8b965c
322,39,Josh Barnett vs. Randy Couture,http://ufcstats.com/fight-details/38dbb6f2e1456acd
321,39,Pedro Rizzo vs. Andrei Arlovski,http://ufcstats.com/fight-details/efc865fce64b5848
320,39,Matt Hughes vs. Hayato Sakurai,http://ufcstats.com/fight-details/e7833d5728f3ebef
319,39,Matt Lindland vs. Pat Miletich,http://ufcstats.com/fight-details/3c2ac653409cf5f2
318,39,Evan Tanner vs. Elvis Sinosic,http://ufcstats.com/fight-details/1c0f5152b0bbef05
317,39,Frank Mir vs. Pete Williams,http://ufcstats.com/fight-details/7468f870b08aaccc
316,39,Matt Serra vs. Kelly Dullanty,http://ufcstats.com/fight-details/ef83377d584ec055
315,39,Sean Sherk vs. Jutaro Nakao,http://ufcstats.com/fight-details/87f39e0d82349c3b
314,38,Jens Pulver vs. BJ Penn,http://ufcstats.com/fight-details/e1bc211f43378ee7
313,38,Ricco Rodriguez vs. Jeff Monson,http://ufcstats.com/fight-details/0ff019f37961b954
312,38,Murilo Bustamante vs. Dave Menne,http://ufcstats.com/fight-details/cfa9bc77c803956e
311,38,Chuck Liddell vs. Amar Suloev,http://ufcstats.com/fight-details/0fe4e788b16c03cd
310,38,Andrei Semenov vs. Ricardo Almeida,http://ufcstats.com/fight-details/17ba2950b7f6d64a
309,38,Kevin Randleman vs. Renato Sobral,http://ufcstats.com/fight-details/f67fa758cc79cd65
308,38,Gil Castillo vs. Chris Brennan,http://ufcstats.com/fight-details/8762b96aaefb03af
307,38,Eugene Jackson vs. Keith Rockel,http://ufcstats.com/fight-details/1f299942446461e9
306,37,Randy Couture vs. Pedro Rizzo,http://ufcstats.com/fight-details/bce4808806f88c99
305,37,Ricco Rodriguez vs. Pete Williams,http://ufcstats.com/fight-details/7c76b3c48a5583df
304,37,Matt Hughes vs. Carlos Newton,http://ufcstats.com/fight-details/57f4aac17f067c11
303,37,BJ Penn vs. Caol Uno,http://ufcstats.com/fight-details/f20bd0b549e1a97d
302,37,Josh Barnett vs. Bobby Hoffman,http://ufcstats.com/fight-details/c3b2a72cc291db4e
301,37,Evan Tanner vs. Homer Moore,http://ufcstats.com/fight-details/7ea81958dfb80d70
300,37,Matt Lindland vs. Phil Baroni,http://ufcstats.com/fight-details/e4628e64a2ef7100
299,37,Frank Mir vs. Roberto Traven,http://ufcstats.com/fight-details/586635087cdfbbcc
298,36,Tito Ortiz vs. Vladimir Matyushenko,http://ufcstats.com/fight-details/ea64af61ed03453f
297,36,Jens Pulver vs. Dennis Hallman,http://ufcstats.com/fight-details/970c2beda72908c6
296,36,Chuck Liddell vs. Murilo Bustamante,http://ufcstats.com/fight-details/a6a4be467d12ea5c
295,36,Matt Serra vs. Yves Edwards,http://ufcstats.com/fight-details/3b63f4fb24694d74
294,36,Dave Menne vs. Gil Castillo,http://ufcstats.com/fight-details/37cb7ce0f0b70640
293,36,Jutaro Nakao vs. Tony DeSouza,http://ufcstats.com/fight-details/2e2b70a5294012bd
292,36,Ricardo Almeida vs. Eugene Jackson,http://ufcstats.com/fight-details/fb1fe28a5d97db51
291,36,Din Thomas vs. Fabiano Iha,http://ufcstats.com/fight-details/9cd5a54a285653c2
290,35,Tito Ortiz vs. Elvis Sinosic,http://ufcstats.com/fight-details/40dbe22895f98978
289,35,BJ Penn vs. Din Thomas,http://ufcstats.com/fight-details/5e80048e6a5681b8
288,35,Josh Barnett vs. Semmy Schilt,http://ufcstats.com/fight-details/09da511e611b4eb1
287,35,Pat Miletich vs. Shonie Carter,http://ufcstats.com/fight-details/b7419e18d9461277
286,35,Caol Uno vs. Fabiano Iha,http://ufcstats.com/fight-details/6314e63003745e80
285,35,Vladimir Matyushenko vs. Yuki Kondo,http://ufcstats.com/fight-details/6afdefcb6728467e
284,35,Ricco Rodriguez vs. Andrei Arlovski,http://ufcstats.com/fight-details/c9d2abc25651a1a7
283,35,Tony DeSouza vs. Paul Rodriguez,http://ufcstats.com/fight-details/085d6ea4d12917a2
282,34,Randy Couture vs. Pedro Rizzo,http://ufcstats.com/fight-details/6f62436ae042009b
281,34,Carlos Newton vs. Pat Miletich,http://ufcstats.com/fight-details/34ab72077963ee74
280,34,Chuck Liddell vs. Kevin Randleman,http://ufcstats.com/fight-details/c0be83e56601e7ce
279,34,Shonie Carter vs. Matt Serra,http://ufcstats.com/fight-details/0434a68809885ea1
278,34,Semmy Schilt vs. Pete Williams,http://ufcstats.com/fight-details/7a018ddd9239e45f
277,34,Matt Lindland vs. Ricardo Almeida,http://ufcstats.com/fight-details/ef99fb08c6b06963
276,34,BJ Penn vs. Joey Gilbert,http://ufcstats.com/fight-details/97a4b37cee48ea0b
275,34,Tony DeSouza vs. Steve Berger,http://ufcstats.com/fight-details/49693a06fc1d8906
274,33,Tito Ortiz vs. Evan Tanner,http://ufcstats.com/fight-details/f8820294bbe01486
273,33,Jens Pulver vs. Caol Uno,http://ufcstats.com/fight-details/a38ec65ac140fcf8
272,33,Fabiano Iha vs. Phil Johns,http://ufcstats.com/fight-details/74d0da1f9df17b9e
271,33,Elvis Sinosic vs. Jeremy Horn,http://ufcstats.com/fight-details/4a1f37200bc69376
270,33,Pedro Rizzo vs. Josh Barnett,http://ufcstats.com/fight-details/75a401066ad784f6
269,33,Bobby Hoffman vs. Mark Robinson,http://ufcstats.com/fight-details/651da45cc83ce011
268,33,Phil Baroni vs. Curtis Stout,http://ufcstats.com/fight-details/a949b05c64e43131
267,33,Sean Sherk vs. Tiki Ghosn,http://ufcstats.com/fight-details/bfb468c3427faa50
266,32,Tito Ortiz vs. Yuki Kondo,http://ufcstats.com/fight-details/2783ccf179321171
265,32,Pat Miletich vs. Kenichi Yamamoto,http://ufcstats.com/fight-details/53a736ebc356cc4a
264,32,Matt Lindland vs. Yoji Anjo,http://ufcstats.com/fight-details/c39728802a8409ee
263,32,Fabiano Iha vs. Daiju Takase,http://ufcstats.com/fight-details/5a4f6ff454b1eeb8
262,32,Evan Tanner vs. Lance Gibson,http://ufcstats.com/fight-details/019eca4a900ed793
261,32,Dennis Hallman vs. Matt Hughes,http://ufcstats.com/fight-details/3c49bf20e4442a81
260,32,Chuck Liddell vs. Jeff Monson,http://ufcstats.com/fight-details/9ea4087371f7a892
259,31,Randy Couture vs. Kevin Randleman,http://ufcstats.com/fight-details/10cca6f437922b6c
258,31,Renato Sobral vs. Maurice Smith,http://ufcstats.com/fight-details/40d31c37e00d6d0b
257,31,Josh Barnett vs. Gan McGee,http://ufcstats.com/fight-details/e4df2b73dff57d3a
256,31,Andrei Arlovski vs. Aaron Brink,http://ufcstats.com/fight-details/91cef206019c119e
255,31,Jens Pulver vs. John Lewis,http://ufcstats.com/fight-details/be8e34d585be9dc7
254,31,Mark Hughes vs. Alex Stiebling,http://ufcstats.com/fight-details/b85ce7371fb18305
253,31,Ben Earwood vs. Chris Lytle,http://ufcstats.com/fight-details/4aef975838bc19ec
252,30,Pedro Rizzo vs. Dan Severn,http://ufcstats.com/fight-details/794ec0a93eca0492
251,30,Maurice Smith vs. Bobby Hoffman,http://ufcstats.com/fight-details/c5bec85a32462995
250,30,Jeremy Horn vs. Eugene Jackson,http://ufcstats.com/fight-details/3ef7c2b26af8cf22
249,30,Fabiano Iha vs. Laverne Clark,http://ufcstats.com/fight-details/0bec32c32da199ed
248,30,Yuki Kondo vs. Alexandre Dantas,http://ufcstats.com/fight-details/8a9a37d68cc428d6
247,30,Ian Freeman vs. Tedd Williams,http://ufcstats.com/fight-details/ae54f944d1ba378f
246,30,Jeff Monson vs. Tim Lajcik,http://ufcstats.com/fight-details/075dee476361e83e
245,30,Brad Gumm vs. CJ Fernandes,http://ufcstats.com/fight-details/c078544a32e18ba3
244,29,Kevin Randleman vs. Pedro Rizzo,http://ufcstats.com/fight-details/cef1b43c77e02635
243,29,Tyrone Roberts vs. David Dodd,http://ufcstats.com/fight-details/60e5b2c1bdaa203e
242,29,Pat Miletich vs. John Alessio,http://ufcstats.com/fight-details/f0b2020d11a0cf94
241,29,Amaury Bitetti vs. Alex Andrade,http://ufcstats.com/fight-details/a0dfc397caef4afe
240,29,Matt Hughes vs. Marcelo Aguiar,http://ufcstats.com/fight-details/d84f88ac792e8c53
239,29,Jens Pulver vs. Joao Roque,http://ufcstats.com/fight-details/8452f6d5a1450cfb
238,29,Ian Freeman vs. Nate Schroeder,http://ufcstats.com/fight-details/7edac7a0a2f72f28
237,29,Shonie Carter vs. Adrian Serrano,http://ufcstats.com/fight-details/85f28a8276a141b6
236,28,Tito Ortiz vs. Wanderlei Silva,http://ufcstats.com/fight-details/0adfdf8f563be462
235,28,Murilo Bustamante vs. Yoji Anjo,http://ufcstats.com/fight-details/b675fb8f413b59e4
234,28,Sanae Kikuta vs. Eugene Jackson,http://ufcstats.com/fight-details/ba8b1ed5b05a719a
233,28,Ron Waterman vs. Satoshi Honma,http://ufcstats.com/fight-details/f6066d192a16f5ff
232,28,Ikuhisa Minowa vs. Joe Slick,http://ufcstats.com/fight-details/9397493152c0669a
231,28,Laverne Clark vs. Koji Oishi,http://ufcstats.com/fight-details/cf8fe599f0b44fd5
230,27,Tedd Williams vs. Steve Judson,http://ufcstats.com/fight-details/9f2b94c46b70c6fb
229,27,Lance Gibson vs. Jermaine Andre,http://ufcstats.com/fight-details/17be6e24dafd31e0
228,27,Dave Menne vs. Fabiano Iha,http://ufcstats.com/fight-details/aca2f98ee112d137
227,27,Bob Cook vs. Tiki Ghosn,http://ufcstats.com/fight-details/22911cbd32370f6c
226,27,Jens Pulver vs. David Velasquez,http://ufcstats.com/fight-details/cf85523b0d442d35
225,27,Scott Adams vs. Ian Freeman,http://ufcstats.com/fight-details/81b0c08f7503e79a
224,27,Shonie Carter vs. Brad Gumm,http://ufcstats.com/fight-details/77f9b97f62f373b0
223,26,Kevin Randleman vs. Pete Williams,http://ufcstats.com/fight-details/2ab41c5519d0b1b9
222,26,Pedro Rizzo vs. Tsuyoshi Kohsaka,http://ufcstats.com/fight-details/c22545a5881459ac
221,26,Kenichi Yamamoto vs. Katsuhisa Fujii,http://ufcstats.com/fight-details/9c7830c91fad60d8
220,26,Joe Slick vs. Jason DeLucia,http://ufcstats.com/fight-details/2cd6330ef18210b9
219,26,Eugene Jackson vs. Keiichiro Yamamiya,http://ufcstats.com/fight-details/36c929fb1569d4b9
218,26,Kenichi Yamamoto vs. Daiju Takase,http://ufcstats.com/fight-details/a4e592c874e8233f
217,26,Katsuhisa Fujii vs. Masutatsu Yano,http://ufcstats.com/fight-details/ee1950e871aa5cc2
216,25,Frank Shamrock vs. Tito Ortiz,http://ufcstats.com/fight-details/b1134affa18449dd
215,25,Tim Lajcik vs. Ron Waterman,http://ufcstats.com/fight-details/96c247ba0eb1ac65
214,25,Jeremy Horn vs. Jason Godsey,http://ufcstats.com/fight-details/eebf672428b168b7
213,25,Brad Kohler vs. Steve Judson,http://ufcstats.com/fight-details/c57acf13de48330a
212,25,Chuck Liddell vs. Paul Jones,http://ufcstats.com/fight-details/c6ead49500c047e5
211,25,Matt Hughes vs. Valeri Ignatov,http://ufcstats.com/fight-details/d9e86958bcb15c26
210,25,John Lewis vs. Lowell Anderson,http://ufcstats.com/fight-details/968cd768ac41e6ee
209,25,Jens Pulver vs. Alfonso Alcarez,http://ufcstats.com/fight-details/a1c1e3c1e9c6cf1e
208,24,Maurice Smith vs. Marco Ruas,http://ufcstats.com/fight-details/62ac5bff3c181f50
207,24,Pat Miletich vs. Andre Pederneiras,http://ufcstats.com/fight-details/df8d4014d8206ab1
206,24,Jeremy Horn vs. Daiju Takase,http://ufcstats.com/fight-details/38e3986b7cfff608
205,24,Paul Jones vs. Flavio Luiz Moura,http://ufcstats.com/fight-details/82cf32aea3d7edf3
204,24,Tsuyoshi Kohsaka vs. Tim Lajcik,http://ufcstats.com/fight-details/3e4199f9a69bac88
203,24,Eugene Jackson vs. Royce Alger,http://ufcstats.com/fight-details/693e4a0bed9a1369
202,24,Andre Roberts vs. Ron Waterman,http://ufcstats.com/fight-details/c6f8541973f69080
201,24,Travis Fulton vs. David Dodd,http://ufcstats.com/fight-details/1db8bed8b4d30fb3
200,23,Bas Rutten vs. Kevin Randleman,http://ufcstats.com/fight-details/73c07530f667289f
199,23,Pedro Rizzo vs. Tra Telligman,http://ufcstats.com/fight-details/99b5010fd25911af
198,23,Pete Williams vs. Travis Fulton,http://ufcstats.com/fight-details/a3fe8217502c42a4
197,23,Wanderlei Silva vs. Tony Petarra,http://ufcstats.com/fight-details/c892b23ad8f2208b
196,23,Marcelo Mello vs. David Roberts,http://ufcstats.com/fight-details/6bb2a427004deecc
195,23,Laverne Clark vs. Fabiano Iha,http://ufcstats.com/fight-details/3a271d9d9210a818
194,23,Ron Waterman vs. Chris Condo,http://ufcstats.com/fight-details/79f9086932f21016
193,22,Tito Ortiz vs. Guy Mezger,http://ufcstats.com/fight-details/c03d0d781df4ad2a
192,22,Gary Goodridge vs. Andre Roberts,http://ufcstats.com/fight-details/28f31c3fd7afe737
191,22,Jeremy Horn vs. Chuck Liddell,http://ufcstats.com/fight-details/b26c2f616c9436fb
190,22,Kevin Randleman vs. Maurice Smith,http://ufcstats.com/fight-details/997753de17f81e3a
189,22,Evan Tanner vs. Valeri Ignatov,http://ufcstats.com/fight-details/25215e8c06d7d63f
188,22,Pete Williams vs. Jason Godsey,http://ufcstats.com/fight-details/9a38c18f00bb8b8e
187,22,Sione Latu vs. Joey Roberts,http://ufcstats.com/fight-details/03afd7b6a217aaac
186,21,Bas Rutten vs. Tsuyoshi Kohsaka,http://ufcstats.com/fight-details/3fc4d9f17be8d003
185,21,Pat Miletich vs. Jorge Patino,http://ufcstats.com/fight-details/453118d7f05be814
184,21,Pedro Rizzo vs. Mark Coleman,http://ufcstats.com/fight-details/86090172facd6cf7
183,21,Tito Ortiz vs. Jerry Bohlander,http://ufcstats.com/fight-details/6c15d41df17349c9
182,21,Mikey Burnett vs. Townsend Saunders,http://ufcstats.com/fight-details/48fccedc8889a473
181,21,Evan Tanner vs. Darrel Gholar,http://ufcstats.com/fight-details/fb8e8d1a734b6fe8
180,21,Laverne Clark vs. Frank Caracci,http://ufcstats.com/fight-details/0cf7636471fc5e45
179,20,Frank Shamrock vs. John Lober,http://ufcstats.com/fight-details/c8a04210d832a928
178,20,Vitor Belfort vs. Wanderlei Silva,http://ufcstats.com/fight-details/3261bd16c10e3014
177,20,Pedro Rizzo vs. David Abbott,http://ufcstats.com/fight-details/f85bbc760000f001
176,20,Pat Miletich vs. Mikey Burnett,http://ufcstats.com/fight-details/07423d10cc23bfeb
175,20,Tsuyoshi Kohsaka vs. Pete Williams,http://ufcstats.com/fight-details/dbdad3eb157703bc
174,20,Ebenezer Fontes Braga vs. Jeremy Horn,http://ufcstats.com/fight-details/b6de61e312dbb1db
173,20,Tulio Palhares vs. Adriano Santos,http://ufcstats.com/fight-details/35b871e0bdc1415b
172,20,Cesar Marscucci vs. Paulo Santos,http://ufcstats.com/fight-details/635fbf57001897c7
171,19,Frank Shamrock vs. Jeremy Horn,http://ufcstats.com/fight-details/1d3c1dedfba6eddc
170,19,Pete Williams vs. Mark Coleman,http://ufcstats.com/fight-details/a4d8e991ec42b048
169,19,Dan Henderson vs. Carlos Newton,http://ufcstats.com/fight-details/17526cb9fb6072ef
168,19,David Abbott vs. Hugo Duarte,http://ufcstats.com/fight-details/1e14e79a477f2357
167,19,Mike van Arsdale vs. Joe Pardo,http://ufcstats.com/fight-details/74dcccd3d2f487a1
166,19,Carlos Newton vs. Bob Gilstrap,http://ufcstats.com/fight-details/8d83354075a937f2
165,19,Dan Henderson vs. Allan Goes,http://ufcstats.com/fight-details/21aa163b80e504f9
164,19,Andre Roberts vs. Harry Moskowitz,http://ufcstats.com/fight-details/8b258bbb37f74a66
163,19,Chuck Liddell vs. Noe Hernandez,http://ufcstats.com/fight-details/ea535b46e0f69ad3
162,18,Frank Shamrock vs. Igor Zinoviev,http://ufcstats.com/fight-details/f32f823658478705
161,18,Tsuyoshi Kohsaka vs. Kimo Leopoldo,http://ufcstats.com/fight-details/b55481006297ba05
160,18,Pat Miletich vs. Chris Brennan,http://ufcstats.com/fight-details/16f25f0808db6f77
159,18,Jerry Bohlander vs. Kevin Jackson,http://ufcstats.com/fight-details/db936df21e61209e
158,18,Pat Miletich vs. Townsend Saunders,http://ufcstats.com/fight-details/43885ee6cc5ed241
157,18,Mikey Burnett vs. Eugenio Tadeu,http://ufcstats.com/fight-details/a3a328ca117184df
156,18,Chris Brennan vs. Courtney Turner,http://ufcstats.com/fight-details/4bce0ce561a65288
155,18,Laverne Clark vs. Josh Stuart,http://ufcstats.com/fight-details/b80872821bc4f6ba
154,17,Randy Couture vs. Maurice Smith,http://ufcstats.com/fight-details/748657d9ba9d7c71
153,17,Kazushi Sakuraba vs. Marcus Silveira,http://ufcstats.com/fight-details/ec1bda9a4c2aab42
152,17,Vitor Belfort vs. Joe Charles,http://ufcstats.com/fight-details/5c3542260741c6bc
151,17,Frank Shamrock vs. Kevin Jackson,http://ufcstats.com/fight-details/e0c636beed345e1d
150,17,David Abbott vs. Yoji Anjo,http://ufcstats.com/fight-details/764e492b55c0ec40
149,17,Tra Telligman vs. Brad Kohler,http://ufcstats.com/fight-details/0e0629a1503125a6
148,16,Maurice Smith vs. David Abbott,http://ufcstats.com/fight-details/b3cafb4e6e1b2ad0
147,16,Mark Kerr vs. Dwayne Cason,http://ufcstats.com/fight-details/1c1f8f281b2065e0
146,16,Randy Couture vs. Vitor Belfort,http://ufcstats.com/fight-details/b5e49b35bc25c5a9
145,16,Dave Beneteau vs. Carlos Barreto,http://ufcstats.com/fight-details/3bd789bcfb12368d
144,16,Mark Kerr vs. Greg Stott,http://ufcstats.com/fight-details/6603f1d60bfeefa9
143,16,Dwayne Cason vs. Houston Dorr,http://ufcstats.com/fight-details/da77ead135cb4f17
142,16,Alex Hunter vs. Harry Moskowitz,http://ufcstats.com/fight-details/c99e302777049f2d
141,15,Maurice Smith vs. Mark Coleman,http://ufcstats.com/fight-details/1a5171802bf3bce6
140,15,Mark Kerr vs. Dan Bobish,http://ufcstats.com/fight-details/1f561a3e35a9b48a
139,15,Kevin Jackson vs. Tony Fryklund,http://ufcstats.com/fight-details/c92596c3143db25b
138,15,Dan Bobish vs. Brian Johnston,http://ufcstats.com/fight-details/3f6c0a76407e1863
137,15,Mark Kerr vs. Moti Horenstein,http://ufcstats.com/fight-details/f44aa569b4eec404
136,15,Kevin Jackson vs. Todd Butler,http://ufcstats.com/fight-details/e0a11799d3446b87
135,15,Joe Moreira vs. Yuri Vaulin,http://ufcstats.com/fight-details/6158150558be0edf
134,15,Alex Hunter vs. Sam Fulton,http://ufcstats.com/fight-details/f373e50e2fab3d5f
133,15,Tony Fryklund vs. Donnie Chappell,http://ufcstats.com/fight-details/1586c14f26880553
132,14,Vitor Belfort vs. David Abbott,http://ufcstats.com/fight-details/0e16795e385e76a7
131,14,Randy Couture vs. Steven Graham,http://ufcstats.com/fight-details/4165dd0c39926e2f
130,14,Guy Mezger vs. Tito Ortiz,http://ufcstats.com/fight-details/86f566f142593667
129,14,Randy Couture vs. Tony Halme,http://ufcstats.com/fight-details/75d16f9eae9c6ea6
128,14,Steven Graham vs. Dmitri Stepanov,http://ufcstats.com/fight-details/e3255c742fff811c
127,14,Enson Inoue vs. Royce Alger,http://ufcstats.com/fight-details/90557b479ce1c2a7
126,14,Guy Mezger vs. Christophe Leninger,http://ufcstats.com/fight-details/45e49fe8d3d1bfb5
125,14,Jack Nilson vs. Saeed Hosseini,http://ufcstats.com/fight-details/0473ef44197be419
124,14,Tito Ortiz vs. Wes Albritton,http://ufcstats.com/fight-details/f3c33d0b7a087eaf
123,13,Mark Coleman vs. Dan Severn,http://ufcstats.com/fight-details/3e813ba25895913d
122,13,Vitor Belfort vs. Scott Ferrozzo,http://ufcstats.com/fight-details/fa347a9ac9d0558c
121,13,Jerry Bohlander vs. Nick Sanzo,http://ufcstats.com/fight-details/2963e9a4b8c10bc9
120,13,Vitor Belfort vs. Tra Telligman,http://ufcstats.com/fight-details/b28809d58f8c18fd
119,13,Scott Ferrozzo vs. Jim Mullen,http://ufcstats.com/fight-details/72e7d6d5328bc3d6
118,13,Yoshiki Takahashi vs. Wallid Ismail,http://ufcstats.com/fight-details/e45feb9866eb2da7
117,13,Jerry Bohlander vs. Rainy Martinez,http://ufcstats.com/fight-details/18af785da73b5996
116,13,Justin Martin vs. Eric Martin,http://ufcstats.com/fight-details/77bf1e37929b0d59
115,13,Nick Sanzo vs. Jackie Lee,http://ufcstats.com/fight-details/565ecefd8a37ad7e
114,12,Don Frye vs. David Abbott,http://ufcstats.com/fight-details/d595d2c36ddba8ee
113,12,David Abbott vs. Steve Nelmark,http://ufcstats.com/fight-details/c8ff8a72f3c5a825
112,12,Don Frye vs. Mark Hall,http://ufcstats.com/fight-details/f716e27b04a6fbb5
111,12,Ken Shamrock vs. Brian Johnston,http://ufcstats.com/fight-details/fa48320affd3b2b4
110,12,Kimo Leopoldo vs. Paul Varelans,http://ufcstats.com/fight-details/14e48e29fefe1b3d
109,12,David Abbott vs. Cal Worsham,http://ufcstats.com/fight-details/f84070b049bc14e6
108,12,Don Frye vs. Gary Goodridge,http://ufcstats.com/fight-details/9713ba5e92ee4f5d
107,12,Tai Bowden vs. Jack Nilson,http://ufcstats.com/fight-details/2f449bd58b3d9a99
106,12,Steve Nelmark vs. Marcus Bossett,http://ufcstats.com/fight-details/d93c8c77e1091a16
105,12,Mark Hall vs. Felix Lee Mitchell,http://ufcstats.com/fight-details/a5c90086fb65f58e
104,11,Scott Ferrozzo vs. David Abbott,http://ufcstats.com/fight-details/9f6a7aee1fce539a
103,11,Mark Coleman vs. Brian Johnston,http://ufcstats.com/fight-details/b633d9d9626239ec
102,11,Jerry Bohlander vs. Fabio Gurgel,http://ufcstats.com/fight-details/a5200c9bac3c420b
101,11,David Abbott vs. Sam Adkins,http://ufcstats.com/fight-details/398ff6015a5ba3b5
100,11,Brian Johnston vs. Reza Nasri,http://ufcstats.com/fight-details/7149494344c04258
99,11,Mark Coleman vs. Julian Sanchez,http://ufcstats.com/fight-details/b03b58b04dafa93a
98,11,Roberto Traven vs. Dave Berry,http://ufcstats.com/fight-details/3badedeb2c5533f4
97,11,Scott Ferrozzo vs. Sam Fulton,http://ufcstats.com/fight-details/c413b0abc04358c3
96,10,Mark Coleman vs. Don Frye,http://ufcstats.com/fight-details/6397fba14ce7f674
95,10,Mark Coleman vs. Gary Goodridge,http://ufcstats.com/fight-details/b71cb011942f3176
94,10,Don Frye vs. Brian Johnston,http://ufcstats.com/fight-details/ced000124f98f276
93,10,Gary Goodridge vs. John Campetella,http://ufcstats.com/fight-details/bde5589889ded1c9
92,10,Mark Coleman vs. Moti Horenstein,http://ufcstats.com/fight-details/ba65a2f56dc6a5ed
91,10,Brian Johnston vs. Scott Fiedler,http://ufcstats.com/fight-details/e4acc3bb3c3e27d1
90,10,Don Frye vs. Mark Hall,http://ufcstats.com/fight-details/de2ced807ed3eb0b
89,10,Sam Adkins vs. Felix Lee Mitchell,http://ufcstats.com/fight-details/f59b1215176636f6
88,10,Geza Kalman vs. Dieusel Berto,http://ufcstats.com/fight-details/dc6a8ec4d6c477de
87,9,Dan Severn vs. Ken Shamrock,http://ufcstats.com/fight-details/6a060498e60756af
86,9,Don Frye vs. Amaury Bitetti,http://ufcstats.com/fight-details/db845f2e28c22b4c
85,9,Mark Hall vs. Koji Kitao,http://ufcstats.com/fight-details/378ede9e541c82f9
84,9,Mark Schultz vs. Gary Goodridge,http://ufcstats.com/fight-details/ca62a52ab0bd9108
83,9,Rafael Carino vs. Matt Andersen,http://ufcstats.com/fight-details/c89017008da245be
82,9,Cal Worsham vs. Zane Frazier,http://ufcstats.com/fight-details/31fc4d5d5d1a6126
81,9,Steve Nelmark vs. Tai Bowden,http://ufcstats.com/fight-details/e92abaf81ad5949b
80,8,Don Frye vs. Gary Goodridge,http://ufcstats.com/fight-details/8d2e99599124a16f
79,8,Ken Shamrock vs. Kimo Leopoldo,http://ufcstats.com/fight-details/16b4a0b06427f1ac
78,8,Gary Goodridge vs. Jerry Bohlander,http://ufcstats.com/fight-details/f5156ca4dcd2a0e3
77,8,Don Frye vs. Sam Adkins,http://ufcstats.com/fight-details/90bce37a788afeaa
76,8,Gary Goodridge vs. Paul Herrera,http://ufcstats.com/fight-details/8312985b75241b06
75,8,Jerry Bohlander vs. Scott Ferrozzo,http://ufcstats.com/fight-details/ab7390e549e28893
74,8,Paul Varelans vs. Joe Moreira,http://ufcstats.com/fight-details/16cb0064575e2b0b
73,8,Don Frye vs. Thomas Ramirez,http://ufcstats.com/fight-details/3cf6583153078f8f
72,8,Sam Adkins vs. Keith Mielke,http://ufcstats.com/fight-details/5701dbbbfa4f8313
71,7,Dan Severn vs. Oleg Taktarov,http://ufcstats.com/fight-details/524b49a676498c6d
70,7,Oleg Taktarov vs. Marco Ruas,http://ufcstats.com/fight-details/717f3c3932279196
69,7,Dan Severn vs. David Abbott,http://ufcstats.com/fight-details/0d872527bbb3cd40
68,7,Oleg Taktarov vs. Dave Beneteau,http://ufcstats.com/fight-details/d45f9dfdb75a640f
67,7,Marco Ruas vs. Keith Hackney,http://ufcstats.com/fight-details/3e39aac3e15d75bd
66,7,Dan Severn vs. Paul Varelans,http://ufcstats.com/fight-details/8cc976ee1a123fb8
65,7,David Abbott vs. Steve Jennum,http://ufcstats.com/fight-details/6b0430e9c97afec7
64,7,Mark Hall vs. Trent Jenkins,http://ufcstats.com/fight-details/7ffcc3a72e082ace
63,7,Joe Charles vs. Scott Bessac,http://ufcstats.com/fight-details/6449a1a9a69a830c
62,6,Marco Ruas vs. Paul Varelans,http://ufcstats.com/fight-details/e7ca291dd8f5661b
61,6,Ken Shamrock vs. Oleg Taktarov,http://ufcstats.com/fight-details/3932f8e9a74f3d11
60,6,Marco Ruas vs. Remco Pardoel,http://ufcstats.com/fight-details/99d98a2d278bfa1f
59,6,Paul Varelans vs. Mark Hall,http://ufcstats.com/fight-details/62bb4ea8bf86790c
58,6,Marco Ruas vs. Larry Cureton,http://ufcstats.com/fight-details/9ebb7bba0b45d517
57,6,Remco Pardoel vs. Ryan Parker,http://ufcstats.com/fight-details/ef2ccb690dcd943f
56,6,Mark Hall vs. Harold Howard,http://ufcstats.com/fight-details/fcf632627ce40195
55,6,Paul Varelans vs. Gerry Harris,http://ufcstats.com/fight-details/869d753568a114a6
54,6,Scott Bessac vs. David Hood,http://ufcstats.com/fight-details/e9ce3a28eeb83905
53,6,Onassis Parungao vs. Francesco Maturi,http://ufcstats.com/fight-details/e4fe950846b51bdf
52,6,Joel Sutton vs. Geza Kalman,http://ufcstats.com/fight-details/4b334c9727eee450
51,5,Oleg Taktarov vs. David Abbott,http://ufcstats.com/fight-details/66c029f49d3c5da6
50,5,Ken Shamrock vs. Dan Severn,http://ufcstats.com/fight-details/d62aec55bc142346
49,5,Oleg Taktarov vs. Anthony Macias,http://ufcstats.com/fight-details/3c2c7c095c79a506
48,5,David Abbott vs. Paul Varelans,http://ufcstats.com/fight-details/43f6b0c40113d0d8
47,5,Oleg Taktarov vs. Dave Beneteau,http://ufcstats.com/fight-details/5d19fa2df1cb61a2
46,5,Patrick Smith vs. Rudyard Moncayo,http://ufcstats.com/fight-details/e2b32e1683a566af
45,5,Paul Varelans vs. Cal Worsham,http://ufcstats.com/fight-details/547295977141cbc2
44,5,David Abbott vs. John Matua,http://ufcstats.com/fight-details/88945d70ee6c6467
43,5,Anthony Macias vs. He-Man Gipson,http://ufcstats.com/fight-details/8e03db41687d9132
42,5,Joel Sutton vs. Jack McGlaughlin,http://ufcstats.com/fight-details/b297c3e938e1005e
41,4,Dan Severn vs. Dave Beneteau,http://ufcstats.com/fight-details/6ca94b35719eb300
40,4,Ken Shamrock vs. Royce Gracie,http://ufcstats.com/fight-details/db8df615610f3632
39,4,Dan Severn vs. Oleg Taktarov,http://ufcstats.com/fight-details/cbf3fc8730b4ad09
38,4,Dave Beneteau vs. Todd Medina,http://ufcstats.com/fight-details/db4c169722cf1e33
37,4,Dan Severn vs. Joe Charles,http://ufcstats.com/fight-details/2308e0da38efd4ba
36,4,Oleg Taktarov vs. Ernie Verdicia,http://ufcstats.com/fight-details/ebfe035b70080668
35,4,Todd Medina vs. Larry Cureton,http://ufcstats.com/fight-details/43c2c904e1574c59
34,4,Jon Hess vs. Andy Anderson,http://ufcstats.com/fight-details/fa3b940bd48da7e2
33,4,Guy Mezger vs. John Dowdy,http://ufcstats.com/fight-details/fa152ada833de1d4
32,4,Dave Beneteau vs. Asbel Cancio,http://ufcstats.com/fight-details/802c0e4e228996ac
31,3,Royce Gracie vs. Dan Severn,http://ufcstats.com/fight-details/f29eec19aa5c1303
30,3,Dan Severn vs. Marcus Bossett,http://ufcstats.com/fight-details/e65a23b80c869456
29,3,Royce Gracie vs. Keith Hackney,http://ufcstats.com/fight-details/9c74c2758a2c7c2e
28,3,Dan Severn vs. Anthony Macias,http://ufcstats.com/fight-details/040ecf01338dff9e
27,3,Steve Jennum vs. Melton Bowen,http://ufcstats.com/fight-details/7e7d7a488ea21f63
26,3,Keith Hackney vs. Joe Son,http://ufcstats.com/fight-details/ccccc0a22b05eac6
25,3,Royce Gracie vs. Ron van Clief,http://ufcstats.com/fight-details/0b71ada6c9209fc9
24,3,Guy Mezger vs. Jason Fairn,http://ufcstats.com/fight-details/8f8f47a728c3127e
23,3,Marcus Bossett vs. Eldo Xavier Dias,http://ufcstats.com/fight-details/b80e6a799c95d499
22,3,Joe Charles vs. Kevin Rosier,http://ufcstats.com/fight-details/a1db4c917777aa79
21,2,Steve Jennum vs. Harold Howard,http://ufcstats.com/fight-details/323f543eb8abdb36
20,2,Ken Shamrock vs. Felix Lee Mitchell,http://ufcstats.com/fight-details/5167a5aec41f8b6d
19,2,Royce Gracie vs. Kimo Leopoldo,http://ufcstats.com/fight-details/f65b000b7e450bcf
18,2,Harold Howard vs. Roland Payne,http://ufcstats.com/fight-details/ca837b002a318766
17,2,Ken Shamrock vs. Christophe Leninger,http://ufcstats.com/fight-details/56315d5ac11594a5
16,2,Keith Hackney vs. Emmanuel Yarborough,http://ufcstats.com/fight-details/8887948f0c097cd8
15,1,Royce Gracie vs. Patrick Smith,http://ufcstats.com/fight-details/00835554f95fa911
14,1,Royce Gracie vs. Remco Pardoel,http://ufcstats.com/fight-details/aa161c7159741766
13,1,Patrick Smith vs. Johnny Rhodes,http://ufcstats.com/fight-details/8fbdde20b712b8da
12,1,Royce Gracie vs. Jason DeLucia,http://ufcstats.com/fight-details/5655639baecd8f6a
11,1,Remco Pardoel vs. Orlando Wiet,http://ufcstats.com/fight-details/c4aa04781989699e
10,1,Johnny Rhodes vs. Fred Ettish,http://ufcstats.com/fight-details/b72acedda7ddc006
9,1,Patrick Smith vs. Scott Morris,http://ufcstats.com/fight-details/8ea72cf82fac07f6
8,1,Royce Gracie vs. Minoki Ichihara,http://ufcstats.com/fight-details/fcd8e8ec45eb6b9f
7,1,Jason DeLucia vs. Scott Baker,http://ufcstats.com/fight-details/c53325be8ce33b8b
6,1,Remco Pardoel vs. Alberta Cerra Leon,http://ufcstats.com/fight-details/17ee4caf06981b81
5,1,Orlando Wiet vs. Robert Lucarelli,http://ufcstats.com/fight-details/3b020d4914b44fc8
4,1,Frank Hamaker vs. Thaddeus Luster,http://ufcstats.com/fight-details/d917c8c7461b9831
3,1,Johnny Rhodes vs. David Levicki,http://ufcstats.com/fight-details/ccee020be2e8d9f6
2,1,Patrick Smith vs. Ray Wizard,http://ufcstats.com/fight-details/4b9ae533ccb3fcdf
1,1,Scott Morris vs. Sean Daugherty,http://ufcstats.com/fight-details/4acab67848e78327
